{
  "ajId": "26efa9d6-9841-4603-91e9-e74c5a843220",
  "ajName": "沈丹过失致人死亡罪一案",
  "ajjbqk": " 公诉机关指控：2013年11月7日，被告人沈丹在自己家中，与丈夫争吵后，用己买来的汽油浇在身上称要自杀，后不小心引燃身上汽油，造成其四岁儿子张志豪烧伤，经医院抢救无效张志豪于11月10日死亡。 经金华市公安局法医鉴定，被害人张志豪系因大面积烧伤而死亡。 针对上述指控，公诉机关向本院提交了被告人沈丹的供述；证人张秋生、张永红、倪竹花等人的证言；侦破经过；现场勘查笔录及照片；法医学尸体检验意见书等相关的证据材料，公诉机关认为被告人沈丹过失致一人死亡，其行为已触犯《中华人民共和国刑法》第二百三十三条之规定，应当以过失致人死亡罪追究其刑事责任。诉请本院依法予以惩处。 被告人沈丹对起诉书指控没有异议。 被告人沈丹的辩护人吕思源提出的意见是：本案属意外事件，根据控方的证据，沈丹是在其房间内倒汽油的，且房内和沈丹身上均无引燃物，凭这两点，可以证明在房内，即便沈丹倒更多的汽油，亦不可能使汽油燃烧。因此，沈丹当时既无“疏忽大意”的“没有预见”，亦无“已经预见到”而“轻信能够避免”的任何过失。沈丹无法预知其夫的行为，如其夫来夺孩子，沈丹退到房外，继而使沈丹摔倒在厅堂地上。这些都是沈丹所不能预料和阻止的“意外”。沈丹也无法预料会在只距1.2米正在烧开水的煤炉的地方跌倒而使煤炉火星引燃汽油。根据《刑法》第十六条的规定行为人在客观上虽然造成了损害结果，但不是出于故意或者过失，而是由于不能抗拒或者不能预见的原因所引起的，不是犯罪。而本案事实就是在客观上虽然已造成沈丹之子烧死的损害后果，但这不是沈丹出于故意或过失，而是沈丹不能抗拒和不能预见其夫的行为的原因所引起，足证本案属意外事件，依法无涉本罪。 涉嫌过失致人死亡罪的指控不能成立。不符本罪的“客观方面”要件，虽然本案发生了致人死亡的结果，而本案的事实是沈丹不具有致人死亡的行为，沈丹只是实施了往自己身上倒汽油的行为。沈丹的行为与其子的死亡没有必然的因果关系，沈丹往自己身上倒汽油，即便也有一些倒在其子身上，但因为室内没有引燃物，是不可能引起汽油燃烧的。 本案如果没有下述“四个环节”，不可能发生本案，没有夫家对沈丹的欺凌，沈丹是正常人，不会向自身倒汽油。沈丹将汽油装在瓶里带回家是不会导致燃烧的，若无其夫的行为，也不可能酿成本案的；没有其夫的拉扯，沈丹不会摔倒在房外的厅堂地上；沈丹没有摔倒在厅堂中，不会使汽油产生燃烧；没有燃烧，其子不会被烧致死。致死其子的原因，不是沈丹买汽油的行为，而是沈丹之夫的行为引发了沈丹倒汽油、沈丹被拉扯出房外并倒在距煤炉1.2米的地方，燃烧着的煤炉引燃了汽油，因而造成烧伤沈丹夫妇及烧死其子的惨剧。 沈丹对其子心爱有加，本案的证人，几乎一致证明了沈丹的爱子舔犊的百倍深情的母爱。沈丹的主观认知和经验及房内无引火条件的客观环境使她根本无法预料到本案其子烧死的结果，因此，沈丹既不存在疏忽大意的过失，更不存在过于自信的过失。恳请法院依法对被告人沈丹宣告无罪。 经审理查明：被告人沈丹与张秋生系再婚夫妻，两人育有一子名叫张志豪（2009年6月28日出生），由于家庭经济条件不好，又与公婆居住一起，产生家庭矛盾，为此，两人时常争吵。2013年11月7日16时左右，被告人沈丹下班回家，骑着浙g×××××豪爵牌摩托车来到中国石化东关陶朱路加油站，拿了一个容量为1l的方型绿茶瓶子，向加油站购买了十元钱汽油，将汽油倒入绿茶瓶中，剩余的一些汽油倒入摩托车内，接着骑车回到家，将汽油瓶和随身物品带到卧室，将汽油瓶放在床下，就去找儿子张志豪，张志豪在她家养牛的地方玩饲料，张秋生在旁喂牛，被告人沈丹就把儿子抱到卧室，儿子哭起来，还想玩饲料，张秋生听到儿子哭声就走到卧室，两个人争吵起来，沈丹感到很气愤，就拿起绿茶瓶装的汽油，拧开瓶盖往自己的胸口倒，称想自杀，此时，沈丹是坐在卧室门边上一张小凳子上，将张志豪叉开腿抱着面对沈丹坐在腿上，张秋生见状就上前阻止并要把儿子抱过来，沈丹在与张秋生抢夺儿子的过程中，后退着到了堂屋，张秋生用双手抱着儿子的上半身，沈丹双手抓住儿子的腿，手上绿茶瓶不知掉到哪里，沈丹摔倒在地上（倒地位置距离堂屋一只正在烧开水的煤炉二米左右），火突然间哄地燃烧起来，张秋生和沈丹先后往外逃出，沈丹逃到外面跳进水池将自己身上的火灭掉，后用一个桶里的水把儿子身上的火灭了，后一家三人被送往金华市中心医院救治，被害人张志豪经医院抢救无效于2013年11月10日死亡。 经金华市公安司法鉴定中心法医对死者张志豪解剖检验后鉴定，被害人张志豪头面部、背部及四肢大面积烧伤，焦痂为主，会厌部及气管可见少量碳末沉积、脓痰，颅脑及胸腹脏器未见明显致命性损伤，分析认为其系因大面积烧伤而死亡。 同时也对死者张志豪尸体内提取的胃内容、食道壁上提取的擦试物等物品进行了检验，检验结果胃内容中未检出助燃剂成分，食道壁上提取的擦试物中检出汽油成分。 上述事实有以下证据予以证实： 1、被告人沈丹的户籍证明，证实被告人的身份情况。 2、被告人沈丹的供述：2013年11月7日下午4点左右，她下班回家，到东关汽车东站旁边的加油站，拿了一个绿茶的瓶子，向加油站里的人买了10元钱的93号汽油，大部分汽油都倒入绿茶的瓶子里，剩下来的一些汽油倒进摩托车的油箱里，接着就骑车回家了。到家后，她把随身的东西和装着汽油的瓶子带到卧室里放在床下，然后走出房门找正在养牛地方玩饲料的儿子张志豪，把儿子抱到房间里坐在小床边上，儿子还想玩饲料，就哭起来了，老公张秋生听到儿子哭起来以后就走到卧室骂她，他们两个人就吵起来了，吵了好几分钟，她感觉很气愤，想死掉算了，就拿买回来的汽油往自己胸口倒。当时她坐在小凳子上，儿子是叉开双腿坐在她的腿上，老公张秋生看到她倒汽油以后就过来抢她手中的绿茶瓶子，她从凳子上站起来，用左手抱着儿子，儿子双手抱着她的脖子，在抢的过程中汽油有倒到了儿子身上，倒在背部的位置。争抢中，他们来到卧室门口，丈夫张秋生抱着儿子的上半身，她双手抓住儿子的腿，当时绿茶瓶去哪里了她没有注意到。接着她摔倒在地上，但是手还是抓着儿子的腿，头在卧室门口位置，脚在堂屋里，离煤炉是有点近的，火就突然间哄的烧起来了，三个人都烧起来了。火烧起来后，她眼睛就看不到了，她凭感觉跑到房子外面，丈夫张秋生跑在她前面，她自己先跳进用彩条布制成的水池，把自己身上的火灭掉，之后直接跑进屋子，用一个红色桶里的水把儿子身上的火灭掉，但是儿子身上的火继续烧，看到旁边一个铁桶里的水，就用那个水把儿子身上的火给灭了。火应该是煤炉的火星引燃的，当时煤炉是正在烧水的。买汽油是想吓唬老公的，因为出事之前每天都在那里骂，案发时她没有携带点火的东西。 3、证人张秋生的证言：2013年11月7日下午16时20分左右，他从幼儿园把儿子张志豪接回家里，就去牛棚喂养奶牛，儿子在一边玩饲料。妻子沈丹骑车回来后把儿子从饲料缸旁边抱走，抱到卧室里，他听到儿子喊了几声“爸爸”，就跑过去，看到沈丹拿着一个绿茶瓶把液体往儿子嘴巴附近、脖子的位置倒去，倒的时候他闻到一股汽油味，知道绿茶瓶子里装的是汽油，他就去抢儿子，抢的过程中来到卧室门口堂屋里，当时堂屋里有一个正在烧开水的煤炉，他突然感觉火“哄”的一下就烧起来了，三个人身上都着起来。烧起来后，他就叫起来喊“救命”，到房子外面报警和叫120。 4、证人张永红（里央田村村书记）的证言，证实2013年11月7日17时02分左右，他接到村民电话得知张秋生小孩被汽油烧了，就开车赶去张秋生家，途中报了警，赶到现场后，看到张秋生站在家门口哭，双手都被烧伤褪皮了，脸上也被烧伤了头发也烧焦了，张秋生的老婆沈丹抱着小孩坐在家门口哭，沈丹脸上被烧伤了，裤腿也烧没了，头发也烧焦了，小孩子是叫张志豪的，整个人烧的漆黑，浑身都烧伤了，在那里大哭。然后他走到张秋生的家里，在大门正对面的客厅里，看见地上一片漆黑，有烧焦的裤子，还闻到一股汽油味，后他出来就叫人保护现场等110、120过来了。 5、证人吕芙娟的证言：张秋生家离她家不远，2013年11月7日下午4点50分许，她在家里烧菜，听见外面有人喊“救命”，就走出去看到张秋生在喊救命，他家房顶还冒着烟，她跑到张秋生家养牛房子门口的时候，看见张秋生的老婆（沈丹）、儿子（张志豪）在养牛的房子里哭，他们三个人脸上都漆黑的，张秋生的衣服裤子都还好，没有明显被烧过的痕迹，脸上没有明显的破皮流血的样子，他右手烧伤了，右手背上的皮挂下来，头上的头发也烧掉了一些，沈丹的衣服已经烧的一塌糊涂了，头发很多都烧掉了，脸上都烧伤了，脸上的皮都挂下来了，张志豪伤势最严重，衣服裤子都烧的一塌糊涂，整个人都焦黑焦黑了，头发都烧掉了，当时他们三个人神智都还清醒的，都还会走路的。她打电话给村书记张永红，然后走进张秋生家，发现张秋生家客厅里有一只煤饼炉，炉上还有一个开水壶，她怀疑在烧的煤饼炉把汽油点燃了。她走出去问沈丹火怎么着的，沈丹说也不知道，抱着儿子在哭。 6、证人张芯的证言、辨认笔录，中国石化东关陶朱路加油站的监控视频，证实2013年11月7日下午4点左右，被告人沈丹到加油站拿着绿色的绿茶瓶子要加油，她跟沈丹说不好加到绿茶瓶子里，沈丹说一辆车子停在半路没油了，她跟沈丹说要么把营业厅通道上的铁桶拿过来，加到铁桶里，再到本子上登记一下，后来就给沈丹加了十元钱93号汽油到铁桶，沈丹就把铁桶拿到厕所旁边往绿茶瓶子灌汽油，之后沈丹将铁桶里剩余的汽油往自己的摩托车里面倒，当沈丹往摩托车里倒汽油的时候，有一部分汽油散在地上，她就跟沈丹说，不能这么操作的，这么操作会很危险的。 7、证人何跃君（金华市中心医院烧伤科医生）的证言，证实2013年11月7日傍晚的时候，他在中心医院急诊楼的九楼的办公室，楼下急诊室打来电话，说刚刚收来一个小孩烧伤的，他就马上赶下去看了，他到了急诊室里面的时候，护士在给小孩打针补液，他看到小孩头面部、颈部、双上肢、双下肢都已经烧伤了，头上已经没有头发了，耳朵都烧小了，眼睛已经睁不开了，嘴巴烧得翘起来了，手上腿上表皮都已经烧掉了，小孩身上穿羊毛线衣，腿上裤子没有穿，可能被其他人脱掉了，当时小孩身上衣服很湿的，他一闻就一股汽油味，后来衣服也被护士剪掉了，小孩当时还在那里哭，哭了十几分钟就不哭了。他问小孩母亲是怎么回事，小孩母亲说是汽油不小心碰到煤炉烧起来了。 8、金华市公安司法鉴定中心金公司鉴（化）字（2013）3835号物证检验报告，证实法医对死者张志豪尸体内提取的胃内容、食道壁上提取的擦试物等物品进行检验，胃内容中未检出助燃剂成分，食道壁上提取的擦试物中检出汽油成分。 9、金华市公安司法鉴定中心金公司鉴（尸）字（2013）306号尸体检验意见书及死者张志豪的照片等，证实法医对死者张志豪尸体进行检验后所见，张志豪头面部、背部及四肢大面积烧伤，焦痂为主，会厌部及气管可见碳末沉积、脓痰，颅脑及胸腹腔脏器未见明显致命性损伤，鉴定张志豪系因大面积烧伤而死亡。 10、被害人张志豪的病历记录、死亡记录等材料，记载了被害人张志豪在金华市中心医院抢救治疗无效最终死亡的情况。 11、现场勘验检查笔录及照片，证实案发现场概貌。 上述证据之间相互印证足以证实本案被告人沈丹过失致人死亡的犯罪事实，本院予以采信。 ",
  "cpfxgc": "本院认为，被告人沈丹因疏忽大意过失致一人死亡，其行为已构成过失致人死亡罪，依法应当追究其刑事责任。公诉机关指控的罪名成立，本院依法予以支持。对于辩护人提出本案属意外事件的观点，从本案的事实和证据来看，本院认为被告人沈丹的行为构成过失致人死亡罪。理由是：被告人沈丹作为一个完全刑事责任能力人，同时也是张志豪的监护人，在具有燃烧源的家庭生活区内，抱着儿子将易燃危险品汽油往身上倒，应当预见到自己的行为可能造成其和儿子的危险，其应正确选择自己的行为，以保护儿子并避免死亡结果的发生。但她在与张秋生争吵的气愤之下，没有思考，由于疏忽大意而未预见，以致儿子被火烧而死亡结果的发生，被告人沈丹的行为与张志豪的死亡结果有着必然的因果关系，是一种应当预见而没有预见到的疏忽大意的过失行为，符合过失致人死亡罪的犯罪特征，应以过失致人死亡罪予以定罪处罚。为此，该辩护意见，本院不予采纳。根据被告人沈丹的犯罪事实、情节及危害后果，依照《中华人民共和国刑法》第二百三十三条、第七十二条第一款，第七十三条第二款、第三款之规定，判决如下：",
  "pjjg": " 被告人沈丹犯过失致人死亡罪，判处有期徒刑三年，缓刑四年。缓刑考验期限，从判决确定之日起计算。 如不服本判决，可在接到判决书的第二日起十日内，通过本院或直接向浙江省金华市中级人民法院提出上诉。书面上诉的，应交上诉状正本一份，副本二份。",
  "qw": "浙江省金华市金东区人民法院 刑事判决书 （2014）金东刑初字第182号 公诉机关浙江省金华市金东区人民检察院。 被告人沈丹。因涉嫌犯过失致人死亡罪于2013年11月12日被金华市公安局金东分局监视居住，同年11月18日变更为取保候审。现在家候审。 辩护人吕思源。 金华市金东区人民检察院以金东检刑诉（2014）1086号起诉书指控被告人沈丹犯过失致人死亡罪，于2014年5月5日向本院提起公诉，本院于同日立案，并依法组成合议庭，公开开庭进行了审理。金华市金东区人民检察院指派代理检察员钱斌凯出庭支持公诉，被告人沈丹及其辩护人吕思源等到庭参加诉讼，现已审理终结。 公诉机关指控：2013年11月7日，被告人沈丹在自己家中，与丈夫争吵后，用己买来的汽油浇在身上称要自杀，后不小心引燃身上汽油，造成其四岁儿子张志豪烧伤，经医院抢救无效张志豪于11月10日死亡。 经金华市公安局法医鉴定，被害人张志豪系因大面积烧伤而死亡。 针对上述指控，公诉机关向本院提交了被告人沈丹的供述；证人张秋生、张永红、倪竹花等人的证言；侦破经过；现场勘查笔录及照片；法医学尸体检验意见书等相关的证据材料，公诉机关认为被告人沈丹过失致一人死亡，其行为已触犯《中华人民共和国刑法》第二百三十三条之规定，应当以过失致人死亡罪追究其刑事责任。诉请本院依法予以惩处。 被告人沈丹对起诉书指控没有异议。 被告人沈丹的辩护人吕思源提出的意见是：本案属意外事件，根据控方的证据，沈丹是在其房间内倒汽油的，且房内和沈丹身上均无引燃物，凭这两点，可以证明在房内，即便沈丹倒更多的汽油，亦不可能使汽油燃烧。因此，沈丹当时既无“疏忽大意”的“没有预见”，亦无“已经预见到”而“轻信能够避免”的任何过失。沈丹无法预知其夫的行为，如其夫来夺孩子，沈丹退到房外，继而使沈丹摔倒在厅堂地上。这些都是沈丹所不能预料和阻止的“意外”。沈丹也无法预料会在只距1.2米正在烧开水的煤炉的地方跌倒而使煤炉火星引燃汽油。根据《刑法》第十六条的规定行为人在客观上虽然造成了损害结果，但不是出于故意或者过失，而是由于不能抗拒或者不能预见的原因所引起的，不是犯罪。而本案事实就是在客观上虽然已造成沈丹之子烧死的损害后果，但这不是沈丹出于故意或过失，而是沈丹不能抗拒和不能预见其夫的行为的原因所引起，足证本案属意外事件，依法无涉本罪。 涉嫌过失致人死亡罪的指控不能成立。不符本罪的“客观方面”要件，虽然本案发生了致人死亡的结果，而本案的事实是沈丹不具有致人死亡的行为，沈丹只是实施了往自己身上倒汽油的行为。沈丹的行为与其子的死亡没有必然的因果关系，沈丹往自己身上倒汽油，即便也有一些倒在其子身上，但因为室内没有引燃物，是不可能引起汽油燃烧的。 本案如果没有下述“四个环节”，不可能发生本案，没有夫家对沈丹的欺凌，沈丹是正常人，不会向自身倒汽油。沈丹将汽油装在瓶里带回家是不会导致燃烧的，若无其夫的行为，也不可能酿成本案的；没有其夫的拉扯，沈丹不会摔倒在房外的厅堂地上；沈丹没有摔倒在厅堂中，不会使汽油产生燃烧；没有燃烧，其子不会被烧致死。致死其子的原因，不是沈丹买汽油的行为，而是沈丹之夫的行为引发了沈丹倒汽油、沈丹被拉扯出房外并倒在距煤炉1.2米的地方，燃烧着的煤炉引燃了汽油，因而造成烧伤沈丹夫妇及烧死其子的惨剧。 沈丹对其子心爱有加，本案的证人，几乎一致证明了沈丹的爱子舔犊的百倍深情的母爱。沈丹的主观认知和经验及房内无引火条件的客观环境使她根本无法预料到本案其子烧死的结果，因此，沈丹既不存在疏忽大意的过失，更不存在过于自信的过失。恳请法院依法对被告人沈丹宣告无罪。 经审理查明：被告人沈丹与张秋生系再婚夫妻，两人育有一子名叫张志豪（2009年6月28日出生），由于家庭经济条件不好，又与公婆居住一起，产生家庭矛盾，为此，两人时常争吵。2013年11月7日16时左右，被告人沈丹下班回家，骑着浙g×××××豪爵牌摩托车来到中国石化东关陶朱路加油站，拿了一个容量为1l的方型绿茶瓶子，向加油站购买了十元钱汽油，将汽油倒入绿茶瓶中，剩余的一些汽油倒入摩托车内，接着骑车回到家，将汽油瓶和随身物品带到卧室，将汽油瓶放在床下，就去找儿子张志豪，张志豪在她家养牛的地方玩饲料，张秋生在旁喂牛，被告人沈丹就把儿子抱到卧室，儿子哭起来，还想玩饲料，张秋生听到儿子哭声就走到卧室，两个人争吵起来，沈丹感到很气愤，就拿起绿茶瓶装的汽油，拧开瓶盖往自己的胸口倒，称想自杀，此时，沈丹是坐在卧室门边上一张小凳子上，将张志豪叉开腿抱着面对沈丹坐在腿上，张秋生见状就上前阻止并要把儿子抱过来，沈丹在与张秋生抢夺儿子的过程中，后退着到了堂屋，张秋生用双手抱着儿子的上半身，沈丹双手抓住儿子的腿，手上绿茶瓶不知掉到哪里，沈丹摔倒在地上（倒地位置距离堂屋一只正在烧开水的煤炉二米左右），火突然间哄地燃烧起来，张秋生和沈丹先后往外逃出，沈丹逃到外面跳进水池将自己身上的火灭掉，后用一个桶里的水把儿子身上的火灭了，后一家三人被送往金华市中心医院救治，被害人张志豪经医院抢救无效于2013年11月10日死亡。 经金华市公安司法鉴定中心法医对死者张志豪解剖检验后鉴定，被害人张志豪头面部、背部及四肢大面积烧伤，焦痂为主，会厌部及气管可见少量碳末沉积、脓痰，颅脑及胸腹脏器未见明显致命性损伤，分析认为其系因大面积烧伤而死亡。 同时也对死者张志豪尸体内提取的胃内容、食道壁上提取的擦试物等物品进行了检验，检验结果胃内容中未检出助燃剂成分，食道壁上提取的擦试物中检出汽油成分。 上述事实有以下证据予以证实： 1、被告人沈丹的户籍证明，证实被告人的身份情况。 2、被告人沈丹的供述：2013年11月7日下午4点左右，她下班回家，到东关汽车东站旁边的加油站，拿了一个绿茶的瓶子，向加油站里的人买了10元钱的93号汽油，大部分汽油都倒入绿茶的瓶子里，剩下来的一些汽油倒进摩托车的油箱里，接着就骑车回家了。到家后，她把随身的东西和装着汽油的瓶子带到卧室里放在床下，然后走出房门找正在养牛地方玩饲料的儿子张志豪，把儿子抱到房间里坐在小床边上，儿子还想玩饲料，就哭起来了，老公张秋生听到儿子哭起来以后就走到卧室骂她，他们两个人就吵起来了，吵了好几分钟，她感觉很气愤，想死掉算了，就拿买回来的汽油往自己胸口倒。当时她坐在小凳子上，儿子是叉开双腿坐在她的腿上，老公张秋生看到她倒汽油以后就过来抢她手中的绿茶瓶子，她从凳子上站起来，用左手抱着儿子，儿子双手抱着她的脖子，在抢的过程中汽油有倒到了儿子身上，倒在背部的位置。争抢中，他们来到卧室门口，丈夫张秋生抱着儿子的上半身，她双手抓住儿子的腿，当时绿茶瓶去哪里了她没有注意到。接着她摔倒在地上，但是手还是抓着儿子的腿，头在卧室门口位置，脚在堂屋里，离煤炉是有点近的，火就突然间哄的烧起来了，三个人都烧起来了。火烧起来后，她眼睛就看不到了，她凭感觉跑到房子外面，丈夫张秋生跑在她前面，她自己先跳进用彩条布制成的水池，把自己身上的火灭掉，之后直接跑进屋子，用一个红色桶里的水把儿子身上的火灭掉，但是儿子身上的火继续烧，看到旁边一个铁桶里的水，就用那个水把儿子身上的火给灭了。火应该是煤炉的火星引燃的，当时煤炉是正在烧水的。买汽油是想吓唬老公的，因为出事之前每天都在那里骂，案发时她没有携带点火的东西。 3、证人张秋生的证言：2013年11月7日下午16时20分左右，他从幼儿园把儿子张志豪接回家里，就去牛棚喂养奶牛，儿子在一边玩饲料。妻子沈丹骑车回来后把儿子从饲料缸旁边抱走，抱到卧室里，他听到儿子喊了几声“爸爸”，就跑过去，看到沈丹拿着一个绿茶瓶把液体往儿子嘴巴附近、脖子的位置倒去，倒的时候他闻到一股汽油味，知道绿茶瓶子里装的是汽油，他就去抢儿子，抢的过程中来到卧室门口堂屋里，当时堂屋里有一个正在烧开水的煤炉，他突然感觉火“哄”的一下就烧起来了，三个人身上都着起来。烧起来后，他就叫起来喊“救命”，到房子外面报警和叫120。 4、证人张永红（里央田村村书记）的证言，证实2013年11月7日17时02分左右，他接到村民电话得知张秋生小孩被汽油烧了，就开车赶去张秋生家，途中报了警，赶到现场后，看到张秋生站在家门口哭，双手都被烧伤褪皮了，脸上也被烧伤了头发也烧焦了，张秋生的老婆沈丹抱着小孩坐在家门口哭，沈丹脸上被烧伤了，裤腿也烧没了，头发也烧焦了，小孩子是叫张志豪的，整个人烧的漆黑，浑身都烧伤了，在那里大哭。然后他走到张秋生的家里，在大门正对面的客厅里，看见地上一片漆黑，有烧焦的裤子，还闻到一股汽油味，后他出来就叫人保护现场等110、120过来了。 5、证人吕芙娟的证言：张秋生家离她家不远，2013年11月7日下午4点50分许，她在家里烧菜，听见外面有人喊“救命”，就走出去看到张秋生在喊救命，他家房顶还冒着烟，她跑到张秋生家养牛房子门口的时候，看见张秋生的老婆（沈丹）、儿子（张志豪）在养牛的房子里哭，他们三个人脸上都漆黑的，张秋生的衣服裤子都还好，没有明显被烧过的痕迹，脸上没有明显的破皮流血的样子，他右手烧伤了，右手背上的皮挂下来，头上的头发也烧掉了一些，沈丹的衣服已经烧的一塌糊涂了，头发很多都烧掉了，脸上都烧伤了，脸上的皮都挂下来了，张志豪伤势最严重，衣服裤子都烧的一塌糊涂，整个人都焦黑焦黑了，头发都烧掉了，当时他们三个人神智都还清醒的，都还会走路的。她打电话给村书记张永红，然后走进张秋生家，发现张秋生家客厅里有一只煤饼炉，炉上还有一个开水壶，她怀疑在烧的煤饼炉把汽油点燃了。她走出去问沈丹火怎么着的，沈丹说也不知道，抱着儿子在哭。 6、证人张芯的证言、辨认笔录，中国石化东关陶朱路加油站的监控视频，证实2013年11月7日下午4点左右，被告人沈丹到加油站拿着绿色的绿茶瓶子要加油，她跟沈丹说不好加到绿茶瓶子里，沈丹说一辆车子停在半路没油了，她跟沈丹说要么把营业厅通道上的铁桶拿过来，加到铁桶里，再到本子上登记一下，后来就给沈丹加了十元钱93号汽油到铁桶，沈丹就把铁桶拿到厕所旁边往绿茶瓶子灌汽油，之后沈丹将铁桶里剩余的汽油往自己的摩托车里面倒，当沈丹往摩托车里倒汽油的时候，有一部分汽油散在地上，她就跟沈丹说，不能这么操作的，这么操作会很危险的。 7、证人何跃君（金华市中心医院烧伤科医生）的证言，证实2013年11月7日傍晚的时候，他在中心医院急诊楼的九楼的办公室，楼下急诊室打来电话，说刚刚收来一个小孩烧伤的，他就马上赶下去看了，他到了急诊室里面的时候，护士在给小孩打针补液，他看到小孩头面部、颈部、双上肢、双下肢都已经烧伤了，头上已经没有头发了，耳朵都烧小了，眼睛已经睁不开了，嘴巴烧得翘起来了，手上腿上表皮都已经烧掉了，小孩身上穿羊毛线衣，腿上裤子没有穿，可能被其他人脱掉了，当时小孩身上衣服很湿的，他一闻就一股汽油味，后来衣服也被护士剪掉了，小孩当时还在那里哭，哭了十几分钟就不哭了。他问小孩母亲是怎么回事，小孩母亲说是汽油不小心碰到煤炉烧起来了。 8、金华市公安司法鉴定中心金公司鉴（化）字（2013）3835号物证检验报告，证实法医对死者张志豪尸体内提取的胃内容、食道壁上提取的擦试物等物品进行检验，胃内容中未检出助燃剂成分，食道壁上提取的擦试物中检出汽油成分。 9、金华市公安司法鉴定中心金公司鉴（尸）字（2013）306号尸体检验意见书及死者张志豪的照片等，证实法医对死者张志豪尸体进行检验后所见，张志豪头面部、背部及四肢大面积烧伤，焦痂为主，会厌部及气管可见碳末沉积、脓痰，颅脑及胸腹腔脏器未见明显致命性损伤，鉴定张志豪系因大面积烧伤而死亡。 10、被害人张志豪的病历记录、死亡记录等材料，记载了被害人张志豪在金华市中心医院抢救治疗无效最终死亡的情况。 11、现场勘验检查笔录及照片，证实案发现场概貌。 上述证据之间相互印证足以证实本案被告人沈丹过失致人死亡的犯罪事实，本院予以采信。 本院认为，被告人沈丹因疏忽大意过失致一人死亡，其行为已构成过失致人死亡罪，依法应当追究其刑事责任。公诉机关指控的罪名成立，本院依法予以支持。对于辩护人提出本案属意外事件的观点，从本案的事实和证据来看，本院认为被告人沈丹的行为构成过失致人死亡罪。理由是：被告人沈丹作为一个完全刑事责任能力人，同时也是张志豪的监护人，在具有燃烧源的家庭生活区内，抱着儿子将易燃危险品汽油往身上倒，应当预见到自己的行为可能造成其和儿子的危险，其应正确选择自己的行为，以保护儿子并避免死亡结果的发生。但她在与张秋生争吵的气愤之下，没有思考，由于疏忽大意而未预见，以致儿子被火烧而死亡结果的发生，被告人沈丹的行为与张志豪的死亡结果有着必然的因果关系，是一种应当预见而没有预见到的疏忽大意的过失行为，符合过失致人死亡罪的犯罪特征，应以过失致人死亡罪予以定罪处罚。为此，该辩护意见，本院不予采纳。根据被告人沈丹的犯罪事实、情节及危害后果，依照《中华人民共和国刑法》第二百三十三条、第七十二条第一款，第七十三条第二款、第三款之规定，判决如下： 被告人沈丹犯过失致人死亡罪，判处有期徒刑三年，缓刑四年。缓刑考验期限，从判决确定之日起计算。 如不服本判决，可在接到判决书的第二日起十日内，通过本院或直接向浙江省金华市中级人民法院提出上诉。书面上诉的，应交上诉状正本一份，副本二份。 审判长余瑾玫 人民陪审员刘法旺 人民陪审员王永芳 二〇一四年六月十九日 书记员曹阳",
  "writId": "06354dbbc14a79a71d98aaa0d89cce6b2b8",
  "writName": "沈丹过失致人死亡罪一审刑事判决书",
  "cid": 11097,
  "crime": [
    "过失致人死亡罪"
  ]
}