{
  "ajId": "fb289a10-67cf-4640-9453-941e689cb8b6",
  "ajName": "黄灿军开设赌场罪一案",
  "ajjbqk": " 经审理查明：2013年4月至6月，被告人黄灿军出于营利目的，主动找苏章潮（另案处理）获得“万泰”地下六合彩赌博网站网址，并担任该网站总代理（账号名称aaa111）利用地下六合彩组织他人进行赌博活动。被告人黄灿军先后发展了何勇（已判刑）为下级代理，发展4人为直属会员并接受投注。接受他人投注后，黄灿军再报单给上线苏章潮，从上线处获得返点佣金。其中，被告人黄灿军共收受何勇投注人民币104万元（以下币种均为人民币），与何勇通过银行转账方式结算赌资4笔，共计9万元。被告人黄灿军参与网络赌博共非法获利1万元。2013年12月4日，被告人黄灿军被公安机关抓获。到案后，被告人黄灿军如实坦白罪行，并主动向公安机关退缴尚未结转给上线的赌资30万元。 上述事实，被告人黄灿军在开庭审理过程中亦无异议，且有“万泰”网站截图、银行账户交易明细、到案情况说明、被告人户籍资料、扣押清单、手机通话记录单、辩论笔录、证人苏章潮、何勇、刘海龙、张正华的证言等相关证据材料在卷佐证，足以认定。 ",
  "cpfxgc": "本院认为，被告人黄灿军以营利为目的，利用互联网、移动通信终端收受他人投注，组织他人进行网络赌博活动，情节严重，其行为已构成开设赌场罪。公诉机关指控的事实清楚，证据确实、充分，罪名成立。本院予以支持。被告人黄灿军明知他人开设赌博网站进行赌博活动，而作为总代理参与赌博，发展下线，收受投注，系共同犯罪。在共同犯罪中，被告人黄灿军起主要作用，是主犯。被告人黄灿军系初犯，有坦白情节，且积极退缴赌资，有悔罪表现，可从轻处罚，根据其犯罪情节和悔罪表现，适用缓刑不致再危害社会，可对其宣告缓刑。 综上所述，本院依照《中华人民共和国刑法》第三百零三条第二款、第二十五条第一款、第二十六条第一款、第四款、第六十四条、第五十二条、第五十三条、第六十七条第三款、第七十二条第一款、第三款、第七十三条第二款、第三款之规定，判决如下：",
  "pjjg": " 一、被告人黄灿军犯开设赌场罪，判处有期徒刑三年，缓刑三年，并处罚金人民币三万元（缓刑考验期限，自判决确定之日起计算，罚金限判生效后十日内缴纳）。 责令被告人黄灿军自本判决书生效之日起二十日内持判决书到户籍所在地司法行政机关，接受社区矫正； 二、将被告人黄灿军向公安机关退缴的用于赌博犯罪的赌资人民币三十万元予以追缴，上缴国库。 如不服本判决，可在接到判决书的第二日起十日内，通过本院或者直接向湖南省岳阳市中级人民法院提出上诉，书面上诉的，应当提交上诉状正本一份，副本二份。",
  "qw": "湖南省岳阳市君山区人民法院 刑事判决书 （2014）君刑初字第17号 公诉机关湖南省岳阳市君山区人民检察院。 被告人黄灿军。2013年12月12日，因涉嫌犯开设赌场罪被岳阳市公安局君山分局刑事拘留，同月31日被该局取保候审。现取保候审在家。 湖南省岳阳市君山区人民检察院以君山区院公诉刑诉（2014）13号起诉书指控被告人黄灿军犯开设赌场罪，向本院提起公诉。本院于2014年4月15日受理后，依法组成合议庭，适用“被告人认罪案件”审理程序，公开开庭审理了本案。湖南省岳阳市君山区人民检察院指派代理检察员谢颖松出庭支持公诉，被告人黄灿军到庭参加诉讼。现已审理终结。 经审理查明：2013年4月至6月，被告人黄灿军出于营利目的，主动找苏章潮（另案处理）获得“万泰”地下六合彩赌博网站网址，并担任该网站总代理（账号名称aaa111）利用地下六合彩组织他人进行赌博活动。被告人黄灿军先后发展了何勇（已判刑）为下级代理，发展4人为直属会员并接受投注。接受他人投注后，黄灿军再报单给上线苏章潮，从上线处获得返点佣金。其中，被告人黄灿军共收受何勇投注人民币104万元（以下币种均为人民币），与何勇通过银行转账方式结算赌资4笔，共计9万元。被告人黄灿军参与网络赌博共非法获利1万元。2013年12月4日，被告人黄灿军被公安机关抓获。到案后，被告人黄灿军如实坦白罪行，并主动向公安机关退缴尚未结转给上线的赌资30万元。 上述事实，被告人黄灿军在开庭审理过程中亦无异议，且有“万泰”网站截图、银行账户交易明细、到案情况说明、被告人户籍资料、扣押清单、手机通话记录单、辩论笔录、证人苏章潮、何勇、刘海龙、张正华的证言等相关证据材料在卷佐证，足以认定。 本院认为，被告人黄灿军以营利为目的，利用互联网、移动通信终端收受他人投注，组织他人进行网络赌博活动，情节严重，其行为已构成开设赌场罪。公诉机关指控的事实清楚，证据确实、充分，罪名成立。本院予以支持。被告人黄灿军明知他人开设赌博网站进行赌博活动，而作为总代理参与赌博，发展下线，收受投注，系共同犯罪。在共同犯罪中，被告人黄灿军起主要作用，是主犯。被告人黄灿军系初犯，有坦白情节，且积极退缴赌资，有悔罪表现，可从轻处罚，根据其犯罪情节和悔罪表现，适用缓刑不致再危害社会，可对其宣告缓刑。 综上所述，本院依照《中华人民共和国刑法》第三百零三条第二款、第二十五条第一款、第二十六条第一款、第四款、第六十四条、第五十二条、第五十三条、第六十七条第三款、第七十二条第一款、第三款、第七十三条第二款、第三款之规定，判决如下： 一、被告人黄灿军犯开设赌场罪，判处有期徒刑三年，缓刑三年，并处罚金人民币三万元（缓刑考验期限，自判决确定之日起计算，罚金限判生效后十日内缴纳）。 责令被告人黄灿军自本判决书生效之日起二十日内持判决书到户籍所在地司法行政机关，接受社区矫正； 二、将被告人黄灿军向公安机关退缴的用于赌博犯罪的赌资人民币三十万元予以追缴，上缴国库。 如不服本判决，可在接到判决书的第二日起十日内，通过本院或者直接向湖南省岳阳市中级人民法院提出上诉，书面上诉的，应当提交上诉状正本一份，副本二份。 审判长王文君 审判员曾玲玲 人民陪审员魏国军 二〇一四年五月二十八日 书记员周锋 附相关法律条文 第三百零三条第二款“开设赌场的，处三年以下有期徒刑、拘役或者管制，并处罚金；情节严重的，处三年以上十年以下有期徒刑，并处罚金。 第二十五条第一款共同犯罪是指二人以上共同故意犯罪。 第二十六条第一款、第四款组织、领导犯罪集团进行犯罪活动的或者在共同犯罪中起主要作用的，是主犯。 对于第三款规定以外的主犯，应当按照其所参与的或者组织、指挥的全部犯罪处罚。 第五十二条判处罚金，应当根据犯罪情节决定罚金数额。 第五十三条罚金在判决指定的期限内一次或者分期缴纳。期满不缴纳的，强制缴纳。对于不能全部缴纳罚金的，人民法院在任何时候发现被执行人有可以执行的财产，应当随时追缴。如果由于遭遇不能抗拒的灾祸缴纳确实有困难的，可以酌情减少或者免除。 第六十四条犯罪分子违法所得的一切财物，应当予以追缴或者责令退赔；对被害人的合法财产，应当及时返还；违禁品和供犯罪所用的本人财物，应当予以没收。没收的财物和罚金，一律上缴国库，不得挪用和自行处理。 第六十七条第三款犯罪嫌疑人虽不具有前两款规定的自首情节，但是如实供述自己罪行的，可以从轻处罚；因其如实供述自己罪行，避免特别严重后果发生的，可以减轻处罚。 第七十二条第一款、第三款对于被判处拘役、三年以下有期徒刑的犯罪分子，同时符合下列条件的，可以宣告缓刑，对其中不满十八周岁的人、怀孕的妇女和已满七十五周岁的人，应当宣告缓刑： （一）犯罪情节较轻； （二）有悔罪表现； （三）没有再犯罪的危险； （四）宣告缓刑对所居住社区没有重大不良影响。 被宣告缓刑的犯罪分子，如果被判处附加刑，附加刑仍须执行。 第七十三条第二款、第三款有期徒刑的缓刑考验期限为原判刑期以上五年以下，但是不能少于一年。 缓刑考验期限，从判决确定之日起计算。",
  "writId": "064008a9ebacb383cd9ab1fec111b7094bf",
  "writName": "黄灿军开设赌场罪一审刑事判决书",
  "cid": 12935,
  "crime": [
    "开设赌场罪"
  ]
}