{
  "ajId": "3c7ed898-836c-495f-91ae-58c3b408526c",
  "ajName": "黄高团走私、贩卖、运输、制造毒品一案",
  "ajjbqk": " 广西壮族自治区崇左市人民检察院指控：2017年5月24日，被告人黄高团驾驶一辆车牌号为桂A×××××的黑色越野车携带毒品从广西凭祥市运往崇左市，途经崇左市江州区卜寨村卜寨屯加油站附近路段时被公安民警当场查获。公安民警在该车副驾驶座位脚垫处的一个黄色纸袋内查获7块可疑毒品。经称量，7块可疑毒品总净重2450.8克。经鉴定，从所送的7份检材中均检出海洛因，含量从68％至74.6％不等。 对指控的事实，公诉机关出示了物证，书证，证人证言，被告人供述和辩解，鉴定意见，勘验、检查、辨认笔录，视听资料等证据。公诉机关认为，被告人黄高团的行为已触犯《中华人民共和国刑法》第三百四十七条第二款第（一）项的规定，犯罪事实清楚，证据确实、充分，应当以运输毒品罪追究其被告人刑事责任。提请本院依法判处。 被告人黄高团对指控的犯罪事实没有意见，辩称是在不知道是毒品的情况下，被阿猫逼去拉毒品，认为不构成运输毒品罪，构成过失罪。 辩护人对指控的事实和罪名没有异议，提出：1、被告人受他人雇佣运输毒品；2、被告人到案后对事实如实供述，其辩解不明知是毒品，是其个人认知问题，不能因些否认其如实供述，可以从轻处罚；3、被告人是初犯，毒品没有流入社会。综上建议给予从轻处罚。 被告人及其辩护人均没有证据向法庭提交。 经审理查明，2017年5月24日，被告人黄高团驾驶他人的一辆车牌号为桂A×××××的黑色越野车携带毒品从广西凭祥市运往崇左市，途经崇左市江州区卜寨村卜寨屯加油站附近路段时被公安民警当场查获。公安民警在该车副驾驶座位脚垫处的一个黄色纸袋内查获7块毒品。经称量，7块毒品总净重2450.8克。经鉴定，从所送的7份检材中均检出海洛因，含量从68％至74.6％不等。 上述事实，有公诉机关提交、并经庭审举证、质证的下列证据予以证实： 1、受案登记表、立案决定书、抓获经过、受伤经过及情况说明证实，2017年5月24日9时许，侦查机关在工作中发现有一男子涉嫌运输毒品途经崇左市江州区二级公路的线索，经排查获知该男子为龙州籍并驾驶车牌号为桂A×××××的黑色越野车辆，如果侦查部门前往卜寨屯二级公路布控拦截。当日11时许，侦查人员在案发路段拦截车牌号桂A×××××的黑色越野车辆。当时侦查人员叫驾驶人黄高团熄火、开门接受检查，但黄高团没有配合，侦查人员再次警告后，黄高团才打开车门。侦查人员当场在车辆的副驾驶座位的脚垫处查获一个印有“港源行”的黄色纸袋，在纸袋内的黑色塑料袋内查获7块可疑毒品。在侦查人员对黄高团进行控制的过程中，黄高团的右眼角处与地面发生碰撞摩擦造成擦伤流血。当日，对黄高团涉嫌运输毒品案立案侦查。 2、现场勘验笔录、现场平面图、照片证实，案发现场位于崇左市江州区卜寨村卜寨屯加油站往响水方向处路段，现场停着一辆桂A×××××的黑色起亚越野车。 3、搜查笔录、扣押清单及照片、情况说明证实，公安机关依法对被告人黄高团的人身及其驾驶的桂A×××××车辆进行搜查，在车辆副驾驶脚垫处查获一个印有“港源行”字样的黄色牛皮纸袋，在该纸袋内查获两个套在一起的黑色塑料袋，在黑色塑料袋内查获7块疑似毒品海洛因；在该车手刹前面的储物格查获3部手机。在黄高团的裤子口袋内查获黑色钱包1个，内有2509.5元人民币，3张银行卡。黄高团对上述物品进行了现场指认，对上述物品依法进行扣押。 4、称量毒品笔录、提取笔录、提取清单及称量提取照片、电子称证书证实，经对查获的7块可疑毒品分别编号为1至7号进行称量，总净重，从7块可疑毒品中分别提取至不等的样品封袋送检。 5、提取笔录、检测报告书证实，经对黄高团的尿液进行检测，黄高团的氯胺酮、甲基安非他明、吗啡的尿检检测结果为阴性，不是吸毒人员。 6、崇左市公安局物证鉴定所崇公物鉴（毒品）字（2017）124号检验报告及鉴定意见通知书证实，经对本案缴获的7块疑似毒品物的样品进行检验，从所送的7份检材中均检出海洛因，含量从68％至74.6％不等，该鉴定意见已告知被告人黄高团。 7、卡口监控图片、黄高团涉嫌运输毒品案运输路线图证实，2017年5月24日，黄高团驾驶的桂A×××××车辆从凭祥出发经过龙州县再至崇左市。 8、手机客户信息、通话记录证实，从被告人黄高团处查获的手机号与其供述的“阿猫”使用的手机号均无通话记录，与黄高团的供述不符。 9、户籍证明证实，被告人黄高团出生于1972年8月2日，案发时已经达到完全刑事责任年龄。 10、汽车租车合同、机动车信息材料、发还清单证实，车牌号为桂A×××××的黑色起亚越野车车主为刘某，该车已发还车主。 11、《办案说明》证实，黄高团供述一名叫“阿猫”的越南男子，公安目前未能将“阿猫”抓获。 12、证人黄某的证言证实，2017年5月24日12时许，其在卫生院上班时接到民警电话，随即赶到江州区卜寨屯加油站往响水方向处的二级公路边对黄高团眼角处的擦伤进行包扎治疗。随后，其在现场看到公安民警对桂A×××××的黑色起亚越野车进行搜查时，从车辆副驾驶的脚垫上查获一个黄色的牛皮纸袋，里面有黑色塑料袋装着的7块长方形物品，另外还查获手机、现金、银行卡等物品。检查的过程有见证人、黄高团在场并进行同步录像。 13、证人张某的证言及辨认笔录证实，2017年5月2日，其去龙州县“兴宇”租车行承租了一辆桂A×××××的黑色起亚越野车，租期一个月，因为赌博输了“阿爷”3500元钱，就将车辆押给了“阿爷”。经过张某辨认，“阿爷”即是黄高团。 14、证人刘某的证言证实4，2017年5月2日，张某到其的租车行承租桂A×××××黑色起亚越野车。 15、被告人黄高团的供述证实，其答应帮助越南男子“阿猫”从凭祥带东西运去南友高速公路崇左收费站，会得到一万元人民币的报酬，其在凭祥市南山接到“阿猫”给其的一个黄色纸袋物品后，放在副驾驶位置的脚垫下，就按“阿猫”指示的路线，驾驶桂A×××××车辆从广西凭祥市出发，途经龙州县前往崇左，经过崇左市江州区二级公路时被侦查机关当场查获，在车辆副驾驶座位的脚垫处一个“港源行”的黄色纸袋内查获7块毒品。在车辆内查获3部手机，在其的钱包内查获人民币2509.5元。 黄高团在庭审时供述，接到货后，其为了防备阿猫，带着手套查看了袋子里的东西，发现共有7块货。 公诉机关出示的证据经庭审质证，所有证据均为依法取得，来源合法，内容客观真实，与本案具有关联性，本院予以采信。本案受案登记表、现场搜查笔录、相片、搜查笔录、扣押物品清单、毒品过称提取笔录、检验报告及鉴定意见通知书等证据，综合证实被告人黄高团运输毒品的事实。 综上，本案证据来源合法，真实有效，且证据相互印证，已形成了完整的证据链，足以认定。 本院对被告人及辩护人提出的辩解及辩护意见评判如下： 1、对被告人黄高团辩称其是在不知道是毒品的情况下，被阿猫逼去拉毒品，认为不构成运输毒品罪的意见，根据《办理毒品犯罪案件适用法律若干问题的意见》的规定，被告人为获取不同寻常的高额或不等值的报酬而携带、运输毒品，不能做出合理解释的，可以认定其应当知道是毒品，而黄高团归案后，均一直稳定的供述其从凭祥市帮“阿猫”带货到崇左市入口可以得到10000元的报酬，且其也供述为了防备“阿猫”，其带着手套检查过接取的物品，综上，足以认定其主观上明知是毒品而运输。故对其该辩解，不予采纳。 2、对辩护人提出被告人是受人雇佣的意见，经查，在案证据仅有被告人一人供述其受“阿猫”的雇佣，未有其他证据予以佐证，不足以证实该事实，故对辩护人提出的该意见，不予采纳。 ",
  "cpfxgc": "本院认为，被告人黄高团违反国家关于毒品管理的规定，明知是毒品海洛因仍然运输，其行为已触犯《中华人民共和国刑法》第三百四十七条的规定，构成运输毒品罪。公诉机关指控被告人犯罪的事实清楚，证据确实充分，指控的罪名成立。被告人黄高团归案后，如实供述犯罪事实，认罪态度好，可以从轻处罚。对辩护人提出被告人如实供述，是初犯的意见，与查明的事实相符，予以采纳。违禁品毒品与犯罪有关的手机及现金，依法予以没收，与犯罪无关的银行卡，由扣押机关依法处理。综上，根据被告人犯罪的事实、性质、情节及对社会的危害程度，依照《中华人民共和国刑法》第三百四十七条第一款、第二款第（一）项，第六十七条第三款，第五十七条第一款，第五十九条，第六十四条的规定，判决如下：",
  "pjjg": " 一、被告人黄高团犯运输毒品罪，判处无期徒刑，剥夺政治权利终身，并处没收个人全部财产； 二、被告人黄高团被扣押的手机3部，人民币2509.5元，予以没收，由扣押机关上缴国库； 三、公安机关扣押的违禁品毒品海洛因2450.8克，予以没收，由公安机关处理。 如不服本判决，可在接到判决书的第二日起十日内，通过本院或者直接向广西壮族自治区高级人民法院提出上诉，书面上诉的，应提交上诉状正本一份，副本五份。",
  "qw": "广西壮族自治区崇左市中级人民法院 刑事判决书 （2017）桂14刑初82号 公诉机关广西壮族自治区崇左市人民检察院。 被告人黄高团，男，1972年8月2日出生于广西壮族自治区龙州县，壮族，小学文化，农民，住龙州县，户籍地龙州县。因涉嫌犯运输毒品罪，于2017年5月24日被刑事拘留，同年6月6日被执行逮捕。现羁押于崇左市看守所。 指定辩护人梁志林，广西安信律师事务所律师。 广西壮族自治区崇左市人民检察院以崇检刑诉［2017］75号起诉书指控被告人黄高团犯运输毒品罪一案，于2017年10月11日向本院提起公诉。本院受理后，依法组成合议庭公开开庭审理了本案。崇左市人民检察院指派检察员胡家杨出庭支持公诉，被告人黄高团及其辩护人梁志林到庭参加诉讼。现已审理终结。 广西壮族自治区崇左市人民检察院指控：2017年5月24日，被告人黄高团驾驶一辆车牌号为桂A×××××的黑色越野车携带毒品从广西凭祥市运往崇左市，途经崇左市江州区卜寨村卜寨屯加油站附近路段时被公安民警当场查获。公安民警在该车副驾驶座位脚垫处的一个黄色纸袋内查获7块可疑毒品。经称量，7块可疑毒品总净重2450.8克。经鉴定，从所送的7份检材中均检出海洛因，含量从68％至74.6％不等。 对指控的事实，公诉机关出示了物证，书证，证人证言，被告人供述和辩解，鉴定意见，勘验、检查、辨认笔录，视听资料等证据。公诉机关认为，被告人黄高团的行为已触犯《中华人民共和国刑法》第三百四十七条第二款第（一）项的规定，犯罪事实清楚，证据确实、充分，应当以运输毒品罪追究其被告人刑事责任。提请本院依法判处。 被告人黄高团对指控的犯罪事实没有意见，辩称是在不知道是毒品的情况下，被阿猫逼去拉毒品，认为不构成运输毒品罪，构成过失罪。 辩护人对指控的事实和罪名没有异议，提出：1、被告人受他人雇佣运输毒品；2、被告人到案后对事实如实供述，其辩解不明知是毒品，是其个人认知问题，不能因些否认其如实供述，可以从轻处罚；3、被告人是初犯，毒品没有流入社会。综上建议给予从轻处罚。 被告人及其辩护人均没有证据向法庭提交。 经审理查明，2017年5月24日，被告人黄高团驾驶他人的一辆车牌号为桂A×××××的黑色越野车携带毒品从广西凭祥市运往崇左市，途经崇左市江州区卜寨村卜寨屯加油站附近路段时被公安民警当场查获。公安民警在该车副驾驶座位脚垫处的一个黄色纸袋内查获7块毒品。经称量，7块毒品总净重2450.8克。经鉴定，从所送的7份检材中均检出海洛因，含量从68％至74.6％不等。 上述事实，有公诉机关提交、并经庭审举证、质证的下列证据予以证实： 1、受案登记表、立案决定书、抓获经过、受伤经过及情况说明证实，2017年5月24日9时许，侦查机关在工作中发现有一男子涉嫌运输毒品途经崇左市江州区二级公路的线索，经排查获知该男子为龙州籍并驾驶车牌号为桂A×××××的黑色越野车辆，如果侦查部门前往卜寨屯二级公路布控拦截。当日11时许，侦查人员在案发路段拦截车牌号桂A×××××的黑色越野车辆。当时侦查人员叫驾驶人黄高团熄火、开门接受检查，但黄高团没有配合，侦查人员再次警告后，黄高团才打开车门。侦查人员当场在车辆的副驾驶座位的脚垫处查获一个印有“港源行”的黄色纸袋，在纸袋内的黑色塑料袋内查获7块可疑毒品。在侦查人员对黄高团进行控制的过程中，黄高团的右眼角处与地面发生碰撞摩擦造成擦伤流血。当日，对黄高团涉嫌运输毒品案立案侦查。 2、现场勘验笔录、现场平面图、照片证实，案发现场位于崇左市江州区卜寨村卜寨屯加油站往响水方向处路段，现场停着一辆桂A×××××的黑色起亚越野车。 3、搜查笔录、扣押清单及照片、情况说明证实，公安机关依法对被告人黄高团的人身及其驾驶的桂A×××××车辆进行搜查，在车辆副驾驶脚垫处查获一个印有“港源行”字样的黄色牛皮纸袋，在该纸袋内查获两个套在一起的黑色塑料袋，在黑色塑料袋内查获7块疑似毒品海洛因；在该车手刹前面的储物格查获3部手机。在黄高团的裤子口袋内查获黑色钱包1个，内有2509.5元人民币，3张银行卡。黄高团对上述物品进行了现场指认，对上述物品依法进行扣押。 4、称量毒品笔录、提取笔录、提取清单及称量提取照片、电子称证书证实，经对查获的7块可疑毒品分别编号为1至7号进行称量，总净重，从7块可疑毒品中分别提取至不等的样品封袋送检。 5、提取笔录、检测报告书证实，经对黄高团的尿液进行检测，黄高团的氯胺酮、甲基安非他明、吗啡的尿检检测结果为阴性，不是吸毒人员。 6、崇左市公安局物证鉴定所崇公物鉴（毒品）字（2017）124号检验报告及鉴定意见通知书证实，经对本案缴获的7块疑似毒品物的样品进行检验，从所送的7份检材中均检出海洛因，含量从68％至74.6％不等，该鉴定意见已告知被告人黄高团。 7、卡口监控图片、黄高团涉嫌运输毒品案运输路线图证实，2017年5月24日，黄高团驾驶的桂A×××××车辆从凭祥出发经过龙州县再至崇左市。 8、手机客户信息、通话记录证实，从被告人黄高团处查获的手机号与其供述的“阿猫”使用的手机号均无通话记录，与黄高团的供述不符。 9、户籍证明证实，被告人黄高团出生于1972年8月2日，案发时已经达到完全刑事责任年龄。 10、汽车租车合同、机动车信息材料、发还清单证实，车牌号为桂A×××××的黑色起亚越野车车主为刘某，该车已发还车主。 11、《办案说明》证实，黄高团供述一名叫“阿猫”的越南男子，公安目前未能将“阿猫”抓获。 12、证人黄某的证言证实，2017年5月24日12时许，其在卫生院上班时接到民警电话，随即赶到江州区卜寨屯加油站往响水方向处的二级公路边对黄高团眼角处的擦伤进行包扎治疗。随后，其在现场看到公安民警对桂A×××××的黑色起亚越野车进行搜查时，从车辆副驾驶的脚垫上查获一个黄色的牛皮纸袋，里面有黑色塑料袋装着的7块长方形物品，另外还查获手机、现金、银行卡等物品。检查的过程有见证人、黄高团在场并进行同步录像。 13、证人张某的证言及辨认笔录证实，2017年5月2日，其去龙州县“兴宇”租车行承租了一辆桂A×××××的黑色起亚越野车，租期一个月，因为赌博输了“阿爷”3500元钱，就将车辆押给了“阿爷”。经过张某辨认，“阿爷”即是黄高团。 14、证人刘某的证言证实4，2017年5月2日，张某到其的租车行承租桂A×××××黑色起亚越野车。 15、被告人黄高团的供述证实，其答应帮助越南男子“阿猫”从凭祥带东西运去南友高速公路崇左收费站，会得到一万元人民币的报酬，其在凭祥市南山接到“阿猫”给其的一个黄色纸袋物品后，放在副驾驶位置的脚垫下，就按“阿猫”指示的路线，驾驶桂A×××××车辆从广西凭祥市出发，途经龙州县前往崇左，经过崇左市江州区二级公路时被侦查机关当场查获，在车辆副驾驶座位的脚垫处一个“港源行”的黄色纸袋内查获7块毒品。在车辆内查获3部手机，在其的钱包内查获人民币2509.5元。 黄高团在庭审时供述，接到货后，其为了防备阿猫，带着手套查看了袋子里的东西，发现共有7块货。 公诉机关出示的证据经庭审质证，所有证据均为依法取得，来源合法，内容客观真实，与本案具有关联性，本院予以采信。本案受案登记表、现场搜查笔录、相片、搜查笔录、扣押物品清单、毒品过称提取笔录、检验报告及鉴定意见通知书等证据，综合证实被告人黄高团运输毒品的事实。 综上，本案证据来源合法，真实有效，且证据相互印证，已形成了完整的证据链，足以认定。 本院对被告人及辩护人提出的辩解及辩护意见评判如下： 1、对被告人黄高团辩称其是在不知道是毒品的情况下，被阿猫逼去拉毒品，认为不构成运输毒品罪的意见，根据《办理毒品犯罪案件适用法律若干问题的意见》的规定，被告人为获取不同寻常的高额或不等值的报酬而携带、运输毒品，不能做出合理解释的，可以认定其应当知道是毒品，而黄高团归案后，均一直稳定的供述其从凭祥市帮“阿猫”带货到崇左市入口可以得到10000元的报酬，且其也供述为了防备“阿猫”，其带着手套检查过接取的物品，综上，足以认定其主观上明知是毒品而运输。故对其该辩解，不予采纳。 2、对辩护人提出被告人是受人雇佣的意见，经查，在案证据仅有被告人一人供述其受“阿猫”的雇佣，未有其他证据予以佐证，不足以证实该事实，故对辩护人提出的该意见，不予采纳。 本院认为，被告人黄高团违反国家关于毒品管理的规定，明知是毒品海洛因仍然运输，其行为已触犯《中华人民共和国刑法》第三百四十七条的规定，构成运输毒品罪。公诉机关指控被告人犯罪的事实清楚，证据确实充分，指控的罪名成立。被告人黄高团归案后，如实供述犯罪事实，认罪态度好，可以从轻处罚。对辩护人提出被告人如实供述，是初犯的意见，与查明的事实相符，予以采纳。违禁品毒品与犯罪有关的手机及现金，依法予以没收，与犯罪无关的银行卡，由扣押机关依法处理。综上，根据被告人犯罪的事实、性质、情节及对社会的危害程度，依照《中华人民共和国刑法》第三百四十七条第一款、第二款第（一）项，第六十七条第三款，第五十七条第一款，第五十九条，第六十四条的规定，判决如下： 一、被告人黄高团犯运输毒品罪，判处无期徒刑，剥夺政治权利终身，并处没收个人全部财产； 二、被告人黄高团被扣押的手机3部，人民币2509.5元，予以没收，由扣押机关上缴国库； 三、公安机关扣押的违禁品毒品海洛因2450.8克，予以没收，由公安机关处理。 如不服本判决，可在接到判决书的第二日起十日内，通过本院或者直接向广西壮族自治区高级人民法院提出上诉，书面上诉的，应提交上诉状正本一份，副本五份。 审判长黄智忠 审判员叶海英 审判员李艳辉 二〇一七年十一月六日 法官助理梁媛媛 书记员温佩莉 附相关法条： 《中华人民共和国刑法》 第三百四十七条走私、贩卖、运输、制造毒品，无论数量多少，都应当追究刑事责任，予以刑事处罚。 走私、贩卖、运输、制造毒品，有下列情形之一的，处十五年有期徒刑、无期徒刑或者死刑，并处没收财产： （一）走私、贩卖、运输、制造鸦片一千克以上、海洛因或者甲基苯丙胺五十克以上或者其他毒品数量大的； 第六十七条犯罪以后自动投案，如实供述自己的罪行的，是自首。对于自首的犯罪分子，可以从轻或者减轻处罚。其中，犯罪较轻的，可以免除处罚。 被采取强制措施的犯罪嫌疑人、被告人和正在服刑的罪犯，如实供述司法机关还未掌握的本人其他罪行的，以自首论。 犯罪嫌疑人虽不具有前两款规定的自首情节，但是如实供述自己罪行的，可以从轻处罚；因其如实供述自己罪行，避免特别严重后果发生的，可以减轻处罚。 第五十七条对于被判处死刑、无期徒刑的犯罪分子，应当剥夺政治权利终身。 第五十九条没收财产是没收犯罪分子个人所有财产的一部或者全部。没收全部财产的，应当对犯罪分子个人及其扶养的家属保留必需的生活费用。 在判处没收财产的时候，不得没收属于犯罪分子家属所有或者应有的财产。 第六十四条犯罪分子违法所得的一切财物，应当予以追缴或者责令退赔；对被害人的合法财产，应当及时返还；违禁品和供犯罪所用的本人财物，应当予以没收。没收的财物和罚金，一律上缴国库，不得挪用和自行处理。",
  "writId": "063ef2879b41168ec61b3e5acc100a682ac",
  "writName": "黄高团走私、贩卖、运输、制造毒品一审刑事判决书",
  "cid": 14418,
  "crime": [
    "运输毒品罪"
  ]
}