{
  "ajId": "cdbb4cbc-f0c8-42c0-82a5-4dc4f3895708",
  "ajName": "李明鑫涉嫌故意伤害罪一案",
  "ajjbqk": " 广西壮族自治区玉林市人民检察院指控：2016年2月19日，被告人李明鑫搭乘杨某驾驶的小轿车回到阳光花园小区。17时许当李明鑫开门下车时与被害人刘某1（殁年41岁）驾驶的电动车发生碰撞，李明鑫和刘某1互相指责对方，在争吵过程中，李明鑫推了一把刘某1，刘某1用拳头朝李明鑫的嘴唇打了一拳，李明鑫随后用右手握拳朝刘某1的左脸下颚部打了一拳，致使刘某1倒地头部受伤，经送医院抢救无效于同年3月2日死亡。经法医鉴定，刘某1系颅脑严重损伤死亡。案发当日李明鑫到玉林市公安局环东派出所投案。 对起诉指控的事实，公诉机关当庭宣读和出示了接受刑事案件登记表、抓获经过、病历记录等书证及证人证言、被告人的供述与辩解、鉴定意见、勘验、辨认笔录等证据。公诉机关认为被告人李明鑫故意非法伤害他人身体，致人死亡，其行为已触犯了《中华人民共和国刑法》第二百三十四条第二款之规定，犯罪事实清楚，证据确实充分，应当以故意伤害罪追究其刑事责任。提请本院依法判处。 被告人李明鑫提出其没有殴打被害人，只是在被害人殴打其时其用手档了他一下而已。 辩护人梁玉庭提出的辩护意见是：（一）认为李明鑫的行为应定性为过失致人死亡罪。理由是：1、被告人没有伤害被害人的故意，被告人因交通事故纠纷与被害人发生争执，在被被害人击打一拳后，出于本能反应击到被害人的左下颚，被害人失去重心同时因地面潮湿站立不稳倒地致颅脑外伤而死亡，李明鑫在主观方面表现为一种疏忽大意的过失，即李明鑫主观上对自己的行为可能造成他人死亡的结果应当预见而没有预见，以致发生严重危害后果；（二）李明鑫有自首情节，且积极抢救被害人加之被害方有过错，综合上述，请求本院对李明鑫从轻处罚。 经审理查明：2016年2月19日17时30分许，被告人李明鑫搭乘由朋友杨某驾驶的小轿车回到玉林市玉州区东胜路27号阳光花园小区门口，当李明鑫从副驾驶室开门下车时，小轿车车门与驾驶电动车路过的被害人刘某1发生刮蹭，双方因赔偿问题发生争吵，继而互殴，李明鑫先推拥刘某1，后刘某1用拳头朝李明鑫的嘴唇打了一拳，李明鑫随后用力握拳朝刘某1的左脸下颚部猛打了一拳，致使刘某1倒地受伤。李明鑫随后拨打110报警和120急救电话，之后刘某1被送医院救治。公安民警到达现场后将李明鑫带回派出所协助调查。刘某1受伤后经医院经抢救无效于2016年3月2日死亡。经法医鉴定，刘某1系颅脑严重损伤死亡。 上述事实，有公诉机关提交并经法庭庭审举证、质证的下列证据予以证明： 1．接受刑事案件登记表、立案决定书证实：2016年2月19日17时51分许，玉林市公安局东环派出所接到李明鑫报警称因交通事故与刘某1发生口角，进而李明鑫用右拳把刘某1打倒在地导致刘某1后脑受伤。接着玉林市公安局玉州分局于2016年2月20日决定对本案立案侦查。 2．抓获经过、破案经过证实：2016年2月19日17时45分许，玉林市公安局东环派出所接110指令：有人在玉林市玉州区东胜路27号门口被人打伤。民警接警后立即赶到玉林市玉州区东胜路27号门口，发现有一名叫刘某1的男子躺在地板上，随后120医务人员将受伤男子送到玉林市第一人民医院抢救。民警遂将打人者李明鑫传唤回派出所调查。 3．通话记录、110接警记录单证实：李德岳手机号为189××××5381于2016年2月19日17时40分拨打120，同日17时46分拨打110。2016年2月19日17时45分玉林市公安局110报警服务台接到号码为189××××5381的报警。 4．户籍证明证实：被告人李明鑫于1989年11月12日出生，作案时已满18周岁。被害人刘某1，男，1975年8月12日出生，汉族，居民，住玉州区民主南路99号。 5．入院记录、报告、死亡证明、急救中心出诊记录证实：2016年2月19日17时39分，玉林市急救中心接到电话后出诊，经初步诊断刘联胜为重型颅脑损伤，脑疝形成。刘某1于2016年2月19日18时入院治疗，初步诊断为重度颅脑损伤。刘联胜于2016年3月2日8时57分死亡。 6．证人刘某2证言证实：2016年2月19日21时30分许，其堂弟刘某4武打电话告诉其说刘某1被人打成重伤了，现在玉林市第一人民医院抢救。其就到玉林市第一人民医院找到刘某1，医生告诉其，刘某1的大脑神经已经坏了，其听说刘某1是因为发生交通事故引发争吵打起来的。 7．证人杨某的证言证实：2016年2月19日下午5时许，其开汽车送朋友李明鑫回阳光小区李明鑫的住处，回到阳光小区门口时，李明鑫下车开门时与旁边经过的一个开电动车的男子发生碰撞，双方发生口角后，互相推拉，后见到李明鑫用右手朝中年男子的左后脑处打了一拳，该男子就仰天倒在地上，嘴角和脑后有血流出。后李明鑫打120急救电话和110报警。120急救车到达后将受伤男子送医，民警同时在现场将李明鑫带回派出所。其当时低头拿手机，没有看到李明鑫和中年男子打架的过程。当时其是看到李明鑫手是斜向上举起向对方，加上对方倒地且伤势很严重，所以觉得应该是李明鑫殴打了对方，其并没有看到他打人的过程。其认为他们是打架了，如果不是，对方不可能倒下。 辨认笔录证实，在公安机关出示的三十二张不同的照片中，其分别能辨认出被害人刘某1和被告人李明鑫。 8．证人梁某的证言证实：2016年2月19日17时40分，其在阳光小区门卫室值班时听见小区对面有两个人吵架，相互争吵几句，都说相互有理，坐电车那名男子可能坐车碰了一下坐小车的那名年轻男子，坐电车的那名男子说了几句很难听的话，年轻的那名男子忍受不了一拳就向那名坐电车的男子打去，接着那名男子就倒在地上了，当时有很多围观的群众，其在阳光小区值班室忙着管理小区的车进出，所以后面的事情其不清楚了。 9．被告人李明鑫的供述与辩解：2016年2月19日17时30分许，其朋友杨某开着车牌为桂A×××××的丰田飞度小汽车，从玉林市玉州区公务员小区载其回到玉林市玉州区东胜路27号阳光花园小区门口，车停下来的时候，其就开打开副驾驶座位上的车门，刚伸脚出车门，这时有一辆电瓶车从车尾冲上来，撞到飞度汽车的车门，其马上从车上下来，看了一下被撞的位置，只是刮花了一下，当时就有点生气的问开电瓶车的人说怎么开车的，碰到其的车了。但是对方开车的人反过来说其开门不注意，撞到他了。其当时不想理会他，就往家里的方向走去，但是对方开车的人突然的对其说了一句：“是你开门不小心撞到我的，关我什么事。”其就回头对那个开电瓶车的人说：”你撞到我的车，我没叫你赔钱都好了。”而对方回答其说：“你也撞到我了，你也要赔钱给我。”其听了之后就跟他说：“你这么拽是什么意思，你开电瓶车冲这么快过来，你想死是吗。”对方说：“想死又怎么样。”其说：“你要打架是吗。”开电瓶车的男子说：“打就打了。”说着，开电瓶车的男子就下车，双方一起靠近，其面对面就用双手推了一下他的双肩，该男子后退了半步，对方见其动手后，就用右手握拳向其的面部嘴唇打了一拳，其反应过来之后，就用右手握拳，对着开电瓶车的男子的左脸下颚部位用力就是一拳过去，该男子随着被其打了一拳，就退了半步直直的往后倒去，在倒到地上的寸候，其看到他撞到后脑了，当时他还奋力的想要站起来，刚动几下就没有动静了，杨某停好车后，下车走过来看见开电瓶车的男子倒在地上，因为他是医生就上前去救治，还叫其打120报急救，其就马上用手机拨打120叫救护车，打完120叫急救之后，其认识到其打伤人了，知道自己犯下了错误，就用其手机拔打了110报警，并说了当场的情况，打完电话之后，其就在伤者的旁边等待。先是120急救车到来之后，其跟医生说明了一下伤者的伤势情况，在伤者上了救护车前往医院之后，公安民警就将其依法口头传唤回派出所了。 辨认笔录证实，在公安机关出示的十六张不同的照片中，其能辨认出本案的被害人刘某1。 10．法医学人体损伤程度检验鉴定意见书证实，李明鑫上唇见0.3cm×0.2cm皮肤擦伤，右手背见0.2cm×0.1cm皮肤软组织挫伤。损伤程度不符合《人体损伤程度鉴定标准》条文之规定。 11．法医学尸体检验鉴定意见书、尸检照片及鉴定结论证明：死者刘某1上唇右侧见1.0cm×1.0cm挫擦伤；左某10.0cm×7.0cm出血，右，左颞骨经左顶骨至矢状缝中段见15.7cm横形骨折线，左上颞线处见l．6cm纵形分支骨折线，矢状缝中段见4.3cm骨缝分离，矢状缝中下段经右顶骨见4.6cm横形骨折线，矢状缝中下段经右顶骨至枕骨见5.2cm下斜形骨折线；枕骨右侧见5.6cm上斜形骨折线。左颞顶部硬脑膜见7.0cm×2.0cm硬脑膜破裂；右顶部见3.0cm×l．0cm硬脑膜破裂，边缘不整。剪开硬脑膜见脑组织部分溶解，顶部见6.0cm×2.0cm×0.2cm硬膜下血肿，蛛网膜下广泛出血，左大脑顶部见5.5cm×l．5cm挫裂伤，右大脑顶部见4.0cm×l．0cm挫裂伤，左大脑额叶见8.0cm×6.0cm挫伤，左侧颅前窝、颅中窝见10.0cm×9.0cm×0.4cm硬膜下血肿。分析说明：1、死因分析：死者伤后住院期间一直处于昏迷状态，尸检所见主要有头皮下广泛出血、颅骨骨折、硬脑膜破裂、硬膜下出血、脑挫裂伤、蛛网膜下出血，据此认定死者系颅脑严重损伤死亡。2、致伤工具推断：根据死者头部损伤形态特点合钝器伤（头部，突触地面可形成）。 12．生物物证鉴定书证实：（1）标记为刘某1（男，45250119750812759X）心脏血样一份（DNA卡包装）1号检材。（2）标记为刘某3（男，452501194606140938）血样一份（DNA卡包装）的2号检材。（3）标记为覃荷兰（女，452501194604217583）血样一份（DNA卡包装）的3号检材。（4）标记为李明鑫（男，450902198911128032）拳头擦拭物一份，物证袋包装的4号检材。 鉴定意见：1、所送检1、4号检材在上述基因座基因型不一致。 2、所送检1号检材在上述基因座有一半基因型可从3号检材相应基因座基因型中找到。证实：死者刘某1的基因座有一半基因型可以从其母亲覃荷兰基因座基因型中找到。 13．现场勘查笔录、现场方位示意图及现场照片证实，现场位于广西玉林市玉州区面，该处北侧系东胜园铺面，东侧系花园国际大酒店，南侧系阳光花园入口，西侧系尚悦设计。此处系一交通枢纽，车流量太。中心现场位于阳光花园小区入口北侧路面。该处放置有一个皇氏乳业的广告牌。经勘查，该处路面潮湿，无打斗痕迹。 14．现场指认笔录及现场指认照片证实，案发后，李明鑫在上述现场指认曾在指认的地点殴打过本案被害人刘某1。 对被告人李明鑫提出的辩解及辩护人提出的辩护意见，根据本案的事实、证据及相关的法律，本院综合评析如下： 1．被告人李明鑫提出其没有殴打被害人，其只是用手挡了一下被害人而已。经查，在案发当晚、案发现场，只有被害人与被告人发生争执，现场目击证人杨某证实在争吵中，李明鑫下用右手朝中年男子的左后脑处打了一拳，该男子就仰天倒在地上，嘴角和脑后有血流出。现场目击证人梁某在与被害人争吵中，打了一拳被害人致被害人倒地。该事实与李明鑫供述当时是用右手握拳，对着被害人的左脸下颚部位用力打去，被害人被其打了一拳后退了半步直直的向后倒去，倒地时其还看到被害人撞到后脑相互印证。从法医鉴定看，尸检所见被害人刘某1左某10.0cm×7.0cm出血。上述证据相互印证，证实了案发当时李明鑫殴打了一拳被害人，并致被害人倒地。李明鑫上述辩解与查明的事实不符，本院不予采纳。 2．辩护人梁玉庭提出李明鑫有自首情节。经查，被告人李明鑫归案后在初次讯问中如实供述了其打了一拳被害人，致被害人倒地主要犯罪事实，但在之后的供述中予以翻供，供述其没有殴打被害人，只是用手挡了一下被害人，避重就轻，隐瞒其打倒被害人致死的关健事实，不属“如实供述自己的罪行”，依法不能认定为自首。辩护人上述意见与法律规定不符，本院不予采纳。 3．辩护人梁玉庭提出李明鑫的行为应认定为过失致人死亡罪。经查，李明鑫与被害人发生争执后，挥拳打了一拳被害人，综合玉林市第一人民医院的病历以及法医鉴定、尸体照片看，被害人左某10.0cm×7.0cm出血，出血点大，且被害人不属特殊体质的人员，外形略显比较强健，李明鑫一拳将被害人打倒在地，证明李明鑫暴力程度比较大，主观上加害他人的犯意。李明鑫的危害行为与危害结果是“应当预见”的，并非“无法预见”。因此，公诉机关指控李明鑫的行为构成故意伤害罪有事实和法律依据，是正确的。对辩护人上述辩护意见，本院不予采纳。 ",
  "cpfxgc": "本院认为，被告人李明鑫故意伤害他人身体，致被害人刘某1死亡，其行为已触犯《中华人民共和国刑法》第二百三十四条第二款的规定，构成故意伤害罪。公诉机关指控被告人李明鑫犯故意伤害他人的犯罪事实清楚，证据确实、充分，指控罪名成立。根据被告人李明鑫的犯罪事实、性质、情节及其社会危害程度，依照《中华人民共和国刑法》第二百三十四条第二款、第五十七条第一款之规定，判决如下：",
  "pjjg": " 被告人李明鑫犯故意伤害罪，判处无期徒刑，剥夺政治权利终身。 如不服本判决，可在接到判决书的第二日起十日内，通过本院或者直接向广西壮族自治区高级人民法院提出上诉。书面上诉的，应当提交上诉状正本一份，副本五份。",
  "qw": "广西壮族自治区玉林市中级人民法院 刑事判决书 （2016）桂09刑初52号 公诉机关广西壮族自治区玉林市人民检察院。 被告人李明鑫，男，1989年11月12日出生于广西壮族自治区玉林市玉州区，汉族，大学本科文化，住玉林市玉州区。因涉嫌犯故意伤害罪，于2016年2月20日被刑事拘留，同年3月5日被逮捕，现羁押于玉林市看守所。 辩护人梁玉庭，广西胜涛律师事务所律师。 广西壮族自治区玉林市人民检察院以玉检公一刑诉（2016）49号起诉书指控被告人李明鑫犯故意伤害罪一案，于2016年10月17日向本院提起公诉。本院于同日立案。诉讼期间，被害人的近亲属刘某3、谢某提起附带民事诉讼。本院一并受理后依法组成合议庭，于2016年11月25日公开开庭合并审理了本案。广西壮族自治区玉林市人民检察院指派检察员李春、代理检察员莫朝龙出庭支持公诉，附带民事诉讼原告人刘某3、谢某及其诉讼代理人卢某，被告人李明鑫及其辩护人梁玉庭等到庭参加诉讼。期间，根据检察机关建议本院于2017年1月15日对本案延期审理，于同年2月15日根据检察机关建议恢复审理。开庭审理后，附带民事诉讼原告人刘某3、谢某于2016年12月12日向本院申请撤回民事起诉，本院于同年12月28日以（2016）桂09刑初52号之一刑事附带民事裁定书，裁定准许刘某3、谢某撤回起诉。现已审理终结。 广西壮族自治区玉林市人民检察院指控：2016年2月19日，被告人李明鑫搭乘杨某驾驶的小轿车回到阳光花园小区。17时许当李明鑫开门下车时与被害人刘某1（殁年41岁）驾驶的电动车发生碰撞，李明鑫和刘某1互相指责对方，在争吵过程中，李明鑫推了一把刘某1，刘某1用拳头朝李明鑫的嘴唇打了一拳，李明鑫随后用右手握拳朝刘某1的左脸下颚部打了一拳，致使刘某1倒地头部受伤，经送医院抢救无效于同年3月2日死亡。经法医鉴定，刘某1系颅脑严重损伤死亡。案发当日李明鑫到玉林市公安局环东派出所投案。 对起诉指控的事实，公诉机关当庭宣读和出示了接受刑事案件登记表、抓获经过、病历记录等书证及证人证言、被告人的供述与辩解、鉴定意见、勘验、辨认笔录等证据。公诉机关认为被告人李明鑫故意非法伤害他人身体，致人死亡，其行为已触犯了《中华人民共和国刑法》第二百三十四条第二款之规定，犯罪事实清楚，证据确实充分，应当以故意伤害罪追究其刑事责任。提请本院依法判处。 被告人李明鑫提出其没有殴打被害人，只是在被害人殴打其时其用手档了他一下而已。 辩护人梁玉庭提出的辩护意见是：（一）认为李明鑫的行为应定性为过失致人死亡罪。理由是：1、被告人没有伤害被害人的故意，被告人因交通事故纠纷与被害人发生争执，在被被害人击打一拳后，出于本能反应击到被害人的左下颚，被害人失去重心同时因地面潮湿站立不稳倒地致颅脑外伤而死亡，李明鑫在主观方面表现为一种疏忽大意的过失，即李明鑫主观上对自己的行为可能造成他人死亡的结果应当预见而没有预见，以致发生严重危害后果；（二）李明鑫有自首情节，且积极抢救被害人加之被害方有过错，综合上述，请求本院对李明鑫从轻处罚。 经审理查明：2016年2月19日17时30分许，被告人李明鑫搭乘由朋友杨某驾驶的小轿车回到玉林市玉州区东胜路27号阳光花园小区门口，当李明鑫从副驾驶室开门下车时，小轿车车门与驾驶电动车路过的被害人刘某1发生刮蹭，双方因赔偿问题发生争吵，继而互殴，李明鑫先推拥刘某1，后刘某1用拳头朝李明鑫的嘴唇打了一拳，李明鑫随后用力握拳朝刘某1的左脸下颚部猛打了一拳，致使刘某1倒地受伤。李明鑫随后拨打110报警和120急救电话，之后刘某1被送医院救治。公安民警到达现场后将李明鑫带回派出所协助调查。刘某1受伤后经医院经抢救无效于2016年3月2日死亡。经法医鉴定，刘某1系颅脑严重损伤死亡。 上述事实，有公诉机关提交并经法庭庭审举证、质证的下列证据予以证明： 1．接受刑事案件登记表、立案决定书证实：2016年2月19日17时51分许，玉林市公安局东环派出所接到李明鑫报警称因交通事故与刘某1发生口角，进而李明鑫用右拳把刘某1打倒在地导致刘某1后脑受伤。接着玉林市公安局玉州分局于2016年2月20日决定对本案立案侦查。 2．抓获经过、破案经过证实：2016年2月19日17时45分许，玉林市公安局东环派出所接110指令：有人在玉林市玉州区东胜路27号门口被人打伤。民警接警后立即赶到玉林市玉州区东胜路27号门口，发现有一名叫刘某1的男子躺在地板上，随后120医务人员将受伤男子送到玉林市第一人民医院抢救。民警遂将打人者李明鑫传唤回派出所调查。 3．通话记录、110接警记录单证实：李德岳手机号为189××××5381于2016年2月19日17时40分拨打120，同日17时46分拨打110。2016年2月19日17时45分玉林市公安局110报警服务台接到号码为189××××5381的报警。 4．户籍证明证实：被告人李明鑫于1989年11月12日出生，作案时已满18周岁。被害人刘某1，男，1975年8月12日出生，汉族，居民，住玉州区民主南路99号。 5．入院记录、报告、死亡证明、急救中心出诊记录证实：2016年2月19日17时39分，玉林市急救中心接到电话后出诊，经初步诊断刘联胜为重型颅脑损伤，脑疝形成。刘某1于2016年2月19日18时入院治疗，初步诊断为重度颅脑损伤。刘联胜于2016年3月2日8时57分死亡。 6．证人刘某2证言证实：2016年2月19日21时30分许，其堂弟刘某4武打电话告诉其说刘某1被人打成重伤了，现在玉林市第一人民医院抢救。其就到玉林市第一人民医院找到刘某1，医生告诉其，刘某1的大脑神经已经坏了，其听说刘某1是因为发生交通事故引发争吵打起来的。 7．证人杨某的证言证实：2016年2月19日下午5时许，其开汽车送朋友李明鑫回阳光小区李明鑫的住处，回到阳光小区门口时，李明鑫下车开门时与旁边经过的一个开电动车的男子发生碰撞，双方发生口角后，互相推拉，后见到李明鑫用右手朝中年男子的左后脑处打了一拳，该男子就仰天倒在地上，嘴角和脑后有血流出。后李明鑫打120急救电话和110报警。120急救车到达后将受伤男子送医，民警同时在现场将李明鑫带回派出所。其当时低头拿手机，没有看到李明鑫和中年男子打架的过程。当时其是看到李明鑫手是斜向上举起向对方，加上对方倒地且伤势很严重，所以觉得应该是李明鑫殴打了对方，其并没有看到他打人的过程。其认为他们是打架了，如果不是，对方不可能倒下。 辨认笔录证实，在公安机关出示的三十二张不同的照片中，其分别能辨认出被害人刘某1和被告人李明鑫。 8．证人梁某的证言证实：2016年2月19日17时40分，其在阳光小区门卫室值班时听见小区对面有两个人吵架，相互争吵几句，都说相互有理，坐电车那名男子可能坐车碰了一下坐小车的那名年轻男子，坐电车的那名男子说了几句很难听的话，年轻的那名男子忍受不了一拳就向那名坐电车的男子打去，接着那名男子就倒在地上了，当时有很多围观的群众，其在阳光小区值班室忙着管理小区的车进出，所以后面的事情其不清楚了。 9．被告人李明鑫的供述与辩解：2016年2月19日17时30分许，其朋友杨某开着车牌为桂A×××××的丰田飞度小汽车，从玉林市玉州区公务员小区载其回到玉林市玉州区东胜路27号阳光花园小区门口，车停下来的时候，其就开打开副驾驶座位上的车门，刚伸脚出车门，这时有一辆电瓶车从车尾冲上来，撞到飞度汽车的车门，其马上从车上下来，看了一下被撞的位置，只是刮花了一下，当时就有点生气的问开电瓶车的人说怎么开车的，碰到其的车了。但是对方开车的人反过来说其开门不注意，撞到他了。其当时不想理会他，就往家里的方向走去，但是对方开车的人突然的对其说了一句：“是你开门不小心撞到我的，关我什么事。”其就回头对那个开电瓶车的人说：”你撞到我的车，我没叫你赔钱都好了。”而对方回答其说：“你也撞到我了，你也要赔钱给我。”其听了之后就跟他说：“你这么拽是什么意思，你开电瓶车冲这么快过来，你想死是吗。”对方说：“想死又怎么样。”其说：“你要打架是吗。”开电瓶车的男子说：“打就打了。”说着，开电瓶车的男子就下车，双方一起靠近，其面对面就用双手推了一下他的双肩，该男子后退了半步，对方见其动手后，就用右手握拳向其的面部嘴唇打了一拳，其反应过来之后，就用右手握拳，对着开电瓶车的男子的左脸下颚部位用力就是一拳过去，该男子随着被其打了一拳，就退了半步直直的往后倒去，在倒到地上的寸候，其看到他撞到后脑了，当时他还奋力的想要站起来，刚动几下就没有动静了，杨某停好车后，下车走过来看见开电瓶车的男子倒在地上，因为他是医生就上前去救治，还叫其打120报急救，其就马上用手机拨打120叫救护车，打完120叫急救之后，其认识到其打伤人了，知道自己犯下了错误，就用其手机拔打了110报警，并说了当场的情况，打完电话之后，其就在伤者的旁边等待。先是120急救车到来之后，其跟医生说明了一下伤者的伤势情况，在伤者上了救护车前往医院之后，公安民警就将其依法口头传唤回派出所了。 辨认笔录证实，在公安机关出示的十六张不同的照片中，其能辨认出本案的被害人刘某1。 10．法医学人体损伤程度检验鉴定意见书证实，李明鑫上唇见0.3cm×0.2cm皮肤擦伤，右手背见0.2cm×0.1cm皮肤软组织挫伤。损伤程度不符合《人体损伤程度鉴定标准》条文之规定。 11．法医学尸体检验鉴定意见书、尸检照片及鉴定结论证明：死者刘某1上唇右侧见1.0cm×1.0cm挫擦伤；左某10.0cm×7.0cm出血，右，左颞骨经左顶骨至矢状缝中段见15.7cm横形骨折线，左上颞线处见l．6cm纵形分支骨折线，矢状缝中段见4.3cm骨缝分离，矢状缝中下段经右顶骨见4.6cm横形骨折线，矢状缝中下段经右顶骨至枕骨见5.2cm下斜形骨折线；枕骨右侧见5.6cm上斜形骨折线。左颞顶部硬脑膜见7.0cm×2.0cm硬脑膜破裂；右顶部见3.0cm×l．0cm硬脑膜破裂，边缘不整。剪开硬脑膜见脑组织部分溶解，顶部见6.0cm×2.0cm×0.2cm硬膜下血肿，蛛网膜下广泛出血，左大脑顶部见5.5cm×l．5cm挫裂伤，右大脑顶部见4.0cm×l．0cm挫裂伤，左大脑额叶见8.0cm×6.0cm挫伤，左侧颅前窝、颅中窝见10.0cm×9.0cm×0.4cm硬膜下血肿。分析说明：1、死因分析：死者伤后住院期间一直处于昏迷状态，尸检所见主要有头皮下广泛出血、颅骨骨折、硬脑膜破裂、硬膜下出血、脑挫裂伤、蛛网膜下出血，据此认定死者系颅脑严重损伤死亡。2、致伤工具推断：根据死者头部损伤形态特点合钝器伤（头部，突触地面可形成）。 12．生物物证鉴定书证实：（1）标记为刘某1（男，45250119750812759X）心脏血样一份（DNA卡包装）1号检材。（2）标记为刘某3（男，452501194606140938）血样一份（DNA卡包装）的2号检材。（3）标记为覃荷兰（女，452501194604217583）血样一份（DNA卡包装）的3号检材。（4）标记为李明鑫（男，450902198911128032）拳头擦拭物一份，物证袋包装的4号检材。 鉴定意见：1、所送检1、4号检材在上述基因座基因型不一致。 2、所送检1号检材在上述基因座有一半基因型可从3号检材相应基因座基因型中找到。证实：死者刘某1的基因座有一半基因型可以从其母亲覃荷兰基因座基因型中找到。 13．现场勘查笔录、现场方位示意图及现场照片证实，现场位于广西玉林市玉州区面，该处北侧系东胜园铺面，东侧系花园国际大酒店，南侧系阳光花园入口，西侧系尚悦设计。此处系一交通枢纽，车流量太。中心现场位于阳光花园小区入口北侧路面。该处放置有一个皇氏乳业的广告牌。经勘查，该处路面潮湿，无打斗痕迹。 14．现场指认笔录及现场指认照片证实，案发后，李明鑫在上述现场指认曾在指认的地点殴打过本案被害人刘某1。 对被告人李明鑫提出的辩解及辩护人提出的辩护意见，根据本案的事实、证据及相关的法律，本院综合评析如下： 1．被告人李明鑫提出其没有殴打被害人，其只是用手挡了一下被害人而已。经查，在案发当晚、案发现场，只有被害人与被告人发生争执，现场目击证人杨某证实在争吵中，李明鑫下用右手朝中年男子的左后脑处打了一拳，该男子就仰天倒在地上，嘴角和脑后有血流出。现场目击证人梁某在与被害人争吵中，打了一拳被害人致被害人倒地。该事实与李明鑫供述当时是用右手握拳，对着被害人的左脸下颚部位用力打去，被害人被其打了一拳后退了半步直直的向后倒去，倒地时其还看到被害人撞到后脑相互印证。从法医鉴定看，尸检所见被害人刘某1左某10.0cm×7.0cm出血。上述证据相互印证，证实了案发当时李明鑫殴打了一拳被害人，并致被害人倒地。李明鑫上述辩解与查明的事实不符，本院不予采纳。 2．辩护人梁玉庭提出李明鑫有自首情节。经查，被告人李明鑫归案后在初次讯问中如实供述了其打了一拳被害人，致被害人倒地主要犯罪事实，但在之后的供述中予以翻供，供述其没有殴打被害人，只是用手挡了一下被害人，避重就轻，隐瞒其打倒被害人致死的关健事实，不属“如实供述自己的罪行”，依法不能认定为自首。辩护人上述意见与法律规定不符，本院不予采纳。 3．辩护人梁玉庭提出李明鑫的行为应认定为过失致人死亡罪。经查，李明鑫与被害人发生争执后，挥拳打了一拳被害人，综合玉林市第一人民医院的病历以及法医鉴定、尸体照片看，被害人左某10.0cm×7.0cm出血，出血点大，且被害人不属特殊体质的人员，外形略显比较强健，李明鑫一拳将被害人打倒在地，证明李明鑫暴力程度比较大，主观上加害他人的犯意。李明鑫的危害行为与危害结果是“应当预见”的，并非“无法预见”。因此，公诉机关指控李明鑫的行为构成故意伤害罪有事实和法律依据，是正确的。对辩护人上述辩护意见，本院不予采纳。 本院认为，被告人李明鑫故意伤害他人身体，致被害人刘某1死亡，其行为已触犯《中华人民共和国刑法》第二百三十四条第二款的规定，构成故意伤害罪。公诉机关指控被告人李明鑫犯故意伤害他人的犯罪事实清楚，证据确实、充分，指控罪名成立。根据被告人李明鑫的犯罪事实、性质、情节及其社会危害程度，依照《中华人民共和国刑法》第二百三十四条第二款、第五十七条第一款之规定，判决如下： 被告人李明鑫犯故意伤害罪，判处无期徒刑，剥夺政治权利终身。 如不服本判决，可在接到判决书的第二日起十日内，通过本院或者直接向广西壮族自治区高级人民法院提出上诉。书面上诉的，应当提交上诉状正本一份，副本五份。 审判长王少勤 审判员罗斌 审判员姚志东 二〇一七年五月十日 书记员何丽君",
  "writId": "024a9bea7e0d7f6f74a9b1a83c87d0a6c1c",
  "writName": "李明鑫故意伤害罪一审刑事判决书",
  "cid": 24929,
  "crime": [
    "故意伤害罪"
  ]
}