{
  "ajId": "d4b7d70f-8e54-4b7f-9fa6-22963d8b325b",
  "ajName": "冷某某盗窃一案",
  "ajjbqk": " 盘锦市双台子区人民检察院指控：1、2017年9月4日10时50分许，被告人冷某某窜至盘锦市双台子区锦湖C区东门南侧的百货超市门前，将被害人段某某放在婴儿车内的苹果6Splus手机盗走。经盘锦市双台子区价格认证中心鉴定：被盗手机价值人民币3500元。 2、2017年10月4日16时许，被告人冷某某窜至盘锦市双台子区兴隆大厦二百北侧路北的10路公交车站站点，将被害人李某某双肩包内的钱包偷走时被公安民警当场抓获，被盗钱包内有人民币400元现金及余额为人民币737.9元的兴隆购物卡一张。 公诉机关认为，被告人冷某某以非法占有为目的，采用秘密窃取手段盗窃他人财物，且数额较大，其行为已触犯《中华人民共和国刑法》第二百六十四条之规定，犯罪事实清楚，证据确实、充分，应以盗窃罪追究刑事责任。 被告人冷某某对公诉机关指控的犯罪事实无异议。 经审理查明：1、2017年9月4日10时50分许，在盘锦市双台子区锦湖C区东门南侧的百货超市门前，被告人冷某某将被害人段某某放在婴儿车内的苹果6Splus手机盗走。经盘锦市双台子区价格认证中心鉴定：被盗手机价值人民币3500元。 2、2017年10月4日16时许，在盘锦市双台子区兴隆大厦二百北侧路北的10路公交车站站点，被告人冷某某将被害人李某某双肩包内的钱包偷走时被公安民警当场抓获，被盗钱包内有人民币400元现金及余额为人民币737.9元的兴隆购物卡一张。 上述事实有公诉机关提交并经庭审质证、认证的下列证据予以证明： 案件来源及抓获经过；盘公双（刑）扣字（2017）28号扣押决定书；扣押清单；盘公双扣字（2017）135号扣押决定书；扣押清单；发还物品、文件清单；住院病历；诊断书；4270091239332兴隆卡余额明细；（2015）双刑初字第第59号刑事判决书；证人高某的证言；证人牟某某的证言；证人王某某的证言；被害人段某某的陈述；被害人李某某的陈述；被告人冷某某的供述与辩解；盘双价认字（2017）81号价格认定结论书；辽精司鉴所（2017）精鉴字第227号精神疾病司法鉴定意见书；辨认笔录；双公（刑）勘（2017）525号现场勘验检查笔录；双公（刑）勘（2017）b127号现场勘验检查笔录；视频光盘。 ",
  "cpfxgc": "本院认为，被告人冷某某无视国家法律，采用秘密窃取手段盗窃财物，且数额较大，其行为侵犯了公民的财产所有权，已构成盗窃罪。公诉机关指控被告人冷某某犯盗窃罪的罪名成立。 鉴于被告人冷某某当庭自愿认罪，可酌定对其从轻处罚。被告人冷某某在刑罚执行完毕后五年内再次犯罪，系累犯。依据《中华人民共和国刑法》第二百六十四条，第六十五条第一款，第六十七条第三款，第五十二条，第五十三条之规定，判决如下，",
  "pjjg": " 被告人冷某某犯盗窃罪，判处有期徒刑六个月，并处罚金人民币五千元。 （刑期自判决执行之日起计算，判决执行以前先行羁押的，羁押一日折抵刑期一日，即从2017年10月4日起至2018年3月22日止） （罚金在判决生效三个月内一次性缴纳） 如不服本判决，可在接到判决书的第二日起十日内，通过本院或直接向辽宁省盘锦市中级人民法院提出上诉，书面上诉的，应交上诉状正本一份副本两份。",
  "qw": "盘锦市双台子区人民法院 刑事判决书 （2017）辽1102刑初169号 公诉机关盘锦市双台子区人民检察院。 被告人冷某某，2015年7月15日因妨害公务罪被盘锦市双台子区人民法院判处有期徒刑六个月。因本案于2017年9月4日被盘锦市公安局双台子分局刑事拘留，于同年9月15日被盘锦市公安局双台子分局取保候审；同年10月4日被盘锦市公安局双台子分局刑事拘留；于同年11月15日被盘锦市公安局双台子分局执行逮捕。现羁押于盘锦市看守所。 盘锦市双台子区人民检察院以双检公诉刑诉（2017）163号起诉书，指控被告人冷某某犯盗窃罪，向本院提起公诉。本院受理后，依法组成合议庭，公开开庭审理了本案。盘锦市双台子区人民检察院指派检察员邱峰、代理检察院张浩出庭支持公诉，被告人冷某某到庭参加诉讼，现已审理终结。 盘锦市双台子区人民检察院指控：1、2017年9月4日10时50分许，被告人冷某某窜至盘锦市双台子区锦湖C区东门南侧的百货超市门前，将被害人段某某放在婴儿车内的苹果6Splus手机盗走。经盘锦市双台子区价格认证中心鉴定：被盗手机价值人民币3500元。 2、2017年10月4日16时许，被告人冷某某窜至盘锦市双台子区兴隆大厦二百北侧路北的10路公交车站站点，将被害人李某某双肩包内的钱包偷走时被公安民警当场抓获，被盗钱包内有人民币400元现金及余额为人民币737.9元的兴隆购物卡一张。 公诉机关认为，被告人冷某某以非法占有为目的，采用秘密窃取手段盗窃他人财物，且数额较大，其行为已触犯《中华人民共和国刑法》第二百六十四条之规定，犯罪事实清楚，证据确实、充分，应以盗窃罪追究刑事责任。 被告人冷某某对公诉机关指控的犯罪事实无异议。 经审理查明：1、2017年9月4日10时50分许，在盘锦市双台子区锦湖C区东门南侧的百货超市门前，被告人冷某某将被害人段某某放在婴儿车内的苹果6Splus手机盗走。经盘锦市双台子区价格认证中心鉴定：被盗手机价值人民币3500元。 2、2017年10月4日16时许，在盘锦市双台子区兴隆大厦二百北侧路北的10路公交车站站点，被告人冷某某将被害人李某某双肩包内的钱包偷走时被公安民警当场抓获，被盗钱包内有人民币400元现金及余额为人民币737.9元的兴隆购物卡一张。 上述事实有公诉机关提交并经庭审质证、认证的下列证据予以证明： 案件来源及抓获经过；盘公双（刑）扣字（2017）28号扣押决定书；扣押清单；盘公双扣字（2017）135号扣押决定书；扣押清单；发还物品、文件清单；住院病历；诊断书；4270091239332兴隆卡余额明细；（2015）双刑初字第第59号刑事判决书；证人高某的证言；证人牟某某的证言；证人王某某的证言；被害人段某某的陈述；被害人李某某的陈述；被告人冷某某的供述与辩解；盘双价认字（2017）81号价格认定结论书；辽精司鉴所（2017）精鉴字第227号精神疾病司法鉴定意见书；辨认笔录；双公（刑）勘（2017）525号现场勘验检查笔录；双公（刑）勘（2017）b127号现场勘验检查笔录；视频光盘。 本院认为，被告人冷某某无视国家法律，采用秘密窃取手段盗窃财物，且数额较大，其行为侵犯了公民的财产所有权，已构成盗窃罪。公诉机关指控被告人冷某某犯盗窃罪的罪名成立。 鉴于被告人冷某某当庭自愿认罪，可酌定对其从轻处罚。被告人冷某某在刑罚执行完毕后五年内再次犯罪，系累犯。依据《中华人民共和国刑法》第二百六十四条，第六十五条第一款，第六十七条第三款，第五十二条，第五十三条之规定，判决如下， 被告人冷某某犯盗窃罪，判处有期徒刑六个月，并处罚金人民币五千元。 （刑期自判决执行之日起计算，判决执行以前先行羁押的，羁押一日折抵刑期一日，即从2017年10月4日起至2018年3月22日止） （罚金在判决生效三个月内一次性缴纳） 如不服本判决，可在接到判决书的第二日起十日内，通过本院或直接向辽宁省盘锦市中级人民法院提出上诉，书面上诉的，应交上诉状正本一份副本两份。 审判长吴刚 审判员盖士贤 人民陪审员任冬梅 二〇一七年十二月四日 书记员陈仲薇",
  "writId": "0207297d82aae8df187cf32048ee2b80f44",
  "writName": "冷某某盗窃一审刑事判决书",
  "cid": 26862,
  "crime": [
    "盗窃罪"
  ]
}