{
  "ajId": "f7c31759-5818-4fb8-95aa-d0ed7ff78bcd",
  "ajName": "土默特左旗人民检察院与张某某危险驾驶罪一案",
  "ajjbqk": " 土默特左旗人民检察院指控：2017年10月9日1时10分许，被告人张某某醉酒后驾驶×××号小型轿车沿110国道由西向东行驶至520千米＋270米处时左转弯掉头驶入相对方向车道，与相对方向行驶的董某某驾驶的×××号小型轿车发生碰撞，造成两车不同程度受损的交通事故。经呼和浩特市公安局物证鉴定所以（呼）公交（物）鉴（酒检）字［2017］2550号血液酒精含量检验报告鉴定，被告人张某某的血液酒精含量为162.59毫克／100毫升，已达到醉酒驾驶机动车的规定值。经呼和浩特市公安局物证鉴定所以（呼）公交（物）鉴（酒检）字［2017］2549号血液酒精含量检验报告鉴定，董某某的血液酒精含量为0毫克／100毫升，未饮酒。经呼和浩特市公安局交通管理支队土默特左旗大队以公交认字［2017］第00172号道路交通事故认定书认定，被告人张某某承担此次事故的全部责任，董某某无责任。事故后，被告人张某某于2017年10月13日与董某某达成赔偿协议，赔偿董某某人民币20000元。 为证实上述犯罪事实，土默特左旗人民检察院向本院提供了书证、证人证言、被告人供述、鉴定意见、勘验检查笔录等证据，同时认为被告人张某某的行为触犯了《中华人民共和国刑法》第一百三十三条之一的规定，构成危险驾驶罪，请求依法判处。 被告人张某某对土默特左旗人民检察院指控的犯罪事实和适用法律不持异议。 经审理查明，2017年10月9日1时10分许，被告人张某某醉酒后驾驶×××号小型轿车沿110国道由西向东行驶至520千米＋270米处左转弯掉头时驶入相对方向车道，与前方相对方向驶来的董某某驾驶的×××号小型轿车发生碰撞，造成两车不同程度受损的交通事故。经呼和浩特市公安局物证鉴定所以（呼）公交（物）鉴（酒检）字［2017］2550号血液酒精含量检验报告鉴定，被告人张某某的血液酒精含量为162.59毫克／100毫升。 经呼和浩特市公安局交通管理支队土默特左旗大队以公交认字［2017］第00172号道路交通事故认定书认定，被告人张某某的交通行为违反了《中华人民共和国道路交通安全法》第二十二条第二款、第三十五条规定，过错严重，承担全部责任，董某某无责任。 事故发生后，被告人张某某与董某某达成赔偿协议并进行了赔偿。 上述事实，有被告人张某某的常住人口基本信息、查获经过、驾驶证及驾驶人信息查询结果单、行驶证及机动车信息查询结果单、道路交通事故认定书、赔偿协议书等书证、呼和浩特市公安局物证鉴定所出具的血液酒精含量分析报告的鉴定意见、证人董某某的证人证言、被告人张某某的供述、现场勘查笔录及照片、车体痕迹勘验笔录等证据予以证实，被告人张某某亦无异议，足以认定。 ",
  "cpfxgc": "本院认为，被告人张某某违反交通运输管理法规，醉酒后在道路上驾驶机动车，其行为已构成危险驾驶罪，公诉机关指控被告人张某某犯危险驾驶罪的事实清楚，证据确实、充分，指控成立。被告人张某某醉酒驾驶机动车，造成交通事故且负事故的全部责任，其血液酒精含量超过140毫克／100毫升，以上均应从重处罚。被告人张某某当庭自愿认罪，从宽处罚。依照《中华人民共和国刑法》第一百三十三条之一规定，判决如下：",
  "pjjg": " 被告人张某某犯危险驾驶罪，判处拘役二个月，并处罚金人民币3000元。 （刑期从判决执行之日起计算。罚金于判决生效后立即缴纳。） 如不服本判决，可在接到判决书的第二日起十日内，通过本院或直接向呼和浩特市中级人民法院提出上诉，书面上诉的应提交上诉状正本一份，副本二份。",
  "qw": "内蒙古自治区土默特左旗人民法院 刑事判决书 （2018）内0121刑初44号 公诉机关土默特左旗人民检察院。 被告人张某某，出生于内蒙古自治区，群众，农民，住址：呼和浩特市，户籍所在地：内蒙古自治区。2017年10月27日因涉嫌危险驾驶罪由土默特左旗公安局取保候审。现取保候审。 土默特左旗人民检察院以土左检公诉刑诉（2018）42号起诉书指控被告人张某某犯危险驾驶罪，于2018年4月2日向本院提起公诉。本院依法适用简易程序，实行独任审判，于2018年4月17日公开开庭进行了审理。土默特左旗人民检察院指派检察员任树岗、代理检察员李梦阳出庭支持公诉，被告人张某某到庭参加诉讼。本案现已审理终结。 土默特左旗人民检察院指控：2017年10月9日1时10分许，被告人张某某醉酒后驾驶×××号小型轿车沿110国道由西向东行驶至520千米＋270米处时左转弯掉头驶入相对方向车道，与相对方向行驶的董某某驾驶的×××号小型轿车发生碰撞，造成两车不同程度受损的交通事故。经呼和浩特市公安局物证鉴定所以（呼）公交（物）鉴（酒检）字［2017］2550号血液酒精含量检验报告鉴定，被告人张某某的血液酒精含量为162.59毫克／100毫升，已达到醉酒驾驶机动车的规定值。经呼和浩特市公安局物证鉴定所以（呼）公交（物）鉴（酒检）字［2017］2549号血液酒精含量检验报告鉴定，董某某的血液酒精含量为0毫克／100毫升，未饮酒。经呼和浩特市公安局交通管理支队土默特左旗大队以公交认字［2017］第00172号道路交通事故认定书认定，被告人张某某承担此次事故的全部责任，董某某无责任。事故后，被告人张某某于2017年10月13日与董某某达成赔偿协议，赔偿董某某人民币20000元。 为证实上述犯罪事实，土默特左旗人民检察院向本院提供了书证、证人证言、被告人供述、鉴定意见、勘验检查笔录等证据，同时认为被告人张某某的行为触犯了《中华人民共和国刑法》第一百三十三条之一的规定，构成危险驾驶罪，请求依法判处。 被告人张某某对土默特左旗人民检察院指控的犯罪事实和适用法律不持异议。 经审理查明，2017年10月9日1时10分许，被告人张某某醉酒后驾驶×××号小型轿车沿110国道由西向东行驶至520千米＋270米处左转弯掉头时驶入相对方向车道，与前方相对方向驶来的董某某驾驶的×××号小型轿车发生碰撞，造成两车不同程度受损的交通事故。经呼和浩特市公安局物证鉴定所以（呼）公交（物）鉴（酒检）字［2017］2550号血液酒精含量检验报告鉴定，被告人张某某的血液酒精含量为162.59毫克／100毫升。 经呼和浩特市公安局交通管理支队土默特左旗大队以公交认字［2017］第00172号道路交通事故认定书认定，被告人张某某的交通行为违反了《中华人民共和国道路交通安全法》第二十二条第二款、第三十五条规定，过错严重，承担全部责任，董某某无责任。 事故发生后，被告人张某某与董某某达成赔偿协议并进行了赔偿。 上述事实，有被告人张某某的常住人口基本信息、查获经过、驾驶证及驾驶人信息查询结果单、行驶证及机动车信息查询结果单、道路交通事故认定书、赔偿协议书等书证、呼和浩特市公安局物证鉴定所出具的血液酒精含量分析报告的鉴定意见、证人董某某的证人证言、被告人张某某的供述、现场勘查笔录及照片、车体痕迹勘验笔录等证据予以证实，被告人张某某亦无异议，足以认定。 本院认为，被告人张某某违反交通运输管理法规，醉酒后在道路上驾驶机动车，其行为已构成危险驾驶罪，公诉机关指控被告人张某某犯危险驾驶罪的事实清楚，证据确实、充分，指控成立。被告人张某某醉酒驾驶机动车，造成交通事故且负事故的全部责任，其血液酒精含量超过140毫克／100毫升，以上均应从重处罚。被告人张某某当庭自愿认罪，从宽处罚。依照《中华人民共和国刑法》第一百三十三条之一规定，判决如下： 被告人张某某犯危险驾驶罪，判处拘役二个月，并处罚金人民币3000元。 （刑期从判决执行之日起计算。罚金于判决生效后立即缴纳。） 如不服本判决，可在接到判决书的第二日起十日内，通过本院或直接向呼和浩特市中级人民法院提出上诉，书面上诉的应提交上诉状正本一份，副本二份。 审判员霍晓宇 二○一八年四月十七日 书记员周敏 附相关法律条款： 《中华人民共和国刑法》第一百三十三条之一在道路上驾驶机动车追逐竞驶，情节恶劣的，或者在道路上醉酒驾驶机动车的，处拘役，并处罚金。 有前款行为，同时构成其他犯罪的，依照处罚较重的规定定罪处罚。",
  "writId": "060228bc2f940e5393d2d744b67b3130bb6",
  "writName": "土默特左旗人民检察院与张某某危险驾驶罪一审刑事判决书",
  "cid": 30723,
  "crime": [
    "危险驾驶罪"
  ]
}