{
  "ajId": "5d96191c-8461-4898-8ef5-4811102507ec",
  "ajName": "谢珍伟强奸罪一案",
  "ajjbqk": " 经审理查明，2017年10月16日晚，被告人谢珍伟带在武义冠鑫机械有限公司实习的高校学生张某到朋友家吃饭，饭后，谢珍伟骑电动车送张某回武义冠鑫机械有限公司宿舍。途中，被告人谢珍伟有了与张某发生性关系的欲望，在经过该公司时未停车，而是将张某带至该公司附近的泉溪镇黄坛村一条田间小路上。被告人谢珍伟即抱住被害人张某，用手摸其的胸部、下身，又用身体压在张某身上，欲强行与其发生性关系，遭到张某强烈反抗。被害人张某为了尽快脱离险境，提出给其时间，不能强制其的要求后，被告人谢珍伟同意给张某两天时间考虑。之后，被告人谢珍伟将张某送回上述公司宿舍。次日，被害人张某离开该公司返回学校。同年10月18日，被害人张某在老师等人的陪同下向武义县公安局报案。 2017年10月19日，被告人谢珍伟被武义县公安局抓获归案。 上述事实，被告人谢珍伟在庭审中无异议，自愿认罪，且有书证身份证明、归案经过；证人许某、潘某、杨某的证言；被害人张某的陈述；现场勘查笔录、照片；提取笔录、手机微信记录截图等证据证实，足以认定。 ",
  "cpfxgc": "本院认为，被告人谢珍伟违背妇女意志，欲强行与被害人发生性关系，其行为已构成强奸罪，公诉机关指控成立，本院予以支持。被告人谢珍伟对正在实习的学生实施强奸，社会危害较大，也给被害人的心身造成较大伤害，不适用缓刑，其辩护人的相关辩护意见不成立，不予采纳。鉴于其在犯罪过程中主动放弃犯罪，是犯罪中止，归案后和庭审中如实供述，予以减轻处罚，其辩护人的相关辩护意见成立，予以采纳。为维护社会秩序，保护妇女的人身权利不受非法侵犯，惩治犯罪，依照《中华人民共和国刑法》第二百三十六条第一款、第二十四条、第六十七条第三款之规定，判决如下：",
  "pjjg": " 被告人谢珍伟犯强奸罪，判处有期徒刑一年（刑期从判决执行之日起计算，判决执行以前先行羁押的，羁押一日折抵刑期一日，即自2017年10月19日起至2018年10月18日止）。 如不服本判决，可在接到判决书的第二天起十日内，通过本院或者直接向浙江省金华市中级人民法院提出上诉。书面上诉的，应当提交上诉状正本一份，副本二份。",
  "qw": "浙江省武义县人民法院 刑事判决书 （2017）浙0723刑初540号 公诉机关武义县人民检察院。 被告人谢珍伟，男，1989年1月29日出生于贵州省独山县，布依族，小学文化，家住贵州省独山县。捕前系武义冠鑫机械有限公司包装车间主任。因涉嫌犯强奸罪，于2017年10月19日被武义县公安局刑事拘留，同年10月30日被依法逮捕。现押于武义县看守所。 辩护人俞宏平，浙江今日律师事务所律师。 武义县人民检察院以武检公诉刑诉（2017）518号起诉书指控被告人谢珍伟犯强奸罪，于2017年11月21日向本院提起公诉。本院依法组成合议庭，适用简易程序，于同年12月21日因涉及隐私不公开开庭审理了本案。武义县人民检察院指派检察员邓某出庭支持公诉，被告人谢珍伟及其辩护人俞宏平到庭参加诉讼。现已审理终结。 经审理查明，2017年10月16日晚，被告人谢珍伟带在武义冠鑫机械有限公司实习的高校学生张某到朋友家吃饭，饭后，谢珍伟骑电动车送张某回武义冠鑫机械有限公司宿舍。途中，被告人谢珍伟有了与张某发生性关系的欲望，在经过该公司时未停车，而是将张某带至该公司附近的泉溪镇黄坛村一条田间小路上。被告人谢珍伟即抱住被害人张某，用手摸其的胸部、下身，又用身体压在张某身上，欲强行与其发生性关系，遭到张某强烈反抗。被害人张某为了尽快脱离险境，提出给其时间，不能强制其的要求后，被告人谢珍伟同意给张某两天时间考虑。之后，被告人谢珍伟将张某送回上述公司宿舍。次日，被害人张某离开该公司返回学校。同年10月18日，被害人张某在老师等人的陪同下向武义县公安局报案。 2017年10月19日，被告人谢珍伟被武义县公安局抓获归案。 上述事实，被告人谢珍伟在庭审中无异议，自愿认罪，且有书证身份证明、归案经过；证人许某、潘某、杨某的证言；被害人张某的陈述；现场勘查笔录、照片；提取笔录、手机微信记录截图等证据证实，足以认定。 本院认为，被告人谢珍伟违背妇女意志，欲强行与被害人发生性关系，其行为已构成强奸罪，公诉机关指控成立，本院予以支持。被告人谢珍伟对正在实习的学生实施强奸，社会危害较大，也给被害人的心身造成较大伤害，不适用缓刑，其辩护人的相关辩护意见不成立，不予采纳。鉴于其在犯罪过程中主动放弃犯罪，是犯罪中止，归案后和庭审中如实供述，予以减轻处罚，其辩护人的相关辩护意见成立，予以采纳。为维护社会秩序，保护妇女的人身权利不受非法侵犯，惩治犯罪，依照《中华人民共和国刑法》第二百三十六条第一款、第二十四条、第六十七条第三款之规定，判决如下： 被告人谢珍伟犯强奸罪，判处有期徒刑一年（刑期从判决执行之日起计算，判决执行以前先行羁押的，羁押一日折抵刑期一日，即自2017年10月19日起至2018年10月18日止）。 如不服本判决，可在接到判决书的第二天起十日内，通过本院或者直接向浙江省金华市中级人民法院提出上诉。书面上诉的，应当提交上诉状正本一份，副本二份。 审判长钱春武 人民陪审员刘昌其 人民陪审员吕观德 二〇一七年十二月二十一日 代书记员祝宏露 。 附： （2017）浙0723刑初540号刑事判决书适用法律条款 《中华人民共和国刑法》 第二百三十六条以暴力、胁迫或者其他手段强奸妇女的，处三年以上十年以下有期徒刑。 奸淫不满十四周岁的幼女的，以强奸论，从重处罚。 强奸妇女、奸淫幼女，有下列情形之一的，处十年以上有期徒刑、无期徒刑或者死刑： （一）强奸妇女、奸淫幼女情节恶劣的； （二）强奸妇女、奸淫幼女多人的； （三）在公共场所当众强奸妇女的； （四）二人以上轮奸的； （五）致使被害人重伤、死亡或者造成其他严重后果的。 第二十四条在犯罪过程中，自动放弃犯罪或者自动有效地防止犯罪结果发生的，是犯罪中止。 对于中止犯，没有造成损害的，应当免除处罚；造成损害的，应当减轻处罚。 第六十七条犯罪以后自动投案，如实供述自己的罪行的，是自首。对于自首的犯罪分子，可以从轻或者减轻处罚。其中，犯罪较轻的，可以免除处罚。 被采取强制措施的犯罪嫌疑人、被告人和正在服刑的罪犯，如实供述司法机关还未掌握的本人其他罪行的，以自首论。 犯罪嫌疑人虽不具有前两款规定的自首情节，但是如实供述自己罪行的，可以从轻处罚；因其如实供述自己罪行，避免特别严重后果发生的，可以减轻处罚。",
  "writId": "015d2fef6c02cb40d7f5ea428a5316c991a",
  "writName": "谢珍伟强奸罪一审刑事判决书",
  "cid": 34294,
  "crime": [
    "强奸罪"
  ]
}