{
  "ajId": "3243c711-12d0-478e-9d23-1a2d32ffcac8",
  "ajName": "刘某佳危险驾驶罪一案",
  "ajjbqk": " 深圳市龙岗区人民检察院指控，2017年7月4日晚，被告人刘某佳饮酒后驾驶粤B＊＊＊＊＊小型汽车行驶至广东省深圳市龙岗区某路段时，被执勤民警抓获。经鉴定，被告人刘某佳血液中检出乙醇，其血液酒精含量为155.06mg／100m1。 公诉机关为证实指控的事实，当庭宣读和出示了书证、被告人供述和辩解、鉴定意见、视听资料等证据。公诉机关认为，被告人刘某佳醉酒驾驶机动车，应当以危险驾驶罪追究其刑事责任，并建议对被告人刘某佳判处二个月拘役，并处罚金。诉请本院依法判处。 被告人刘某佳对起诉书指控的犯罪事实没有异议，其表示认罪。 经审理查明，2017年7月4日晚，被告人刘某佳饮酒后驾驶粤B＊＊＊＊＊小型汽车行驶至广东省深圳市龙岗区某路段时，被执勤民警抓获。经鉴定，被告人刘某佳血液中检出乙醇，其血液酒精含量为155.06mg／100m1。 上述事实，有公诉机关提交的并经庭审质证、认证的如下证据予以证实：查获经过、身份信息、公安交通管理行政强制措施凭证、处罚决定书、驾驶车辆信息、被告人的供述及辩解、法医学司法鉴定意见书、鉴定报告、监控录像等。 ",
  "cpfxgc": "本院认为，被告人刘某佳在道路上醉酒驾驶机动车，其行为已构成危险驾驶罪。被告人刘某佳归案后能如实供述自己的犯罪事实，依法可以对其从轻处罚。公诉机关的量刑建议合法合理，本院予以采纳。依照《中华人民共和国刑法》第一百三十三条之一、第六十七条第三款、第七十二条、第七十三条第一、三款、第五十二条、第五十三条之规定，判决如下：",
  "pjjg": " 一、被告人刘某佳犯危险驾驶罪，判处拘役二个月，缓刑六个月，并处罚金人民币一万五千元。 （缓刑考验期自判决确定之日起计算。罚金应于判决生效之次日起十日内缴纳。） 二、禁止被告人刘某佳在缓刑考验期（六个月）内在公共场合饮酒。 如不服本判决，可在接到判决书的第二日起十日内，通过本院或者直接向广东省深圳市中级人民法院提出上诉。书面上诉的，应提交上诉状正本一份，副本二份。",
  "qw": "{C} 广东省深圳市龙岗区人民法院 刑事判决书 （2017）粤0307刑初3116号 被告人刘某佳，男，中共党员，住址广东省深圳市。因本案于2017年7月4日被羁押，次日被取保候审。 深圳市龙岗区人民检察院以深龙检刑诉［2017］2957号起诉书指控被告人刘某佳犯危险驾驶罪，于2017年8月7日向本院提起公诉，并建议适用简易程序审理。本院在审理过程中，发现有不适用简易程序的情形，遂依法改为普通程序，并组成合议庭，公开开庭审理了本案。深圳市龙岗区人民检察院指派检察员赵倞、胡静出庭支持公诉，被告人刘某佳到庭参加了诉讼。现已审理终结。 深圳市龙岗区人民检察院指控，2017年7月4日晚，被告人刘某佳饮酒后驾驶粤B＊＊＊＊＊小型汽车行驶至广东省深圳市龙岗区某路段时，被执勤民警抓获。经鉴定，被告人刘某佳血液中检出乙醇，其血液酒精含量为155.06mg／100m1。 公诉机关为证实指控的事实，当庭宣读和出示了书证、被告人供述和辩解、鉴定意见、视听资料等证据。公诉机关认为，被告人刘某佳醉酒驾驶机动车，应当以危险驾驶罪追究其刑事责任，并建议对被告人刘某佳判处二个月拘役，并处罚金。诉请本院依法判处。 被告人刘某佳对起诉书指控的犯罪事实没有异议，其表示认罪。 经审理查明，2017年7月4日晚，被告人刘某佳饮酒后驾驶粤B＊＊＊＊＊小型汽车行驶至广东省深圳市龙岗区某路段时，被执勤民警抓获。经鉴定，被告人刘某佳血液中检出乙醇，其血液酒精含量为155.06mg／100m1。 上述事实，有公诉机关提交的并经庭审质证、认证的如下证据予以证实：查获经过、身份信息、公安交通管理行政强制措施凭证、处罚决定书、驾驶车辆信息、被告人的供述及辩解、法医学司法鉴定意见书、鉴定报告、监控录像等。 本院认为，被告人刘某佳在道路上醉酒驾驶机动车，其行为已构成危险驾驶罪。被告人刘某佳归案后能如实供述自己的犯罪事实，依法可以对其从轻处罚。公诉机关的量刑建议合法合理，本院予以采纳。依照《中华人民共和国刑法》第一百三十三条之一、第六十七条第三款、第七十二条、第七十三条第一、三款、第五十二条、第五十三条之规定，判决如下： 一、被告人刘某佳犯危险驾驶罪，判处拘役二个月，缓刑六个月，并处罚金人民币一万五千元。 （缓刑考验期自判决确定之日起计算。罚金应于判决生效之次日起十日内缴纳。） 二、禁止被告人刘某佳在缓刑考验期（六个月）内在公共场合饮酒。 如不服本判决，可在接到判决书的第二日起十日内，通过本院或者直接向广东省深圳市中级人民法院提出上诉。书面上诉的，应提交上诉状正本一份，副本二份。 审判长陈翔 人民陪审员景仰 人民陪审员张帅 二〇一七年九月十五日 本件与原本核对无异 书记员郭美苑 书记员钟莹莹",
  "writId": "0517a7d68f84d9e944b9698e57619a5f613",
  "writName": "刘某佳危险驾驶罪一审刑事判决书",
  "cid": 34356,
  "crime": [
    "危险驾驶罪"
  ]
}