{
  "ajId": "686b3d0e-6275-453c-bccd-e9e3f114bb26",
  "ajName": "58陈凯交通肇事罪一案",
  "ajjbqk": " 经审理查明，2018年8月17日19时许，被告人陈凯持C1E型驾驶证，驾驶牌号为苏B×××××的小型轿车，沿宜兴市徐舍镇宜丰宜归线由北向南行驶至徐舍镇洴氵利大桥往北200米处时，因对道路情况疏于观察，撞到同向在机动车道内推着电动自行车行走的陈建明（男，1969年3月9日生，江苏省宜兴市人），陈建明因颅脑损伤经抢救无效于当日死亡。被告人陈凯负事故的全部责任。 事故发生后，被告人陈凯委托他人代为报警投案，并在现场等候公安机关的处理，归案后如实供述了上述事实。 案发后，被告人陈凯已与被害人近亲属达成调解协议，由其投保的保险公司支付被害人近亲属人民币1086000元，被告人陈凯另外补偿被害人近亲属人民币156000元，并已取得被害人近亲属的谅解。 上述事实，被告人陈凯在开庭审理过程中亦无异议，并有证人陈某1、陈某2、胡某、杨某的证言笔录，宜兴市公安局交通警察大队对事故现场所作的勘查笔录，现场图，现场摄影照片，出具的道路交通事故认定书，事故车辆技术检验意见书，机动车及驾驶人信息查询结果单，宜兴市公安局物证鉴定室出具的物证鉴定书，公安机关侦查人员出具的刑事案件侦破经过说明材料，宜兴市人民调解委员会的调解协议书、谅解书、赔偿凭证等证据证实，足以认定。 公诉机关认为，被告人陈凯的行为应当以交通肇事罪追究其刑事责任。被告人陈凯具有自首情节，并已对被害人近亲属作出赔偿等从轻处罚情节，建议对其判处一年至二年有期徒刑。 被告人陈凯对上述量刑建议未提出异议。 庭审中，被告人陈凯的辩护人提出，被告人陈凯犯罪后能自首，依法可以从轻处罚，并已对被害人近亲属作出赔偿，取得了被害人近亲属的谅解，建议对其从轻处罚，适用缓刑。 ",
  "cpfxgc": "本院认为，被告人陈凯驾驶机动车上路行驶过程中，违反道路交通管理法规，发生致一人死亡的重大交通事故，且负事故的全部责任，其行为已构成交通肇事罪，应予惩处。被告人陈凯委托他人代为报警投案，并在现场等候公安机关的处理，归案后如实供述自己的犯罪事实，是自首，依法可予以从轻处罚。案发后，被告人陈凯已与被害人近亲属达成赔偿协议，支付了赔偿款，取得被害人近亲属的谅解，均可予以从轻处罚。公诉机关指控的罪名成立，量刑建议适当，本院予以采纳。被告人陈凯符合缓刑适用条件，可以宣告缓刑。对辩护人提出的与此相同的辩护意见，本院亦予以采纳。据此，依照《中华人民共和国刑法》第一百三十三条，第六十七条第一款，第七十二条第一款的规定，判决如下：",
  "pjjg": " 被告人陈凯犯交通肇事罪，判处有期徒刑一年六个月，缓刑二年（缓刑的考验期限，从判决确定之日起计算）。 如不服本判决，可在接到本判决书的第二日起十日内，通过本院或者直接向江苏省无锡市中级人民法院提出上诉。书面上诉的，应当提交上诉状正本一份，副本两份。",
  "qw": "江苏省宜兴市人民法院 刑事判决书 （2019）苏0282刑初58号 公诉机关宜兴市人民检察院。 被告人陈凯，男，1991年10月27日生，汉族，江苏省宜兴市人，初中文化，务工，户籍地江苏省宜兴市，住江苏省宜兴市。因本案于2018年9月20日被宜兴市公安局取保候审。 辩护人蒋曙光，宜兴市法律援助中心律师。 宜兴市人民检察院以宜检诉刑诉（2019）53号起诉书指控被告人陈凯犯交通肇事罪，于2019年1月21日以简易程序向本院提起公诉。本院受理后，认为案情复杂，于同年2月1日变更为普通程序，并依法组成合议庭，于2019年2月19日公开开庭审理了本案。宜兴市人民检察院指派检察员杨建蓉出庭支持公诉。被告人陈凯及其辩护人蒋曙光到庭参加诉讼。现已审理终结。 经审理查明，2018年8月17日19时许，被告人陈凯持C1E型驾驶证，驾驶牌号为苏B×××××的小型轿车，沿宜兴市徐舍镇宜丰宜归线由北向南行驶至徐舍镇洴氵利大桥往北200米处时，因对道路情况疏于观察，撞到同向在机动车道内推着电动自行车行走的陈建明（男，1969年3月9日生，江苏省宜兴市人），陈建明因颅脑损伤经抢救无效于当日死亡。被告人陈凯负事故的全部责任。 事故发生后，被告人陈凯委托他人代为报警投案，并在现场等候公安机关的处理，归案后如实供述了上述事实。 案发后，被告人陈凯已与被害人近亲属达成调解协议，由其投保的保险公司支付被害人近亲属人民币1086000元，被告人陈凯另外补偿被害人近亲属人民币156000元，并已取得被害人近亲属的谅解。 上述事实，被告人陈凯在开庭审理过程中亦无异议，并有证人陈某1、陈某2、胡某、杨某的证言笔录，宜兴市公安局交通警察大队对事故现场所作的勘查笔录，现场图，现场摄影照片，出具的道路交通事故认定书，事故车辆技术检验意见书，机动车及驾驶人信息查询结果单，宜兴市公安局物证鉴定室出具的物证鉴定书，公安机关侦查人员出具的刑事案件侦破经过说明材料，宜兴市人民调解委员会的调解协议书、谅解书、赔偿凭证等证据证实，足以认定。 公诉机关认为，被告人陈凯的行为应当以交通肇事罪追究其刑事责任。被告人陈凯具有自首情节，并已对被害人近亲属作出赔偿等从轻处罚情节，建议对其判处一年至二年有期徒刑。 被告人陈凯对上述量刑建议未提出异议。 庭审中，被告人陈凯的辩护人提出，被告人陈凯犯罪后能自首，依法可以从轻处罚，并已对被害人近亲属作出赔偿，取得了被害人近亲属的谅解，建议对其从轻处罚，适用缓刑。 本院认为，被告人陈凯驾驶机动车上路行驶过程中，违反道路交通管理法规，发生致一人死亡的重大交通事故，且负事故的全部责任，其行为已构成交通肇事罪，应予惩处。被告人陈凯委托他人代为报警投案，并在现场等候公安机关的处理，归案后如实供述自己的犯罪事实，是自首，依法可予以从轻处罚。案发后，被告人陈凯已与被害人近亲属达成赔偿协议，支付了赔偿款，取得被害人近亲属的谅解，均可予以从轻处罚。公诉机关指控的罪名成立，量刑建议适当，本院予以采纳。被告人陈凯符合缓刑适用条件，可以宣告缓刑。对辩护人提出的与此相同的辩护意见，本院亦予以采纳。据此，依照《中华人民共和国刑法》第一百三十三条，第六十七条第一款，第七十二条第一款的规定，判决如下： 被告人陈凯犯交通肇事罪，判处有期徒刑一年六个月，缓刑二年（缓刑的考验期限，从判决确定之日起计算）。 如不服本判决，可在接到本判决书的第二日起十日内，通过本院或者直接向江苏省无锡市中级人民法院提出上诉。书面上诉的，应当提交上诉状正本一份，副本两份。 审判长黄澄 人民陪审员唐建平 人民陪审员郑一平 二〇一九年二月十九日 法官助理潘明星 书记员冯菲 本案援引法律条款 《中华人民共和国刑法》： 第一百三十三条违反交通运输管理法规，因而发生重大事故，致人重伤、死亡或者使公私财产遭受重大损失的，处三年以下有期徒刑或者拘役；交通运输肇事后逃逸或者有其他特别恶劣情节的，处三年以上七年以下有期徒刑；因逃逸致人死亡的，处七年以上有期徒刑。 第六十七条第一款犯罪以后自动投案，如实供述自己的罪行的，是自首。对于自首的犯罪分子，可以从轻或者减轻处罚。其中，犯罪较轻的，可以免除处罚。 第七十二条第一款对于被判处拘役、三年以下有期徒刑的犯罪分子，同时符合下列条件的，可以宣告缓刑，对其中不满十八周岁的人、怀孕的妇女和已满七十五周岁的人，应当宣告缓刑： （一）犯罪情节较轻； （二）有悔罪表现； （三）没有再犯罪的危险； （四）宣告缓刑对所居住社区没有重大不良影响。",
  "writId": "051ab3e62ce1655906515a56e6a142e3924",
  "writName": "58陈凯交通肇事罪一审刑事判决书",
  "cid": 38448,
  "crime": [
    "交通肇事罪"
  ]
}