{
  "ajId": "8e46104d-eca9-4bfe-a9eb-eb6dfa4df2a4",
  "ajName": "龙清以危险方法危害公共安全罪一案",
  "ajjbqk": " 闽侯县人民检察院指控，2019年6月30日2时30分许，被告人龙清在闽侯县阳光钱柜KTV九五包厢饮酒后，到阳光钱柜KTV一楼门口想拉走当天坐台的包厢公主游某时，被游某的男朋友陈某1等人殴打。后被告人龙清不服气便驾驶闽A×××××小型普通客车冲向包含陈某1在内的人群，站在路边的人群被冲撞时向被告人所驾驶的车辆后方躲避，被告人龙清又倒车向人群冲撞，期间将被害人游某摔倒在地，造成游某受伤。后被告人龙清驾驶车辆经福厦公路行驶到闽侯县博雅新城。经法医学鉴定被害人游某的伤情达为轻伤一级。经鉴定被告人龙清血液中乙醇含量为141.2lmg／lOOml，属醉酒。 2019年6月30日，被告人龙清在闽侯县人民医院大门处被公安机关抓获到案。案发后，被告人龙清家属已赔偿被害人游某人民币9万元，并取得游某谅解。 公诉机关当庭宣读和出示了相关证据，通过举证，公诉机关认为，被告人龙清的行为应以以危险方法危害公共安全罪、危险驾驶罪追究其刑事责任。提请本院依法惩处。 被告人龙清对指控的事实和罪名均不持异议。 经审理查明，2019年6月30日2时30分许，被告人龙清在闽侯县阳光钱柜KTV九五包厢饮酒后，到阳光钱柜KTV一楼门口想拉走当天坐台的包厢公主游某时，被游某的男朋友陈某1等人殴打。后被告人龙清不服气便驾驶闽A×××××小型普通客车冲向包含陈某1在内的人群，站在路边的人群被冲撞时向被告人所驾驶的车辆后方躲避，被告人龙清又倒车向人群冲撞，期间将被害人游某撞倒在地，造成游某受伤，经法医学鉴定被害人游某的伤情为轻伤一级。后被告人龙清继续醉酒驾驶车辆经福厦公路行驶到闽侯县博雅新城，经鉴定被告人龙清血液中乙醇含量为141.2lmg／100ml，属醉酒。 2019年6月30日，被告人龙清在民警电话联系告知其被害人游某受伤送往医院之后，主动到闽侯县人民医院大门处投案，随后被公安机关抓获到案。案发后，被告人龙清家属已赔偿被害人游某人民币9万元，并取得游某谅解。 上述事实，被告人龙清在开庭审理过程中亦无异议，且有户籍证明、抓获、破案经过、血样登记表、赔偿谅解协议材料；证人王某、陈某1、魏某、徐某、陈某2、龙某的证言；被害人游某的陈述；被告人龙清的供述与辩解；福建南方司法鉴定中心鉴定意见书、闽侯县公安局物证鉴定室鉴定书；现场照片、指认现场照片、现场勘验材料等证据证实，足以认定。 ",
  "cpfxgc": "本院认为，被告人龙清醉酒驾驶机动车辆冲撞人群，危害不特定多数人的人身安全，造成一人轻伤一级，尚未造成严重后果，其行为同时触犯以危险方法危害公共安全罪、危险驾驶罪，二者想象竞合，从一重罪处罚，即以危险方法危害公共安全罪定罪处罚。被告人龙清开车冲撞人群后，仍违反交通运输管理法规，在道路上醉酒驾驶机动车，其行为已构成危险驾驶罪。公诉机关指控的罪名成立，适用法律准确，本院予以支持。被告人龙清一人犯数罪，依法应当数罪并罚。被告人主动到案并能如实供述自己的罪行，系自首，依法可以从轻处罚或者减轻处罚；被告人龙清与被害人达成调解协议，积极赔偿被害人各项损失，并取得被害人的谅解，可以酌情从轻处罚。综合考虑被告人龙清的犯罪事实和量刑情节，对被告人龙清予以从轻处罚。依照《中华人民共和国刑法》第一百一十四条、第一百三十三条之一第一款第（二）项、第三款、第六十七条第一款、第六十九条、第五十二条之规定，判决如下：",
  "pjjg": " 被告人龙清犯以危险方法危害公共安全罪，判处有期徒刑三年；犯危险驾驶罪，判处拘役二个月，并处罚金人民币3000元。数罪并罚，执行有期徒刑三年，并处罚金人民币3000元。 （刑期从判决执行之日起计算。判决执行以前先行羁押的，羁押一日折抵刑期一日，即自2019年7月1日起至2022年6月30日止。） 如不服本判决，可在接到判决书的第二日起十日内，通过本院或者直接向福建省福州市中级人民法院提出上诉，书面上诉的，应交上诉状正本一份，副本二份。",
  "qw": "福建省闽侯县人民法院 刑事判决书 （2019）闽0121刑初543号 公诉机关：福建省闽侯县人民检察院。 被告人：龙清，曾用名龙本青，男，1984年9月6日出生，侗族，中专文化，无固定职业，住湖南省靖州苗族侗族自治县。因涉嫌犯故意伤害罪，于2019年7月1日被闽侯县公安局刑事拘留，同年7月12日被逮捕。现羁押于闽侯县看守所。 闽侯县人民检察院以侯检公诉刑诉（2019）481号起诉书指控被告人龙清犯以危险方法危害公共安全罪、危险驾驶罪，于2019年9月20日向本院提起公诉。本院依法组成合议庭，公开开庭审理了本案。闽侯县人民检察院指派检察员林品雪出庭支持公诉，被告人龙清到庭参加了诉讼。本案现已审理终结。 闽侯县人民检察院指控，2019年6月30日2时30分许，被告人龙清在闽侯县阳光钱柜KTV九五包厢饮酒后，到阳光钱柜KTV一楼门口想拉走当天坐台的包厢公主游某时，被游某的男朋友陈某1等人殴打。后被告人龙清不服气便驾驶闽A×××××小型普通客车冲向包含陈某1在内的人群，站在路边的人群被冲撞时向被告人所驾驶的车辆后方躲避，被告人龙清又倒车向人群冲撞，期间将被害人游某摔倒在地，造成游某受伤。后被告人龙清驾驶车辆经福厦公路行驶到闽侯县博雅新城。经法医学鉴定被害人游某的伤情达为轻伤一级。经鉴定被告人龙清血液中乙醇含量为141.2lmg／lOOml，属醉酒。 2019年6月30日，被告人龙清在闽侯县人民医院大门处被公安机关抓获到案。案发后，被告人龙清家属已赔偿被害人游某人民币9万元，并取得游某谅解。 公诉机关当庭宣读和出示了相关证据，通过举证，公诉机关认为，被告人龙清的行为应以以危险方法危害公共安全罪、危险驾驶罪追究其刑事责任。提请本院依法惩处。 被告人龙清对指控的事实和罪名均不持异议。 经审理查明，2019年6月30日2时30分许，被告人龙清在闽侯县阳光钱柜KTV九五包厢饮酒后，到阳光钱柜KTV一楼门口想拉走当天坐台的包厢公主游某时，被游某的男朋友陈某1等人殴打。后被告人龙清不服气便驾驶闽A×××××小型普通客车冲向包含陈某1在内的人群，站在路边的人群被冲撞时向被告人所驾驶的车辆后方躲避，被告人龙清又倒车向人群冲撞，期间将被害人游某撞倒在地，造成游某受伤，经法医学鉴定被害人游某的伤情为轻伤一级。后被告人龙清继续醉酒驾驶车辆经福厦公路行驶到闽侯县博雅新城，经鉴定被告人龙清血液中乙醇含量为141.2lmg／100ml，属醉酒。 2019年6月30日，被告人龙清在民警电话联系告知其被害人游某受伤送往医院之后，主动到闽侯县人民医院大门处投案，随后被公安机关抓获到案。案发后，被告人龙清家属已赔偿被害人游某人民币9万元，并取得游某谅解。 上述事实，被告人龙清在开庭审理过程中亦无异议，且有户籍证明、抓获、破案经过、血样登记表、赔偿谅解协议材料；证人王某、陈某1、魏某、徐某、陈某2、龙某的证言；被害人游某的陈述；被告人龙清的供述与辩解；福建南方司法鉴定中心鉴定意见书、闽侯县公安局物证鉴定室鉴定书；现场照片、指认现场照片、现场勘验材料等证据证实，足以认定。 本院认为，被告人龙清醉酒驾驶机动车辆冲撞人群，危害不特定多数人的人身安全，造成一人轻伤一级，尚未造成严重后果，其行为同时触犯以危险方法危害公共安全罪、危险驾驶罪，二者想象竞合，从一重罪处罚，即以危险方法危害公共安全罪定罪处罚。被告人龙清开车冲撞人群后，仍违反交通运输管理法规，在道路上醉酒驾驶机动车，其行为已构成危险驾驶罪。公诉机关指控的罪名成立，适用法律准确，本院予以支持。被告人龙清一人犯数罪，依法应当数罪并罚。被告人主动到案并能如实供述自己的罪行，系自首，依法可以从轻处罚或者减轻处罚；被告人龙清与被害人达成调解协议，积极赔偿被害人各项损失，并取得被害人的谅解，可以酌情从轻处罚。综合考虑被告人龙清的犯罪事实和量刑情节，对被告人龙清予以从轻处罚。依照《中华人民共和国刑法》第一百一十四条、第一百三十三条之一第一款第（二）项、第三款、第六十七条第一款、第六十九条、第五十二条之规定，判决如下： 被告人龙清犯以危险方法危害公共安全罪，判处有期徒刑三年；犯危险驾驶罪，判处拘役二个月，并处罚金人民币3000元。数罪并罚，执行有期徒刑三年，并处罚金人民币3000元。 （刑期从判决执行之日起计算。判决执行以前先行羁押的，羁押一日折抵刑期一日，即自2019年7月1日起至2022年6月30日止。） 如不服本判决，可在接到判决书的第二日起十日内，通过本院或者直接向福建省福州市中级人民法院提出上诉，书面上诉的，应交上诉状正本一份，副本二份。 审判长江静 人民陪审员刘文振 人民陪审员李梅 二〇一九年十月十二日 书记员卓莉莉 附： 本案适用法律条文 《中华人民共和国刑法》第一百一十四条放火、决水、爆炸以及投放毒害性、放射性、传染病病原体等物质或者以其他危险放法危害公共安全，尚未造成严重后果的，处三年以上十年以下有期徒刑。 第一百三十三条之一在道路上驾驶机动车，有下列情形之一的，处拘役，并处罚金： （一）追逐竞驶，情节恶劣的； （二）醉酒驾驶机动车的； （三）从事校车业务或者旅客运输，严重超过额定乘员载客，或者严重超过规定时速行驶的； （四）违反危险化学品安全管理规定运输危险化学品，危机公共安全的。 机动车所有人、管理人对前款第三项、第四项行为负有直接责任的，依照前款的规定处罚。 有前两款行为，同时构成其他犯罪的，依照处罚较重的规定定罪处罚。 第六十七条犯罪以后自动投案，如实供述自己的罪行的，是自首。对于自首的犯罪分子，可以从轻或者减轻处罚。其中，犯罪较轻的，可以免除处罚。 被采取强制措施的犯罪嫌疑人、被告人和正在服刑的罪犯，如实供述司法机关还未掌握的本人其他罪行的，以自首论。 犯罪嫌疑人虽不具有前两款规定的自首情节，但是如实供述自己罪行的，可以从轻处罚；因其如实供述自己罪行，避免特别严重后果发生的，可以减轻处罚。 第六十九条判决宣告以前一人犯数罪的，除判处死刑和无期徒刑的以外，应当在总和刑期以下、数刑中最高刑期以上，酌情决定执行的刑期，但是管制最高并不能超过三年，拘役最高不能超过一年，有期徒刑总和刑期不满三十五年的，最高不能超过二十年，总和刑期在三十五年以上的，最高不能超过二十五年。 数罪中有判处有期徒刑和拘役的，执行有期徒刑。数罪中有判处有期徒刑和管制，或者拘役和管制的，有期徒刑、拘役执行完毕后，管制仍须执行。 数罪有判处附加刑的，附加刑仍须执行，其中附加刑种类相同的，合并执行，种类不同的，分别执行。 第五十二条判处罚金，应当根据犯罪情节决定罚金数额。",
  "writId": "059024399f074777bd54666d81ceb97fa64",
  "writName": "龙清以危险方法危害公共安全罪一审刑事判决书",
  "cid": 10080,
  "crime": [
    "以危险方法危害公共安全罪",
    "危险驾驶罪"
  ]
}