{
  "ajId": "110c056c-d3d2-4ab3-a528-63d2094299cb",
  "ajName": "蒋士平非法买卖枪支罪、非法持有枪支弹药罪，尚XX非法买卖枪支罪一案",
  "ajjbqk": " 黑龙江省东京城林区人民检察院指控： 一、非法持有枪支犯罪 1995年秋季，被告人蒋士平的岳父王X甲（已病故）将自己的一支日产99式步枪留给被告人蒋士平，蒋士平将这支步枪藏匿到东京城林业局施业区二道沟4林班7经理小班河边的一棵榆树洞内。经牡丹江市公安局刑事技术支队鉴定，送检枪支是以火药为动力的军用制式枪支，属于《公安机关涉案枪支弹药性能鉴定工作规定》中规定的枪支。 检察机关提供了如下证据：1、书证案件来源、扣押清单、扣押枪支、弹药接受说明、死亡证明等；2、证人王X乙、蒋X甲、蒋X乙等证言；3、被告人蒋士平的供述和辩解；4、牡丹江市公安局刑事技术支队鉴定意见；5、现场勘验笔录及照片、现场辨认笔录及照片。 二、非法买卖枪支罪 2010年秋季，被告人蒋士平将其岳父王X甲（已病故）留下的另一支日产99式步枪以400元的价格卖给被告人尚XX。经牡丹江市公安局刑事技术支队鉴定，送检枪支是以火药为动力的军用制式枪支，属于《公安机关涉案枪支弹药性能鉴定工作规定》中规定的枪支弹药范围。 被告人蒋士平于2014年12月25日被东京城林业地区公安局抓获归案；被告人尚XX于2015年4月16日主动到公安机关投案，并如实供述其犯罪事实。 检察机关提供了如下证据：1、书证投案自首说明、扣押清单、死亡证明等；2、证人王X乙、蒋X甲、蒋X乙等证言；3、被告人蒋士平、尚XX的供述和辩解；4、牡丹江市公安局刑事技术支队鉴定意见；5、现场勘验笔录及照片、现场辨认笔录及照片。 检察机关认为，被告人蒋士平违反枪支管理规定，非法持有枪支，其行为已触犯《中华人民共和国刑法》第一百二十八条第一款，应当以非法持有枪支罪追究其刑事责任；被告人蒋士平、尚XX违反法律规定，私自买卖枪支的行为已触犯《中华人民共和国刑法》第一百二十五条第一款，应当以非法买卖枪支罪追究其刑事责任。被告人蒋士平到案后，如实供述公安机关尚未掌握的非法买卖枪支罪行，系自首，应根据《中华人民共和国刑法》第六十七条第二款之规定对其从轻或者减轻处罚。被告人尚XX犯罪后主动到公安机关投案，并如实供述自己的罪行，系自首，应根据《中华人民共和国刑法》第六十七条第一款之规定对其从轻或者减轻处罚。被告人蒋士平犯数罪，应根据《中华人民共和国刑法》第六十九条第一款之规定对其数罪并罚。 因被告人蒋士平到案后，如实供述公安机关尚未掌握的非法买卖枪支罪行，认罪态度较好，有悔罪表现，建议法院判处被告人蒋士平二年以上四年以下有期徒刑； 因被告人尚XX犯罪后主动投案自首，认罪态度较好，有悔罪表现，建议法院判处其二年以上三年以下有期徒刑。 被告人蒋士平、尚XX均如实供述了起诉书指控的犯罪事实，无辩解；对量刑建议均无异议。 经审理查明： 一、非法持有枪支、弹药事实 被告人蒋士平的岳父王X甲（已病故）于1995年秋季，将自己的日产99式步枪2支、及火药等送给蒋士平，蒋士平将其中1支步枪藏匿在东京城林业局湖南林场施业区二道沟4林班7经理小班河边的一棵榆树洞内，1支藏匿在家中，后藏匿在家中的1支被其出卖。案发后，公安机关从蒋士平处扣押收缴步枪1支、黑火药2185克、引火帽637个、空弹壳85个、子弹5发、弹头448个。经牡丹江市公安局刑事技术支队鉴定：送检的蒋士平藏匿在榆树洞内的枪支1支是以火药为动力的军用制式枪支，属于《公安机关涉案枪支弹药性能鉴定工作规定》中规定的枪支。 二、非法买卖枪支的事实 被告人蒋士平于2010年秋季的一天，以400元的价格将其岳父王X甲（已病故）留下的，被蒋士平藏匿在家中的上述日产99式步枪1支卖给了被告人尚XX。案发后，公安机关从尚XX处扣押收缴步枪1支、子弹10发。经牡丹江市公安局刑事技术支队鉴定，送检卖给尚XX的枪支1支是以火药为动力的军用制式枪支，属于《公安机关涉案枪支弹药性能鉴定工作规定》中规定的枪支。 被告人蒋士平因非法持有枪支于2014年12月25日被东京城林业地区公安局传唤到案，到案后其还如实供述了公安机关尚不掌握的买卖枪支的事实。被告人尚XX于2015年4月16日主动到公安机关投案。 1、被告人蒋士平入看守所前体检表、被告人蒋士平、尚XX户籍证明； 2、宁安市镜泊乡庆丰村村民委员会关于王X甲死亡时间证明；东京城林业地区公安局民警蒋宪鹏、关桥楠关于被告人尚XX投案的工作说明； 3、证人王X乙、尚X甲、尚X乙、尚X丙、蒋X甲、蒋X乙证言； 4、被告人蒋士平交代非法持有枪支1支、部分弹药及非法买卖枪支1支的供述和辩解；东京城林业地区公安局民警关XX、杜XX对被告人尚XX所作的投案笔录及其如实交代非法买卖枪支1支的供述和辩解 5、牡丹江市公安局刑事技术支队（牡）公（刑技）鉴（痕）字（2014）23号、（2015）4号鉴定意见书及扣押的枪支拍照； 6、公安机关现场勘验、检查笔录；公安机关扣押枪支、弹药照片；蒋士平指认持有的枪支藏匿地点拍照；尚XX指认购买的枪支藏匿地点拍照；蒋士平、尚XX辩认枪支照片及辨认枪支笔录等。 上述证据能相互印证，足以认定蒋士平非法持有枪支1支及部分弹药；蒋士平、尚XX非法买卖枪支1支的事实。 ",
  "cpfxgc": "本院认为，被告人蒋士平违反枪支管理规定，擅自持有以火药为动力的日产99式步枪1支及弹药，其行为已构成非法持有枪支、弹药罪；被告人蒋士平、尚XX违反法律规定，未经有关部门批准许可，非法买卖日产99式步枪1支，二被告人的行为均构成非法买卖枪支罪；对被告人蒋士平应数罪并罚。鉴于被告人蒋士平在接受公安机关讯问时如实供述公安机关尚未掌握的非法买卖枪支的犯罪事实，系自首，对其非法买卖枪支罪依法可以从轻或者减轻处罚；蒋士平到案后如实供述非法持有枪支、弹药的罪行，对其非法持有枪支可以酌情从轻处罚；综上，本院依法和酌情对其从轻处罚。被告人尚XX案发后主动投案如实供述自己的罪行，系自首，且系初犯，主动提供枪支藏匿地点，具有法定和酌定处罚情节，可以从轻或者减轻处罚，本院依法对其减轻处罚。根据尚XX的犯罪事实、犯罪性质、情节和对社会的危害程度以及悔罪表现，可以对其适用缓刑。蒋士平非法买卖枪支所得款应继续追缴。 对被告人蒋士平依照《中华人民共和国刑法》第一百二十五条第一款、第一百二十八条第一款、第六十九条第一款、第六十七条第一二款、第六十四条、《最高人民法院关于审理非法制造、买卖、运输枪支、弹药、爆炸物等刑事案件具体应用法律若干问题的解释》第一条第一款第（一）项、第五条第一款第（一）项、《最高人民法院关于处理自首和立功具体应用法律若干问题的解释》第三四条的规定； 对被告人尚XX依照《中华人民共和国刑法》第一百二十五条第一款、第六十七条第一款、《最高人民法院关于审理非法制造、买卖、运输枪支、弹药、爆炸物等刑事案件具体应用法律若干问题的解释》第一条第一款第（一）项、《最高人民法院关于处理自首和立功具体应用法律若干问题的解释》第三条的规定，判决如下：",
  "pjjg": " 一、被告人蒋士平犯非法买卖枪支罪，判处有期徒刑三年；犯非法持有枪支、弹药罪，判处有期徒刑二年，数罪并罚，决定执行有期徒刑三年十个月； （刑期从判决执行之日起计算，判决以前羁押的，羁押一日折抵刑期一日，即自2014年12月26日起至2018年10月25日止） 二、被告人尚XX犯非法买卖枪支罪，判处有期徒刑二年缓刑三年； （缓刑考验期从判决确定之日起计算） 三、继续追缴被告人蒋士平非法所得款人民币四百元。 如不服本判决，可在接到判决书的第二日起十日内通过本院或直接向黑龙江省林区中级人民法院提出上诉，书面上诉的应提交上诉状正本一份，副本二份。",
  "qw": "黑龙江省东京城林区基层法院 刑事判决书 （2015）东刑初字第26号 公诉机关黑龙江省东京城林区人民检察院。 被告人蒋士平，男，1968年10月21日出生于黑龙江省宁安市，汉族，小学文化，农民，户籍所在地黑龙江省宁安市镜泊乡庆丰村，住宁安市镜泊乡四道村。因涉嫌非法持有枪支罪于2014年12月26日被刑事拘留，2015年1月29日被依法逮捕，现羁押于东京城林业地区看守所。 被告人尚XX。因涉嫌非法买卖枪支罪于2015年4月16日被公安机关取保候审，同年5月13日被检察机关取保候审；同年5月29日经本院审查后被依法重新取保候审。 黑龙江省东京城林区人民检察院以黑东京城林检刑诉（2015）第21号起诉书指控被告人蒋士平涉嫌非法持有枪支罪、非法买卖枪支罪，被告人尚XX涉嫌非法买卖枪支罪，于2015年5月29日向本院提起公诉。本院于同日立案，依法适用普通程序，组成合议庭，于2015年6月15日公开开庭审理了本案。黑龙江省东京城林区人民检察院检察员刘增山出庭支持公诉。被告人蒋士平、尚XX到庭参加了诉讼，现已审理终结。 黑龙江省东京城林区人民检察院指控： 一、非法持有枪支犯罪 1995年秋季，被告人蒋士平的岳父王X甲（已病故）将自己的一支日产99式步枪留给被告人蒋士平，蒋士平将这支步枪藏匿到东京城林业局施业区二道沟4林班7经理小班河边的一棵榆树洞内。经牡丹江市公安局刑事技术支队鉴定，送检枪支是以火药为动力的军用制式枪支，属于《公安机关涉案枪支弹药性能鉴定工作规定》中规定的枪支。 检察机关提供了如下证据：1、书证案件来源、扣押清单、扣押枪支、弹药接受说明、死亡证明等；2、证人王X乙、蒋X甲、蒋X乙等证言；3、被告人蒋士平的供述和辩解；4、牡丹江市公安局刑事技术支队鉴定意见；5、现场勘验笔录及照片、现场辨认笔录及照片。 二、非法买卖枪支罪 2010年秋季，被告人蒋士平将其岳父王X甲（已病故）留下的另一支日产99式步枪以400元的价格卖给被告人尚XX。经牡丹江市公安局刑事技术支队鉴定，送检枪支是以火药为动力的军用制式枪支，属于《公安机关涉案枪支弹药性能鉴定工作规定》中规定的枪支弹药范围。 被告人蒋士平于2014年12月25日被东京城林业地区公安局抓获归案；被告人尚XX于2015年4月16日主动到公安机关投案，并如实供述其犯罪事实。 检察机关提供了如下证据：1、书证投案自首说明、扣押清单、死亡证明等；2、证人王X乙、蒋X甲、蒋X乙等证言；3、被告人蒋士平、尚XX的供述和辩解；4、牡丹江市公安局刑事技术支队鉴定意见；5、现场勘验笔录及照片、现场辨认笔录及照片。 检察机关认为，被告人蒋士平违反枪支管理规定，非法持有枪支，其行为已触犯《中华人民共和国刑法》第一百二十八条第一款，应当以非法持有枪支罪追究其刑事责任；被告人蒋士平、尚XX违反法律规定，私自买卖枪支的行为已触犯《中华人民共和国刑法》第一百二十五条第一款，应当以非法买卖枪支罪追究其刑事责任。被告人蒋士平到案后，如实供述公安机关尚未掌握的非法买卖枪支罪行，系自首，应根据《中华人民共和国刑法》第六十七条第二款之规定对其从轻或者减轻处罚。被告人尚XX犯罪后主动到公安机关投案，并如实供述自己的罪行，系自首，应根据《中华人民共和国刑法》第六十七条第一款之规定对其从轻或者减轻处罚。被告人蒋士平犯数罪，应根据《中华人民共和国刑法》第六十九条第一款之规定对其数罪并罚。 因被告人蒋士平到案后，如实供述公安机关尚未掌握的非法买卖枪支罪行，认罪态度较好，有悔罪表现，建议法院判处被告人蒋士平二年以上四年以下有期徒刑； 因被告人尚XX犯罪后主动投案自首，认罪态度较好，有悔罪表现，建议法院判处其二年以上三年以下有期徒刑。 被告人蒋士平、尚XX均如实供述了起诉书指控的犯罪事实，无辩解；对量刑建议均无异议。 经审理查明： 一、非法持有枪支、弹药事实 被告人蒋士平的岳父王X甲（已病故）于1995年秋季，将自己的日产99式步枪2支、及火药等送给蒋士平，蒋士平将其中1支步枪藏匿在东京城林业局湖南林场施业区二道沟4林班7经理小班河边的一棵榆树洞内，1支藏匿在家中，后藏匿在家中的1支被其出卖。案发后，公安机关从蒋士平处扣押收缴步枪1支、黑火药2185克、引火帽637个、空弹壳85个、子弹5发、弹头448个。经牡丹江市公安局刑事技术支队鉴定：送检的蒋士平藏匿在榆树洞内的枪支1支是以火药为动力的军用制式枪支，属于《公安机关涉案枪支弹药性能鉴定工作规定》中规定的枪支。 二、非法买卖枪支的事实 被告人蒋士平于2010年秋季的一天，以400元的价格将其岳父王X甲（已病故）留下的，被蒋士平藏匿在家中的上述日产99式步枪1支卖给了被告人尚XX。案发后，公安机关从尚XX处扣押收缴步枪1支、子弹10发。经牡丹江市公安局刑事技术支队鉴定，送检卖给尚XX的枪支1支是以火药为动力的军用制式枪支，属于《公安机关涉案枪支弹药性能鉴定工作规定》中规定的枪支。 被告人蒋士平因非法持有枪支于2014年12月25日被东京城林业地区公安局传唤到案，到案后其还如实供述了公安机关尚不掌握的买卖枪支的事实。被告人尚XX于2015年4月16日主动到公安机关投案。 1、被告人蒋士平入看守所前体检表、被告人蒋士平、尚XX户籍证明； 2、宁安市镜泊乡庆丰村村民委员会关于王X甲死亡时间证明；东京城林业地区公安局民警蒋宪鹏、关桥楠关于被告人尚XX投案的工作说明； 3、证人王X乙、尚X甲、尚X乙、尚X丙、蒋X甲、蒋X乙证言； 4、被告人蒋士平交代非法持有枪支1支、部分弹药及非法买卖枪支1支的供述和辩解；东京城林业地区公安局民警关XX、杜XX对被告人尚XX所作的投案笔录及其如实交代非法买卖枪支1支的供述和辩解 5、牡丹江市公安局刑事技术支队（牡）公（刑技）鉴（痕）字（2014）23号、（2015）4号鉴定意见书及扣押的枪支拍照； 6、公安机关现场勘验、检查笔录；公安机关扣押枪支、弹药照片；蒋士平指认持有的枪支藏匿地点拍照；尚XX指认购买的枪支藏匿地点拍照；蒋士平、尚XX辩认枪支照片及辨认枪支笔录等。 上述证据能相互印证，足以认定蒋士平非法持有枪支1支及部分弹药；蒋士平、尚XX非法买卖枪支1支的事实。 本院认为，被告人蒋士平违反枪支管理规定，擅自持有以火药为动力的日产99式步枪1支及弹药，其行为已构成非法持有枪支、弹药罪；被告人蒋士平、尚XX违反法律规定，未经有关部门批准许可，非法买卖日产99式步枪1支，二被告人的行为均构成非法买卖枪支罪；对被告人蒋士平应数罪并罚。鉴于被告人蒋士平在接受公安机关讯问时如实供述公安机关尚未掌握的非法买卖枪支的犯罪事实，系自首，对其非法买卖枪支罪依法可以从轻或者减轻处罚；蒋士平到案后如实供述非法持有枪支、弹药的罪行，对其非法持有枪支可以酌情从轻处罚；综上，本院依法和酌情对其从轻处罚。被告人尚XX案发后主动投案如实供述自己的罪行，系自首，且系初犯，主动提供枪支藏匿地点，具有法定和酌定处罚情节，可以从轻或者减轻处罚，本院依法对其减轻处罚。根据尚XX的犯罪事实、犯罪性质、情节和对社会的危害程度以及悔罪表现，可以对其适用缓刑。蒋士平非法买卖枪支所得款应继续追缴。 对被告人蒋士平依照《中华人民共和国刑法》第一百二十五条第一款、第一百二十八条第一款、第六十九条第一款、第六十七条第一二款、第六十四条、《最高人民法院关于审理非法制造、买卖、运输枪支、弹药、爆炸物等刑事案件具体应用法律若干问题的解释》第一条第一款第（一）项、第五条第一款第（一）项、《最高人民法院关于处理自首和立功具体应用法律若干问题的解释》第三四条的规定； 对被告人尚XX依照《中华人民共和国刑法》第一百二十五条第一款、第六十七条第一款、《最高人民法院关于审理非法制造、买卖、运输枪支、弹药、爆炸物等刑事案件具体应用法律若干问题的解释》第一条第一款第（一）项、《最高人民法院关于处理自首和立功具体应用法律若干问题的解释》第三条的规定，判决如下： 一、被告人蒋士平犯非法买卖枪支罪，判处有期徒刑三年；犯非法持有枪支、弹药罪，判处有期徒刑二年，数罪并罚，决定执行有期徒刑三年十个月； （刑期从判决执行之日起计算，判决以前羁押的，羁押一日折抵刑期一日，即自2014年12月26日起至2018年10月25日止） 二、被告人尚XX犯非法买卖枪支罪，判处有期徒刑二年缓刑三年； （缓刑考验期从判决确定之日起计算） 三、继续追缴被告人蒋士平非法所得款人民币四百元。 如不服本判决，可在接到判决书的第二日起十日内通过本院或直接向黑龙江省林区中级人民法院提出上诉，书面上诉的应提交上诉状正本一份，副本二份。 审判长胡艳君 人民陪审员蔺艳 人民陪审员陈秀华 二〇一五年七月十七日 书记员陈晨",
  "writId": "04914d11f9b5e9ad1b353c9afba346cc68e",
  "writName": "蒋士平非法买卖枪支罪、非法持有枪支弹药罪，尚XX非法买卖枪支罪一审刑事判决书",
  "cid": 20179,
  "crime": [
    "非法买卖枪支罪",
    "非法持有枪支弹药罪"
  ]
}