{
  "ajId": "ec628c80-457f-452c-819d-bbaf5823b77c",
  "ajName": "叶宏盛组织卖淫罪，王某甲协助组织卖淫罪一案",
  "ajjbqk": " 经审理查明，自2014年6月份起，被告人叶宏盛伙同解杨军、王前进（二人另案处理）等人，利用在颍上县谢桥镇路庄村租住的房屋，通过招募、容留等手段组织钟某某、刘某某等人员从事卖淫活动。被告人王某甲受王前进等人雇佣，协助从事卖淫活动。2014年7月30日晚，卖淫女钟某某正在从事卖淫活动时被公安民警当场查获。 上述事实，被告人叶宏盛及其辩护人、被告人王某甲及其辩护人在开庭审理过程中均无异议，并有证人刘某、钟某、王某乙、王某丙等人证言、现场勘查笔录、方某、照片、辨认笔录、户籍证明、租房合同、情况说明等证据证实，足以认定。 ",
  "cpfxgc": "本院认为，被告人叶宏盛伙同他人以招募、容留等手段组织他人从事卖淫活动，其行为已构成组织卖淫罪，且系共同犯罪；被告王某甲协助组织他人卖淫，其行为已构成协助组织卖淫罪。公诉机关指控二被告人罪名成立，本院依法予以支持。被告人叶宏盛、王某甲到案后，能够如实供述犯罪事实，当庭能够自愿认罪，故对二被告人的辩护人从宽处罚的辩护观点，本院予以适当采纳。为了严肃法纪，维护社会管理秩序，根据二被告人犯罪的事实、性质、情节和对于社会的危害程度，依照《中华人民共和国刑法》第三百五十八条第一款、第三款、第二十五条第一款、第五十二条、第六十四条之规定，判决如下：",
  "pjjg": " 一、被告人叶宏盛犯组织卖淫罪，判处有期徒刑五年，并处罚金一万元； （刑期从判决执行之日起计算，判决执行以前先行羁押的，羁押一日折抵刑期一日，即自2014年8月1日起至2019年7月31日止。罚金已交纳） 二、被告人王某甲犯协助组织卖淫罪，判处有期徒刑一年六个月，并处罚金五千元； （刑期从判决执行之日起计算，判决执行以前先行羁押的，羁押一日折抵刑期一日，即自2014年8月1日起至2016年1月31日止。罚金限判决生效后三十日内交纳） 三、违法所得予以追缴。 如不服本判决，可在接到判决书的第二日起十日内，通过本院或者直接向安徽省阜阳市中级人民法院提出上诉。书面上诉的，应当提交上诉状正本一份，副本二份。",
  "qw": "安徽省颍上县人民法院 刑事判决书 （2015）颍刑初字第00146号 公诉机关颍上县人民检察院。 被告人叶宏盛，男，1984年11月21日出生福建省周宁县，汉族，初中文化，无业。因本案于2014年8月1日被颍上县公安局行政拘留，因涉嫌犯组织卖淫罪，于同年8月13日被该局刑事拘留，同年9月19日经颍上县人民检察院批准逮捕，同日由颍上县公安局执行逮捕。现羁押于颍上县看守所。 辩护人嵇德武，安徽宏大律师事务所律师。 被告人王某甲，男，1988年10月5日出生于安徽省颍上县，汉族，初中文化，务农。因本案于2014年8月1日被颍上县公安局行政拘留，因涉嫌犯协助组织卖淫罪，于同年8月13日被该局刑事拘留，同年9月19日经颍上县人民检察院批准逮捕，同日由颍上县公安局执行逮捕。现羁押于颍上县看守所。 辩护人张健，安徽慎城律师事务所律师。 颍上县人民检察院以颍检刑诉（2015）107号起诉书指控被告人叶宏盛犯组织卖淫罪、被告人王某甲犯协助组织卖淫罪一案，于2015年3月12日向本院提起公诉，本院受理后，依法组成合议庭，公开开庭进行了审理，颍上县人民检察院代理检察员杨适应、郑晓东出庭支持公诉，被告人叶宏盛及其辩护人、被告人王某甲及其辩护人到庭参加诉讼。本案现已审理终结。 经审理查明，自2014年6月份起，被告人叶宏盛伙同解杨军、王前进（二人另案处理）等人，利用在颍上县谢桥镇路庄村租住的房屋，通过招募、容留等手段组织钟某某、刘某某等人员从事卖淫活动。被告人王某甲受王前进等人雇佣，协助从事卖淫活动。2014年7月30日晚，卖淫女钟某某正在从事卖淫活动时被公安民警当场查获。 上述事实，被告人叶宏盛及其辩护人、被告人王某甲及其辩护人在开庭审理过程中均无异议，并有证人刘某、钟某、王某乙、王某丙等人证言、现场勘查笔录、方某、照片、辨认笔录、户籍证明、租房合同、情况说明等证据证实，足以认定。 本院认为，被告人叶宏盛伙同他人以招募、容留等手段组织他人从事卖淫活动，其行为已构成组织卖淫罪，且系共同犯罪；被告王某甲协助组织他人卖淫，其行为已构成协助组织卖淫罪。公诉机关指控二被告人罪名成立，本院依法予以支持。被告人叶宏盛、王某甲到案后，能够如实供述犯罪事实，当庭能够自愿认罪，故对二被告人的辩护人从宽处罚的辩护观点，本院予以适当采纳。为了严肃法纪，维护社会管理秩序，根据二被告人犯罪的事实、性质、情节和对于社会的危害程度，依照《中华人民共和国刑法》第三百五十八条第一款、第三款、第二十五条第一款、第五十二条、第六十四条之规定，判决如下： 一、被告人叶宏盛犯组织卖淫罪，判处有期徒刑五年，并处罚金一万元； （刑期从判决执行之日起计算，判决执行以前先行羁押的，羁押一日折抵刑期一日，即自2014年8月1日起至2019年7月31日止。罚金已交纳） 二、被告人王某甲犯协助组织卖淫罪，判处有期徒刑一年六个月，并处罚金五千元； （刑期从判决执行之日起计算，判决执行以前先行羁押的，羁押一日折抵刑期一日，即自2014年8月1日起至2016年1月31日止。罚金限判决生效后三十日内交纳） 三、违法所得予以追缴。 如不服本判决，可在接到判决书的第二日起十日内，通过本院或者直接向安徽省阜阳市中级人民法院提出上诉。书面上诉的，应当提交上诉状正本一份，副本二份。 审判长谌敏 审判员龚军 代理审判员汪筱 二〇一五年六月二日 书记员王文婧 附《中华人民共和国刑法》相关条文 第三百五十八条组织他人卖淫或者强迫他人卖淫的，处五年以上十年以下有期徒刑，并处罚金；有下列情形之一的，处十年以上有期徒刑或者无期徒刑，并处罚金或者没收财产： （一）组织他人卖淫，情节严重的； （二）强迫不满十四周岁的幼女卖淫的； （三）强迫多人卖淫或者多次强迫他人卖淫的； （四）强奸后迫使卖淫的； （五）造成被强迫卖淫的人重伤、死亡或者其他严重后果的。 有前款所列情形之一，情节特别严重的，处无期徒刑或者死刑，并处没收财产。 为组织卖淫的人招募、运送人员或者有其他协助组织他人卖淫行为的，处五年以下有期徒刑，并处罚金；情节严重的，处五年以上十年以下有期徒刑，并处罚金。 第二十五条共同犯罪是指二人以上共同故意犯罪。 二人以上共同过失犯罪，不以共同犯罪论处；应当负刑事责任的，按照他们所犯的罪分别处罚。 第五十二条判处罚金，应当根据犯罪情节决定罚金数额。 第六十四条犯罪分子违法所得的一切财物，应当予以追缴或者责令退赔；对被害人的合法财产，应当及时返还；违禁品和供犯罪所用的本人财物，应当予以没收。没收的财物和罚金，一律上缴国库，不得挪用和自行处理。 第六十四条犯罪分子违法所得的一切财物，应当予以追缴或者责令退赔；对被害人的合法财产，应当及时返还；违禁品和供犯罪所用的本人财物，应当予以没收。没收的财物和罚金，一律上缴国库，不得挪用和自行处理。",
  "writId": "039e2036202e393edce46a6b747963e0266",
  "writName": "叶宏盛组织卖淫罪，王某甲协助组织卖淫罪一审刑事判决书",
  "cid": 21496,
  "crime": [
    "组织卖淫罪",
    "协助组织卖淫罪"
  ]
}