{
  "ajId": "a5d997d9-ff50-49dc-a507-94ad0d28f84f",
  "ajName": "孙某犯危险驾驶罪一案",
  "ajjbqk": " 公诉机关指控被告人孙某于2015年7月22日12时30分许，醉酒后驾驶鲁F×××××号小型普通客车，沿新城大街由东向西行至通海路交叉路口西处时，与顺行的吴某驾驶的鲁F×××××号小型轿车相撞，致两车损坏，经交警部门认定，被告人孙某负事故的全部责任。经检验被告人孙某血液中乙醇含量为119.85㎎／100ml。案发后，被告人孙某明知他人报案而在现场等待，并如实供认犯罪事实。 上述事实，被告人在开庭审理过程中亦无异议，并有被害人吴某的陈述、公安机关出具的受案登记表及立案决定书、户籍证明、破案经过、驾驶证、行驶证复印件、理化检验鉴定报告、道路交通事故责任认定书及被告人供述予以证实，足以认定。 ",
  "cpfxgc": "本院认为，被告人孙某醉酒后驾驶机动车发生事故并负事故全部责任的行为构成危险驾驶罪。公诉机关指控的罪名成立，应予支持。被告人孙某系自首，归案后认罪态度较好，可酌情予以从轻处罚。依照《中华人民共和国刑法》第一百三十三条之一第一款、第六十七条第一款之规定，判决如下：",
  "pjjg": " 被告人孙某犯危险驾驶罪，判处拘役二个月，并处罚金人民币二千元。 （刑期从判决执行之日起计算。罚金于判决生效后十日内缴纳。） 如不服本判决，可在接到判决书的第二日起十日内，通过本院或者直接向烟台市中级人民法院提出上诉。书面上诉的应当提交上诉状正本一份，副本二份。",
  "qw": "山东省烟台市牟平区人民法院 刑事判决书 （2015）烟牟刑初字第165号 公诉机关烟台市牟平区人民检察院。 被告人孙某，职业个体工商户。2015年8月5日因涉嫌犯危险驾驶罪被取保候审。 烟台市牟平区人民检察院以烟牟检公刑诉（2015）169号起诉书指控被告人孙某犯危险驾驶罪，于2015年9月14日向本院提起公诉。本院依法适用简易程序，实行独任审判，公开开庭审理了本案。烟台市牟平区人民检察院指派检察员潘文梅出庭支持公诉，被告人孙某到庭参加了诉讼。现已审理终结。 公诉机关指控被告人孙某于2015年7月22日12时30分许，醉酒后驾驶鲁F×××××号小型普通客车，沿新城大街由东向西行至通海路交叉路口西处时，与顺行的吴某驾驶的鲁F×××××号小型轿车相撞，致两车损坏，经交警部门认定，被告人孙某负事故的全部责任。经检验被告人孙某血液中乙醇含量为119.85㎎／100ml。案发后，被告人孙某明知他人报案而在现场等待，并如实供认犯罪事实。 上述事实，被告人在开庭审理过程中亦无异议，并有被害人吴某的陈述、公安机关出具的受案登记表及立案决定书、户籍证明、破案经过、驾驶证、行驶证复印件、理化检验鉴定报告、道路交通事故责任认定书及被告人供述予以证实，足以认定。 本院认为，被告人孙某醉酒后驾驶机动车发生事故并负事故全部责任的行为构成危险驾驶罪。公诉机关指控的罪名成立，应予支持。被告人孙某系自首，归案后认罪态度较好，可酌情予以从轻处罚。依照《中华人民共和国刑法》第一百三十三条之一第一款、第六十七条第一款之规定，判决如下： 被告人孙某犯危险驾驶罪，判处拘役二个月，并处罚金人民币二千元。 （刑期从判决执行之日起计算。罚金于判决生效后十日内缴纳。） 如不服本判决，可在接到判决书的第二日起十日内，通过本院或者直接向烟台市中级人民法院提出上诉。书面上诉的应当提交上诉状正本一份，副本二份。 审判员初进伟 二〇一五年九月二十九日 书记员王露阳",
  "writId": "0074dedcbf4231b29c7fc21166e05bd8cb7",
  "writName": "孙某犯危险驾驶罪一审刑事判决书",
  "cid": 42523,
  "crime": [
    "危险驾驶罪"
  ]
}