{
  "ajId": "7bdd778d-7917-49d1-a9e3-dfa8112969d8",
  "ajName": "周某犯敲诈勒索罪一案",
  "ajjbqk": " 经审理查明，2006年7月份至2006年8月份期间，被告人周某伙同赵某甲、李某甲、胡某甲（均已判刑）冒充公安机关工作人员，在东昌府区侯营镇、临清市等地多次以“抓嫖罚款”的名义，敲诈被害人钱财，被告人周某参与敲诈四次，涉案价值10500元。具体事实分述如下： 1、2006年7月份的一天，被告人周某伙同赵某甲在东昌府区冒充公安机关人员以“抓嫖罚款”的名义，敲诈孙某现金3000元。 2、2006年7、8月份的一天，被告人周某伙同赵某甲、李某甲在临清市梁某的家中，冒充公安人员以“抓嫖罚款”的名义，敲诈梁某现金1500元。 3、2006年8月份的一天，被告人周某伙同赵某甲在东昌府区冒充公安人员以“抓嫖罚款”的名义，敲诈张某现金2000元。 4、2006年8月份的一天，被告人周某伙同赵某甲、胡某甲在阳谷县冒充公安人员以“抓嫖罚款”的名义，敲诈郑某现金4000元。 另查明，该案由被告人周某举报至聊城市东昌府区公安分局，并带领公安人员抓获赵某甲等人。 上述事实，被告人周某在开庭审理中亦无异议，且有被害人孙某、梁某、张某、郑某的陈述，共同作案人赵某甲、李某甲、胡某甲的供述，书证共同作案人赵某甲等人被判刑的判决书，抓获被告人周某的情况说明、被告人周某协助公安机关抓获其他共同作案人的办案说明及其户籍证明等证据证实，足以认定。 被告人周某的辩护人认为，被告人周某协助公安机关抓获同案犯，认罪态度较好，且系从犯，请求对其从轻处罚。 ",
  "cpfxgc": "本院认为，被告人周某伙同他人以非法占有为目的，多次勒索他人财物，数额较大，其行为已构成敲诈勒索罪，公诉机关指被告人周某的犯罪事实和罪名成立。被告人周某协助公安机关抓获同案犯，属立功；并能当庭自愿认罪，认罪态度较好，故对其依法从轻处罚。其辩护人与之相应的辩护意见，本院予以采纳。综上，根据被告人周某犯罪的事实、性质、情节和对于社会的危害程度，决定刑罚。对被告人周某依照《中华人民共和国刑法》第二百七十四条、第二十五条第一款、第六十八条、第四十七条、第六十一条、第六十七条第三款、第五十二条、第五十三条之规定，判决如下：",
  "pjjg": " 被告人周某犯敲诈勒索罪，判处有期徒刑十个月，并处罚金3000元。 （刑期从判决执行之日起计算，判决执行以前先行羁押的，羁押一日折抵刑期一日。即自2015年9月10日起折抵刑期2日至2016年7月7日止。罚金限判决生效后十日内向本院缴纳。） 如不服本判决，可在接到判决书的第二日起十日内，通过本院或者直接向山东省聊城市中级人民法院提起上诉，书面上诉的，应当提交上诉状正本一份，副本二份。",
  "qw": "山东省聊城市东昌府区人民法院 刑事判决书 （2015）聊东刑初字第387号 公诉机关山东省聊城市东昌府区人民检察院。 被告人周某，男，出生于山东省莘县，汉族，小学文化，农民。因涉嫌犯敲诈勒索罪，于2006年9月22日被聊城市东昌府区人民检察院批准逮捕，2008年6月17日被抓获，同年6月18日被监视居住，2014年12月11日继续监视居住，2015年9月10被执行逮捕。现羁押于聊城市看守所。 辩护人梁小苹、宋宗达，山东国曜（聊城）律师事务所律师。 山东省聊城市东昌府区人民检察院以聊东昌检公刑诉（2015）383号起诉书指控被告人周某犯敲诈勒索罪，于2015年9月14日向本院提起公诉，本院依法组成合议庭，公开开庭进行了审理。山东省聊城市东昌府区人民检察院指派助理检察员武晴晴、赵秋菊依法出庭支持公诉，被告人周某及其辩护人梁小苹、宋宗达到庭参加诉讼，现已审理终结。 经审理查明，2006年7月份至2006年8月份期间，被告人周某伙同赵某甲、李某甲、胡某甲（均已判刑）冒充公安机关工作人员，在东昌府区侯营镇、临清市等地多次以“抓嫖罚款”的名义，敲诈被害人钱财，被告人周某参与敲诈四次，涉案价值10500元。具体事实分述如下： 1、2006年7月份的一天，被告人周某伙同赵某甲在东昌府区冒充公安机关人员以“抓嫖罚款”的名义，敲诈孙某现金3000元。 2、2006年7、8月份的一天，被告人周某伙同赵某甲、李某甲在临清市梁某的家中，冒充公安人员以“抓嫖罚款”的名义，敲诈梁某现金1500元。 3、2006年8月份的一天，被告人周某伙同赵某甲在东昌府区冒充公安人员以“抓嫖罚款”的名义，敲诈张某现金2000元。 4、2006年8月份的一天，被告人周某伙同赵某甲、胡某甲在阳谷县冒充公安人员以“抓嫖罚款”的名义，敲诈郑某现金4000元。 另查明，该案由被告人周某举报至聊城市东昌府区公安分局，并带领公安人员抓获赵某甲等人。 上述事实，被告人周某在开庭审理中亦无异议，且有被害人孙某、梁某、张某、郑某的陈述，共同作案人赵某甲、李某甲、胡某甲的供述，书证共同作案人赵某甲等人被判刑的判决书，抓获被告人周某的情况说明、被告人周某协助公安机关抓获其他共同作案人的办案说明及其户籍证明等证据证实，足以认定。 被告人周某的辩护人认为，被告人周某协助公安机关抓获同案犯，认罪态度较好，且系从犯，请求对其从轻处罚。 本院认为，被告人周某伙同他人以非法占有为目的，多次勒索他人财物，数额较大，其行为已构成敲诈勒索罪，公诉机关指被告人周某的犯罪事实和罪名成立。被告人周某协助公安机关抓获同案犯，属立功；并能当庭自愿认罪，认罪态度较好，故对其依法从轻处罚。其辩护人与之相应的辩护意见，本院予以采纳。综上，根据被告人周某犯罪的事实、性质、情节和对于社会的危害程度，决定刑罚。对被告人周某依照《中华人民共和国刑法》第二百七十四条、第二十五条第一款、第六十八条、第四十七条、第六十一条、第六十七条第三款、第五十二条、第五十三条之规定，判决如下： 被告人周某犯敲诈勒索罪，判处有期徒刑十个月，并处罚金3000元。 （刑期从判决执行之日起计算，判决执行以前先行羁押的，羁押一日折抵刑期一日。即自2015年9月10日起折抵刑期2日至2016年7月7日止。罚金限判决生效后十日内向本院缴纳。） 如不服本判决，可在接到判决书的第二日起十日内，通过本院或者直接向山东省聊城市中级人民法院提起上诉，书面上诉的，应当提交上诉状正本一份，副本二份。 审判长王英军 人民陪审员王智孟 人民陪审员王忠运 二〇一五年十二月十一日 书记员张坤",
  "writId": "052dfc26a95e2c3829c8935542a49b34809",
  "writName": "周某犯敲诈勒索罪一审刑事判决书",
  "cid": 43711,
  "crime": [
    "敲诈勒索罪"
  ]
}