{
  "ajId": "bc6e3164-dd72-4c21-9578-af78cf731997",
  "ajName": "陈杰、陈强开设赌场一案",
  "ajjbqk": " 经审理查明： 一、2017年5月初，张正飘、谢秀明（2人已判刑）组织他人在阳春市松柏镇青山、石岗村委会，陂面镇那座火龙果园等地开设赌场。该赌场成场不少于20场，每场抽水不少于2500元，共抽水不少于50000元。期间，被告人陈强在该赌场内放高利贷并收取利息。 同时刘某志（另案处理）伙同胡某1、胡某2、植兰戈（3人已判刑）等人在云浮市新兴县河头镇将军垌开设赌场。因松柏镇赌场不兴旺，同月谢某、胡某2便带松柏赌场的人员参与到将军垌赌场旺场，开设一段时间后赌场又转移到湾边一旧腐竹厂一带，一直开设至同年7月初，该赌场每天分日、夜二场，成场不少于74场，平均每场抽水不少于1万元。其中，被告人陈强在赌场内放高利贷并收取利息；被告人陈杰在该赌场放出高利贷2000元，获利100元。另外，陈杰为该赌场搭客1次并获利100元。 二、2017年7月初，以植兰戈、胡国昌、胡国海、张正飘、谢秀明、罗敏等人（上述人员均已判刑）为首的赌博团伙在云浮市云安县富林镇庙山村委会江屋村、云利村等地开设赌场，上述赌场开设近两个月，至同年8月底停场。该赌场成场不少于80场，每场参赌人数不少于30人，平均每场抽水不少于5000元。其中，被告人陈强在赌场内放高利贷并收取利息；被告人陈杰在该赌场放出高利贷4000元，获利200元。另外，陈杰为该赌场搭客11次并获利1400元。 另查明，陈强经江门市第三人民医院法医精神病司法鉴定所鉴定为颅脑外伤所致精神障碍（缓解期），目前有受审能力。 上述事实，被告人陈杰、陈强在开庭审理过程中亦无异议，并有同案人严某2供述、严某3、冯某、黎某、李某1、胡某2、余某2伟、郑某、苏某1、谢某、张正飘、陆百谦、李某2、李树华、洪某、黄某2、张某1、罗某1、黄某3、区安、苏某2金、李某3、谭某、植兰戈、张某2、严某4、罗某2的供述，证人潘某、梁某、黄某1、林某1证言、劳某、严某1、余某1证言，辨认笔录，行政处罚决定书，户籍证明、个人信息表、证明，抓获经过，同案人判决书，法医精神病鉴定意见书及通知书 ",
  "cpfxgc": "本院认为，被告人陈杰、陈强无视国家法律，以营利为目的，伙同他人开设临时简易赌场，为赌博提供场所、设定赌博方式、提供赌具、抽头渔利，开设赌场时间长，参与人员时分时合，人数众多，赌场流动地点多，获利数额巨大，本地区影响较大，情节严重，依法应予惩处。被告人陈杰在赌场为赌客提供赌资、搭载赌客；被告人陈强为赌客提供赌资，在共同犯罪中起次要作用，是从犯，依法均可减轻处罚；被告人陈杰在归案后、被告人陈强在庭审中能如实供述主要犯罪事实，并能自愿认罪，依法可从轻处罚；被告人陈强有精神障碍，依法酌情从轻处罚。辩护人陈小菊、谢采彤提出被告人陈强是从犯，应从轻处罚的理由成立，予以采纳，但建议适用缓刑，本院不予采纳。根据本案被告人的犯罪事实，犯罪性质、情节和对于社会的危害程度及归案后的认罪、悔罪情况，依照《中华人民共和国刑法》第三百零三条第二款，第二十五条，第二十七条，第五十二条，第五十三条，第六十四条，第六十七条第三款的规定，判决如下：",
  "pjjg": " 一、被告人陈杰犯开设赌场罪，判处有期徒刑一年四个月，并处罚金5000元，罚金限在本判决发生法律效力之日起十日内缴纳。 （刑期从判决执行之日起计算。判决执行以前先行羁押的，羁押一日折抵刑期一日，即自2018年11月16日起至2020年3月15日止。） 二、被告人陈强犯开设赌场罪，判处有期徒刑一年二个月，并处罚金5000元，罚金限在本判决发生法律效力之日起十日内缴纳。 （刑期从判决执行之日起计算。判决执行以前先行羁押的，羁押一日折抵刑期一日，即自2018年12月12日起至2020年2月11日止。） 三、继续追缴被告人陈杰赌资4000元、非法所得1800元，上缴国库。 如不服本判决，可在接到判决书的第二日起十日内，通过本院或直接向阳江市中级人民法院提出上诉。书面上诉的，应当提交上诉状正本一份、副本三份。",
  "qw": "广东省阳春市人民法院 刑事判决书 （2019）粤1781刑初124号 公诉机关广东省阳春市人民检察院。 被告人陈杰，绰号“傻杰”，男，1968年5月7日出生于广东省新兴县，汉族，小学文化，农民，户籍地及住址新兴县。因本案经阳春市人民检察院批准，于2018年11月16日被阳春市公安局执行逮捕。现羁押在阳春市看守所。 被告人陈强，绰号“傻强”，男，1972年2月19日出生于广东省阳春市，汉族，高中文化，务工，户籍地及住址阳春市。因本案经阳春市人民检察院批准，于2018年12月12日被阳春市公安局执行逮捕。现羁押在阳春市看守所。 辩护人陈小菊，汉族，初中文化，个体工商户，住台山市。是被告人陈强的姐姐。 指定辩护人谢采彤，广东春洲律师事务所律师。 阳春市人民检察院以春检诉刑诉［2019］71号起诉书指控被告人陈杰、陈强犯开设赌场罪，于2019年3月21日向本院提起公诉。本院于同日立案，依法适用普通程序，组成合议庭，于同年5月7日公开开庭审理了本案。阳春市人民检察院指派检察员谢颜出庭支持公诉，被告人陈杰、陈强，辩护人陈小菊、谢采彤到庭参加了诉讼。现已审理终结。 经审理查明： 一、2017年5月初，张正飘、谢秀明（2人已判刑）组织他人在阳春市松柏镇青山、石岗村委会，陂面镇那座火龙果园等地开设赌场。该赌场成场不少于20场，每场抽水不少于2500元，共抽水不少于50000元。期间，被告人陈强在该赌场内放高利贷并收取利息。 同时刘某志（另案处理）伙同胡某1、胡某2、植兰戈（3人已判刑）等人在云浮市新兴县河头镇将军垌开设赌场。因松柏镇赌场不兴旺，同月谢某、胡某2便带松柏赌场的人员参与到将军垌赌场旺场，开设一段时间后赌场又转移到湾边一旧腐竹厂一带，一直开设至同年7月初，该赌场每天分日、夜二场，成场不少于74场，平均每场抽水不少于1万元。其中，被告人陈强在赌场内放高利贷并收取利息；被告人陈杰在该赌场放出高利贷2000元，获利100元。另外，陈杰为该赌场搭客1次并获利100元。 二、2017年7月初，以植兰戈、胡国昌、胡国海、张正飘、谢秀明、罗敏等人（上述人员均已判刑）为首的赌博团伙在云浮市云安县富林镇庙山村委会江屋村、云利村等地开设赌场，上述赌场开设近两个月，至同年8月底停场。该赌场成场不少于80场，每场参赌人数不少于30人，平均每场抽水不少于5000元。其中，被告人陈强在赌场内放高利贷并收取利息；被告人陈杰在该赌场放出高利贷4000元，获利200元。另外，陈杰为该赌场搭客11次并获利1400元。 另查明，陈强经江门市第三人民医院法医精神病司法鉴定所鉴定为颅脑外伤所致精神障碍（缓解期），目前有受审能力。 上述事实，被告人陈杰、陈强在开庭审理过程中亦无异议，并有同案人严某2供述、严某3、冯某、黎某、李某1、胡某2、余某2伟、郑某、苏某1、谢某、张正飘、陆百谦、李某2、李树华、洪某、黄某2、张某1、罗某1、黄某3、区安、苏某2金、李某3、谭某、植兰戈、张某2、严某4、罗某2的供述，证人潘某、梁某、黄某1、林某1证言、劳某、严某1、余某1证言，辨认笔录，行政处罚决定书，户籍证明、个人信息表、证明，抓获经过，同案人判决书，法医精神病鉴定意见书及通知书 本院认为，被告人陈杰、陈强无视国家法律，以营利为目的，伙同他人开设临时简易赌场，为赌博提供场所、设定赌博方式、提供赌具、抽头渔利，开设赌场时间长，参与人员时分时合，人数众多，赌场流动地点多，获利数额巨大，本地区影响较大，情节严重，依法应予惩处。被告人陈杰在赌场为赌客提供赌资、搭载赌客；被告人陈强为赌客提供赌资，在共同犯罪中起次要作用，是从犯，依法均可减轻处罚；被告人陈杰在归案后、被告人陈强在庭审中能如实供述主要犯罪事实，并能自愿认罪，依法可从轻处罚；被告人陈强有精神障碍，依法酌情从轻处罚。辩护人陈小菊、谢采彤提出被告人陈强是从犯，应从轻处罚的理由成立，予以采纳，但建议适用缓刑，本院不予采纳。根据本案被告人的犯罪事实，犯罪性质、情节和对于社会的危害程度及归案后的认罪、悔罪情况，依照《中华人民共和国刑法》第三百零三条第二款，第二十五条，第二十七条，第五十二条，第五十三条，第六十四条，第六十七条第三款的规定，判决如下： 一、被告人陈杰犯开设赌场罪，判处有期徒刑一年四个月，并处罚金5000元，罚金限在本判决发生法律效力之日起十日内缴纳。 （刑期从判决执行之日起计算。判决执行以前先行羁押的，羁押一日折抵刑期一日，即自2018年11月16日起至2020年3月15日止。） 二、被告人陈强犯开设赌场罪，判处有期徒刑一年二个月，并处罚金5000元，罚金限在本判决发生法律效力之日起十日内缴纳。 （刑期从判决执行之日起计算。判决执行以前先行羁押的，羁押一日折抵刑期一日，即自2018年12月12日起至2020年2月11日止。） 三、继续追缴被告人陈杰赌资4000元、非法所得1800元，上缴国库。 如不服本判决，可在接到判决书的第二日起十日内，通过本院或直接向阳江市中级人民法院提出上诉。书面上诉的，应当提交上诉状正本一份、副本三份。 审判长严家明 审判员林向东 人民陪审员李文婷 二〇一九年五月二十四日 书记员罗青桃",
  "writId": "0537d04f872f34436ef8e268c41496cc4ab",
  "writName": "陈杰、陈强开设赌场一审刑事判决书",
  "cid": 14398,
  "crime": [
    "开设赌场罪"
  ]
}