{
  "ajId": "7c5f8564-b48a-45a0-a6a0-b2c032a2c6f8",
  "ajName": "韩锋赫危险驾驶一案",
  "ajjbqk": " 公诉机关指控：2017年4月17日2时许，被告人韩锋赫酒后驾驶牌号为X的小型轿车行驶至本市闵行区×路×路路口处将车停在马路中央后睡着，被民警查获。经鉴定，被告人韩锋赫血液中乙醇浓度为2.03mg／mL。 被告人韩锋赫到案后如实供述其酒后驾驶机动车的事实。 上述事实，被告人韩锋赫在开庭审理过程中亦无异议，且有证人杨某某的证言，被告人韩锋赫的驾驶证及涉案车辆行驶证，公安机关出具的接警单、案发简要经过、工作情况、相关抽血照片，上海枫林司法鉴定有限公司出具的法医毒物化学司法鉴定检验报告书，被告人韩锋赫的供述等证据证实，足以认定。 ",
  "cpfxgc": "本院认为，被告人韩锋赫违反交通运输管理法规，在道路上醉酒驾驶机动车，其行为已构成危险驾驶罪。被告人韩锋赫到案后能如实供述自己罪行，依法可以从轻处罚。公诉机关的指控成立，本院予以确认。辩护人以被告人韩锋赫认罪悔罪等为由请求对韩锋赫从宽处罚的辩护意见，本院予以采纳。据此，依照《中华人民共和国刑法》第一百三十三条之一第一款第（二）项、第六十七条第三款、第五十二条、第五十三条之规定，判决如下：",
  "pjjg": " 被告人韩锋赫犯危险驾驶罪，判处拘役二个月，并处罚金人民币三千元。 （刑期从判决执行之日起计算。判决执行以前先行羁押的，羁押一日折抵刑期一日。罚金自本判决生效之日起三十日内如数缴纳。） 如不服本判决，可在接到判决书的第二日起十日内，通过本院或者直接向上海市第一中级人民法院提出上诉。书面上诉的，应当提交上诉状正本一份，副本两份。通过本院书面上诉的，应将上诉状正、副本送（寄）往本院立案庭。",
  "qw": "韩锋赫危险驾驶一审刑事判决书 上海市闵行区人民法院 刑事判决书 （2017）沪0112刑初1211号 公诉机关上海市闵行区人民检察院。 被告人自报韩锋赫。 辩护人陈善权，上海市国和律师事务所律师。 上海市闵行区人民检察院以沪闵检诉刑诉［2017］1171号起诉书指控被告人韩锋赫犯危险驾驶罪，于2017年7月7日向本院提起公诉。本院依法适用简易程序，实行独任审判，公开开庭审理了本案。上海市闵行区人民检察院指派检察员彭某某出庭支持公诉，被告人韩锋赫及其辩护人陈善权到庭参加诉讼。本案现已审理终结。 公诉机关指控：2017年4月17日2时许，被告人韩锋赫酒后驾驶牌号为X的小型轿车行驶至本市闵行区×路×路路口处将车停在马路中央后睡着，被民警查获。经鉴定，被告人韩锋赫血液中乙醇浓度为2.03mg／mL。 被告人韩锋赫到案后如实供述其酒后驾驶机动车的事实。 上述事实，被告人韩锋赫在开庭审理过程中亦无异议，且有证人杨某某的证言，被告人韩锋赫的驾驶证及涉案车辆行驶证，公安机关出具的接警单、案发简要经过、工作情况、相关抽血照片，上海枫林司法鉴定有限公司出具的法医毒物化学司法鉴定检验报告书，被告人韩锋赫的供述等证据证实，足以认定。 本院认为，被告人韩锋赫违反交通运输管理法规，在道路上醉酒驾驶机动车，其行为已构成危险驾驶罪。被告人韩锋赫到案后能如实供述自己罪行，依法可以从轻处罚。公诉机关的指控成立，本院予以确认。辩护人以被告人韩锋赫认罪悔罪等为由请求对韩锋赫从宽处罚的辩护意见，本院予以采纳。据此，依照《中华人民共和国刑法》第一百三十三条之一第一款第（二）项、第六十七条第三款、第五十二条、第五十三条之规定，判决如下： 被告人韩锋赫犯危险驾驶罪，判处拘役二个月，并处罚金人民币三千元。 （刑期从判决执行之日起计算。判决执行以前先行羁押的，羁押一日折抵刑期一日。罚金自本判决生效之日起三十日内如数缴纳。） 如不服本判决，可在接到判决书的第二日起十日内，通过本院或者直接向上海市第一中级人民法院提出上诉。书面上诉的，应当提交上诉状正本一份，副本两份。通过本院书面上诉的，应将上诉状正、副本送（寄）往本院立案庭。 代理审判员黄娄莹 二〇一七年七月二十五日 书记员劳玉华 附：相关法律条文 附：相关法律条文 《中华人民共和国刑法》 第一百三十三条之一在道路上驾驶机动车，有下列情形之一的，处拘役，并处罚金： …… （二）醉酒驾驶机动车的； …… 第六十七条…… 犯罪嫌疑人虽不具有前两款规定的自首情节，但是如实供述自己罪行的，可以从轻处罚；因其如实供述自己罪行，避免特别严重后果发生的，可以减轻处罚。 第五十二条判处罚金，应当根据犯罪情节决定罚金数额。 第五十三条罚金在判决指定的期限内一次或者分期缴纳。期满不缴纳的，强制缴纳。对于不能全部缴纳罚金的，人民法院在任何时候发现被执行人有可以执行的财产，应当随时追缴。 由于遭遇不能抗拒的灾祸等原因缴纳确实有困难的，经人民法院裁定，可以延期缴纳、酌情减少或者免除。",
  "writId": "064abbb87b3fbcc935fb5fea1dc6aa0b4a3",
  "writName": "韩锋赫危险驾驶一审刑事判决书",
  "cid": 18211,
  "crime": [
    "危险驾驶罪"
  ]
}