{
  "ajId": "e6296fff-3885-4a3c-af9b-69506bfa138d",
  "ajName": "曾加文、王辉寻衅滋事罪一案",
  "ajjbqk": " 经审理查明： 2018年12月25日0时许，被告人曾加文携带刀具，邀集被告人王辉一起到温岭市准备参与打架。后在缔郎KTV一楼电梯口，被告人曾加文、王辉与坐电梯出来的葛某、申某等人发生口角并相互推搡。随后，被告人曾加文、王辉持刀砍击被害人葛某、申某。经法医鉴定，被害人葛某、申某的人体损伤程度均已构成轻微伤。 2019年1月20日，贵州省六枝特区公安局牛场派出所民警在六枝特区牛场乡箐脚村寨上组被告人王辉家中将其抓获。2019年2月1日，贵州省纳雍县公安局曙光派出所民警在纳雍县被告人曾加文家中将其抓获。被告人曾加文、王辉归案后，均如实供述其涉案事实。 上述事实，被告人曾加文、王辉在开庭审理过程中亦无异议，并有证人王某、管某、郭某、盛某的证言，被害人申某、葛某的陈述，被告人曾加文、王辉的供述，法医学人体损伤程度鉴定书，辨认笔录，监控视频、截图，二被告人户籍信息，前科劣迹资料，侦查机关出具的抓获经过证明等证据证实，足以认定。 ",
  "cpfxgc": "本院认为，被告人曾加文、王辉结伙，在公共场所持刀随意殴打他人，致二人轻微伤，情节恶劣，其行为均已构成寻衅滋事罪，系共同犯罪。公诉机关指控罪名成立。被告人曾加文有前科劣迹，应酌情予以从重处罚。在共同犯罪中，被告人王辉的作用相对于被告人曾加文较小。鉴于被告人曾加文、王辉归案后均如实供述犯罪事实，在庭审中自愿认罪，根据被告人曾加文、王辉在共同犯罪中所起的具体作用，决定对二被告人分别依法予以从轻处罚。综上，依照《中华人民共和国刑法》第二百九十三条第一款第（一）项、第二十五条第一款、第六十七条第三款之规定，判决如下：",
  "pjjg": " 一、被告人曾加文犯寻衅滋事罪，判处有期徒刑一年十个月。 （刑期从判决执行之日起计算。判决执行以前先行羁押的，羁押一日折抵刑期一日，即自2019年2月1日起至2020年11月30日止。） 二、被告人王辉犯寻衅滋事罪，判处有期徒刑一年六个月。 （刑期从判决执行之日起计算。判决执行以前先行羁押的，羁押一日折抵刑期一日，即自2019年1月20日起至2020年7月19日止。） 如不服本判决，可在接到判决书的第二日起十日内，通过本院或者直接向浙江省台州市中级人民法院提出上诉。书面上诉的，应当提交上诉状正本一份，副本二份。",
  "qw": "浙江省温岭市人民法院 刑事判决书 （2019）浙1081刑初834号 公诉机关温岭市人民检察院。 被告人曾加文，男，1996年11月17日出生于贵州省纳雍县，汉族，小学文化，农民，住贵州省纳雍县。2017年10月27日因盗窃被温岭市人民检察院相对不起诉；2017年11月14日因非法携带管制器具被温岭市公安局行政拘留五日，并处罚款人民币二百元；2018年2月11日因盗窃被温岭市人民法院判处拘役五个月，并处罚金人民币一千元。因本案于2019年2月1日被温岭市公安局刑事拘留，同年3月7日被依法逮捕。现羁押于温岭市看守所。 被告人王辉，曾用名王光军，男，1995年3月4日出生于贵州省六盘水市，汉族，初中文化，农民，住贵州省六盘水市六枝特区。因本案于2019年1月20日被温岭市公安局刑事拘留，同年2月27日被依法逮捕。现羁押于温岭市看守所。 温岭市人民检察院以台温检公诉刑诉（2019）763号起诉书指控被告人曾加文、王辉犯寻衅滋事罪，于2019年5月28日向本院提起公诉。本院受理后，依法适用简易程序，并组成合议庭，公开开庭进行了审理。温岭市人民检察院指派检察员卢晨宵出庭支持公诉，被告人曾加文、王辉到庭参加诉讼。现已审理终结。 经审理查明： 2018年12月25日0时许，被告人曾加文携带刀具，邀集被告人王辉一起到温岭市准备参与打架。后在缔郎KTV一楼电梯口，被告人曾加文、王辉与坐电梯出来的葛某、申某等人发生口角并相互推搡。随后，被告人曾加文、王辉持刀砍击被害人葛某、申某。经法医鉴定，被害人葛某、申某的人体损伤程度均已构成轻微伤。 2019年1月20日，贵州省六枝特区公安局牛场派出所民警在六枝特区牛场乡箐脚村寨上组被告人王辉家中将其抓获。2019年2月1日，贵州省纳雍县公安局曙光派出所民警在纳雍县被告人曾加文家中将其抓获。被告人曾加文、王辉归案后，均如实供述其涉案事实。 上述事实，被告人曾加文、王辉在开庭审理过程中亦无异议，并有证人王某、管某、郭某、盛某的证言，被害人申某、葛某的陈述，被告人曾加文、王辉的供述，法医学人体损伤程度鉴定书，辨认笔录，监控视频、截图，二被告人户籍信息，前科劣迹资料，侦查机关出具的抓获经过证明等证据证实，足以认定。 本院认为，被告人曾加文、王辉结伙，在公共场所持刀随意殴打他人，致二人轻微伤，情节恶劣，其行为均已构成寻衅滋事罪，系共同犯罪。公诉机关指控罪名成立。被告人曾加文有前科劣迹，应酌情予以从重处罚。在共同犯罪中，被告人王辉的作用相对于被告人曾加文较小。鉴于被告人曾加文、王辉归案后均如实供述犯罪事实，在庭审中自愿认罪，根据被告人曾加文、王辉在共同犯罪中所起的具体作用，决定对二被告人分别依法予以从轻处罚。综上，依照《中华人民共和国刑法》第二百九十三条第一款第（一）项、第二十五条第一款、第六十七条第三款之规定，判决如下： 一、被告人曾加文犯寻衅滋事罪，判处有期徒刑一年十个月。 （刑期从判决执行之日起计算。判决执行以前先行羁押的，羁押一日折抵刑期一日，即自2019年2月1日起至2020年11月30日止。） 二、被告人王辉犯寻衅滋事罪，判处有期徒刑一年六个月。 （刑期从判决执行之日起计算。判决执行以前先行羁押的，羁押一日折抵刑期一日，即自2019年1月20日起至2020年7月19日止。） 如不服本判决，可在接到判决书的第二日起十日内，通过本院或者直接向浙江省台州市中级人民法院提出上诉。书面上诉的，应当提交上诉状正本一份，副本二份。 审判员谢福明 人民陪审员朱锭舫 人民陪审员孙夏友 二〇一九年六月二十六日 代书记员张健安 。 附件：本案判决所依据的法律条文 《中华人民共和国刑法》 第二百九十三条有下列寻衅滋事行为之一，破坏社会秩序的，处五年以下有期徒刑、拘役或者管制： （一）随意殴打他人，情节恶劣的； （二）追逐、拦截、辱骂、恐吓他人，情节恶劣的； （三）强拿硬要或者任意损毁、占用公私财物，情节严重的； （四）在公共场所起哄闹事，造成公共场所秩序严重混乱的。 纠集他人多次实施前款行为，严重破坏社会秩序的，处五年以上十年以下有期徒刑，可以并处罚金。 第二十五条共同犯罪是指二人以上共同故意犯罪。 二人以上共同过失犯罪，不以共同犯罪论处；应当负刑事责任的，按照他们所犯的罪分别处罚。 第六十七条犯罪以后自动投案，如实供述自己的罪行的，是自首。对于自首的犯罪分子，可以从轻或者减轻处罚。其中，犯罪较轻的，可以免除处罚。 被采取强制措施的犯罪嫌疑人、被告人和正在服刑的罪犯，如实供述司法机关还未掌握的本人其他罪行的，以自首论。 犯罪嫌疑人虽不具有前两款规定的自首情节，但是如实供述自己罪行的，可以从轻处罚；因其如实供述自己罪行，避免特别严重后果发生的，可以减轻处罚。",
  "writId": "006e5b454169b5d6c1e30fc9071a11b8a48",
  "writName": "曾加文、王辉寻衅滋事罪一审刑事判决书",
  "cid": 22256,
  "crime": [
    "寻衅滋事罪"
  ]
}