{
  "ajId": "65a42c2f-ff16-4901-864a-d6981fb8820c",
  "ajName": "徐某某扰乱无线电通讯管理秩序一案",
  "ajjbqk": " 公诉机关指控，2017年11月28日至12月6日间，被告人徐某某与黄首智、张寿林（均另案处理）等人经预谋后租赁本市浦东新区年家浜路XXX号XXX室，并在该房屋内非法设置频率为99.4MHz的黑广播播放性药销售广告以牟利。期间，被告人徐某某等人通过该黑广播广告将药品售予居住于本市松江区、青浦区的姚某某、金某某、陈某某等人。后经鉴定，该黑广播发射点到监测点直线距离约为18.9公里，覆盖范围超过10公里。 2018年1月22日，被告人徐某某被公安机关抓获。 上述事实，被告人徐某某在开庭审理过程中亦无异议，且有证人李某、姚某某、金某某、陈某某等人的证言及相关辨认笔录，监控截图，手机微信截图，上海市无线电管理局出具的关于通报黑广播监测定位信息的函，上海市文化广播影视管理局出具的鉴定报告，公安机关出具的搜查证、扣押清单、扣押笔录、扣押物品照片、案发抓获经过、人口信息等证据证实，足以认定。 ",
  "cpfxgc": "本院认为，被告人徐某某等人违反国家规定，擅自设置、使用无线电频率，干扰无线电通讯秩序，情节严重，其行为已构成扰乱无线电通讯管理秩序罪。公诉机关指控的罪名成立。被告人徐某某到案后如实供述自己的犯罪事实，可依法从轻处罚。被告人徐某某当庭能自愿认罪，可酌情从轻处罚。辩护人所提对被告人徐某某相关从轻处罚的意见，予以采纳。综上，根据被告人徐某某犯罪的事实、性质、情节和对于社会的危害程度等，依照《中华人民共和国刑法》第二百八十八条第一款、第二十五条第一款、第六十七条第三款、第六十四条、第五十二条、第五十三条的规定，判决如下：",
  "pjjg": " 一、被告人徐某某犯扰乱无线电通讯管理秩序罪，判处有期徒刑一年三个月，并处罚金人民币二千元。 （刑期从判决执行之日起计算，判决执行以前先行羁押的，羁押一日折抵刑期一日，即自2018年1月22日起至2019年4月21日止；罚金于本判决生效之日起十日内向本院缴纳。） 二、扣押在案的计算机设备、通讯器材等，予以没收。 如不服本判决，可在接到判决书的第二日起十日内，通过本院或者直接向上海市第一中级人民法院提出上诉。书面上诉的，应当提交上诉状正本一份，副本二份。",
  "qw": "上海市松江区人民法院 刑事判决书 （2018）沪0117刑初810号 公诉机关上海市松江区人民检察院。 被告人自报徐某某，男，1981年12月3日出生，汉族，户籍所在地安徽省。 辩护人颜美星、程宇豪，上海昌鑫律师事务所律师。 上海市松江区人民检察院以沪松检诉刑诉（2018）815号起诉书指控被告人徐某某犯扰乱无线电通讯管理秩序罪，于2018年5月23日向本院提起公诉。本院依法适用简易程序，实行独任审判，公开开庭审理了本案。上海市松江区人民检察院检察员李舸禛、被告人徐某某及其辩护人颜美星到庭参加诉讼。现已审理终结。 公诉机关指控，2017年11月28日至12月6日间，被告人徐某某与黄首智、张寿林（均另案处理）等人经预谋后租赁本市浦东新区年家浜路XXX号XXX室，并在该房屋内非法设置频率为99.4MHz的黑广播播放性药销售广告以牟利。期间，被告人徐某某等人通过该黑广播广告将药品售予居住于本市松江区、青浦区的姚某某、金某某、陈某某等人。后经鉴定，该黑广播发射点到监测点直线距离约为18.9公里，覆盖范围超过10公里。 2018年1月22日，被告人徐某某被公安机关抓获。 上述事实，被告人徐某某在开庭审理过程中亦无异议，且有证人李某、姚某某、金某某、陈某某等人的证言及相关辨认笔录，监控截图，手机微信截图，上海市无线电管理局出具的关于通报黑广播监测定位信息的函，上海市文化广播影视管理局出具的鉴定报告，公安机关出具的搜查证、扣押清单、扣押笔录、扣押物品照片、案发抓获经过、人口信息等证据证实，足以认定。 本院认为，被告人徐某某等人违反国家规定，擅自设置、使用无线电频率，干扰无线电通讯秩序，情节严重，其行为已构成扰乱无线电通讯管理秩序罪。公诉机关指控的罪名成立。被告人徐某某到案后如实供述自己的犯罪事实，可依法从轻处罚。被告人徐某某当庭能自愿认罪，可酌情从轻处罚。辩护人所提对被告人徐某某相关从轻处罚的意见，予以采纳。综上，根据被告人徐某某犯罪的事实、性质、情节和对于社会的危害程度等，依照《中华人民共和国刑法》第二百八十八条第一款、第二十五条第一款、第六十七条第三款、第六十四条、第五十二条、第五十三条的规定，判决如下： 一、被告人徐某某犯扰乱无线电通讯管理秩序罪，判处有期徒刑一年三个月，并处罚金人民币二千元。 （刑期从判决执行之日起计算，判决执行以前先行羁押的，羁押一日折抵刑期一日，即自2018年1月22日起至2019年4月21日止；罚金于本判决生效之日起十日内向本院缴纳。） 二、扣押在案的计算机设备、通讯器材等，予以没收。 如不服本判决，可在接到判决书的第二日起十日内，通过本院或者直接向上海市第一中级人民法院提出上诉。书面上诉的，应当提交上诉状正本一份，副本二份。 审判员孙文华 二〇一八年六月七日 书记员韩玲 附：相关法律条文 《中华人民共和国刑法》 第二百八十八条第一款 违反国家规定，擅自设置、使用无线电台（站），或者擅自使用无线电频率，干扰无线电通讯秩序，情节严重的，处三年以下有期徒刑、拘役或者管制，并处或者单处罚金；情节特别严重的，处三年以上七年以下有期徒刑，并处罚金。 第二十五条第一款 共同犯罪是指二人以上共同故意犯罪。 第六十七条第三款 犯罪嫌疑人虽不具有前两款规定的自首情节，但是如实供述自己罪行的，可以从轻处罚；因其如实供述自己罪行，避免特别严重后果发生的，可以减轻处罚。 第六十四条 犯罪分子违法所得的一切财物，应当予以追缴或者责令退赔；对被害人的合法财产，应当及时返还；违禁品和供犯罪所用的本人财物，应当予以没收。没收的财物和罚金，一律上缴国库，不得挪用和自行处理。 第五十二条 判处罚金，应当根据犯罪情节决定罚金数额。 第五十三条 罚金在判决指定的期限内一次或者分期缴纳。期满不缴纳的，强制缴纳。对于不能全部缴纳罚金的，人民法院在任何时候发现被执行人有可以执行的财产，应当随时追缴。 由于遭遇不能抗拒的灾祸等原因缴纳确实有困难的，经人民法院裁定，可以延期缴纳、酌情减少或者免除。",
  "writId": "0413a320e4f82d34968bbf5c092a3f41855",
  "writName": "徐某某扰乱无线电通讯管理秩序一审刑事判决书",
  "cid": 26028,
  "crime": [
    "扰乱无线电通讯管理秩序罪"
  ]
}