{
  "ajId": "c0b58987-b0b2-4e60-ad22-87d4c143e7a2",
  "ajName": "王彬、高万芳盗窃罪一案",
  "ajjbqk": " 武夷山市人民检察院指控，2018年1月上旬，被告人王彬伙同邓超、朱某（均另案处理）冒充银行客服人员以办理高额信用卡的名义实施诈骗。由朱某出资5000元用于群发诈骗信息，王彬、邓超负责具体实施。2018年1月20日，被害人叶某收到群发的诈骗信息后打电话咨询。王彬和邓超冒充中国工商银行客服，以办理高额信用卡为由，发送虚假链接给叶某，让其填入个人资料、银行卡信息、U盾密码等。通过上述信息，邓超将叶某银行卡里的100000元非法转入马某名下的银行卡内。确认到账后，邓超联系胡祥（另案处理），胡祥联系张作军（另案处理），由张作军负责分散转移并且取现。张作军将马某银行卡里的100000元分散转移到被告人高万芳和伊某名下的银行卡内，之后伙同高万芳从各银行ATM机取现80000元，到西宁市城北区嘉福缘金店购买金饰刷卡19988元。当日下午，张作军与高万芳将其中69500元现金存入王彬的银行账户。次日，张作军又存入王彬的银行账户5000元。收到钱款后，王彬将29000元转给邓超，28000元转给朱某，剩余的17500元被其用于日常消费。 针对上述指控，公诉机关提供了相应的证据材料，并认为，被告人王彬伙同他人以非法占有为目的，骗取他人个人及银行卡信息后，利用网络技术手段秘密窃取他人财物100000元，其行为触犯了《中华人民共和国刑法》第二百六十四条，应当以盗窃罪追究其刑事责任；被告人高万芳明知是犯罪所得的赃物而予以转移，其行为触犯了《中华人民共和国刑法》第三百一十二条，应当以掩饰、隐瞒犯罪所得罪追究其刑事责任。 被告人王彬对公诉机关指控的犯罪事实没有意见，但认为构成诈骗罪，而不是盗窃罪。 被告人高万芳对公诉机关指控的犯罪事实均无异议，未作辩解。 经审理查明，2018年1月上旬，被告人王彬伙同邓超、朱某冒充银行客服人员以办理高额信用卡的名义实施诈骗。由朱某出资5000元用于群发诈骗信息，王彬、邓超负责具体实施。2018年1月20日，被害人叶某收到群发的诈骗信息后打电话咨询。王彬和邓超冒充中国工商银行客服，以办理高额信用卡为由，要求叶某先往银行卡内存入一定金额的钱款，并发送设置了木马程序的虚假链接给叶某，让其填入个人资料、银行卡信息、U盾密码等，后叶某银行卡内的100000元便转入了马某名下的银行卡内。确认到账后，邓超联系胡祥，胡祥联系张作军，由张作军负责分散转移并且取现。张作军将马某银行卡里的100000元分散转移到被告人高万芳和伊某名下的银行卡内，之后伙同高万芳从各银行ATM机取现60000元，到西宁市城北区嘉福缘金店购买金饰刷卡19988元，另，张作军单独从银行ATM机取现19900元。当日下午，张作军与高万芳将其中69500元现金存入王彬的银行账户。次日，张作军又存入王彬的银行账户5000元。收到钱款后，王彬将29000元转给邓超，28000元转给朱某，剩余的17500元被王彬用于日常消费。 2018年3月8日，高万芳在青海西宁城北区火电家属院3号楼101室被公安机关抓获归案。次日，王彬在湖南娄底市娄星区贤童农贸市场附近出租房内被公安机关抓获归案。到案后，高万芳家属赔偿被害人叶某20000元，叶某表示谅解高万芳的行为。 上述事实，有书证受理案件登记表、户籍证明、抓获经过、羁押证明、银行交易流水、转账记录、辨认笔录、活期存款凭证等；证人马某、巴某、伊某、邹某、赵某、朱某的证言；被害人叶某的陈述；被告人王彬、高万芳的供述；指认照片；视听资料监控视频等证据证实，被告人王彬、高万芳在开庭审理过程中亦无异议，足以认定。 关于被告人王彬的行为定性的问题，本院作如下评判： 经查，被害人叶某的陈述证实接到自称是工商银行信用卡中心的客服电话，说叶某可以申请一张十万额度左右的信用卡，但是需要叶的银行卡内有100000元的现金。叶打开对方用QQ发来的一个链接，在网站里面填写了个人资料和银行卡的情况，并按照对方的要求插入U盾，把U盾显示的密码输入网页内，后发现银行卡内的100000元现金被转走。被告人王彬的供述证实，群发诈骗短信后，如果有人上当拨打了短信上面的电话，王彬等人便冒充银行客服人员，说可以代办高额信用卡，但是需要做流水，让被害人往银行卡存一定金额的钱，再让被害人登录木马网站将钱打入指定的账户。邓超和叶某打电话，教叶如何在电脑上填入相关的信息，邓超的电脑上就显示出来叶的银行卡的余额等全部资料，后叶银行卡内的100000元就转了出来。综合被害人叶某的陈述和被告人王彬的供述，能够相互印证王彬等人以虚构事实的方法，欺骗叶某点击登录带有木马程序的网站，并主动录入个人及银行卡信息、U盾密码，后被害人银行卡的100000元钱款便转入王彬等人指定的账户内的事实。本院认为，王彬等人实施欺诈行为，使叶某陷入错误认识，在对方提供的网页上主动输入个人及银行卡信息、U盾密码。针对被害人叶某的该行为是基于其错误的认识而主动处分自己财产的情形，虽然其将该款项是输入行为人所设定的银行卡的平台链接上，从表面上看被害人叶某是没有将钱款自愿交给行为人，但客观上，被害人叶某一旦将其个人信息及U盾密码输入该平台，并将其财产置放在该平台的链接上，就意味着其已实际未能对该财产进行控制，行为人从该平台链接上将被害人的钱款予以转账占有，已不存在需要通过被害人的自愿或秘密窃取的问题。其犯罪特征符合诈骗罪的犯罪构成要件，被告人王彬的行为构成诈骗罪，而不属于盗窃犯罪。 ",
  "cpfxgc": "本院认为，被告人王彬以非法占有为目的，通过向被害人发送设置木马程序的虚假链接，欺骗他人点击登录虚假链接后主动输入个人及银行卡卡号、U盾密码等信息后，骗取他人财物100000元，其行为已构成诈骗罪；被告人高万芳明知是他人电信网络诈骗犯罪所得而帮助取现，数额达79988元，其行为已构成掩饰、隐瞒犯罪所得罪。公诉机关指控被告人王彬构成盗窃罪不当，予以更正；指控被告人高万芳构成掩饰、隐瞒犯罪所得罪罪名成立。二被告人归案后如实供述犯罪事实，具有坦白情节且自愿认罪，有一定悔罪表现，依法可以从轻处罚。案发后，被告人高万芳的家属代为赔偿被害人部分经济损失，获得被害人的谅解，属酌定从轻处罚情节。根据被告人王彬、高万芳的犯罪性质、情节及悔罪表现等情形，本院对其刑罚进行综合考量。据此，依照《中华人民共和国刑法》第二百六十六条、第三百一十二条、第二十五条第一款、第五十二条、第五十三条、第六十四条的规定，判决如下：",
  "pjjg": " 一、被告人王彬犯诈骗罪，判处有期徒刑四年，并处罚金人民币10000元。 （刑期自判决执行之日起计算，判决前先行羁押的，羁押一日折抵刑期一日。即自2018年3月9日起至2022年3月8日止。罚金限于本判决生效之日起一个月内缴纳。） 二、被告人高万芳犯掩饰、隐瞒犯罪所得罪，判处有期徒刑一年一个月，并处罚金人民币3000元。 （刑期自判决执行之日起计算，判决前先行羁押的，羁押一日折抵刑期一日。即自2018年3月8日起至2019年4月7日止。罚金限于本判决生效之日起一个月内缴纳。） 三、责令被告人王彬退赔被害人叶某经济损失80000元，其中被告人高万芳承担共同退赔责任59988元。 如不服本判决，可在接到判决书的第二日起十日内，通过本院或者直接向南平市中级人民法院提出上诉，书面上诉的，应当提交上诉状正本一份，副本四份。",
  "qw": "福建省武夷山市人民法院 刑事判决书 （2019）闽0782刑初5号 公诉机关福建省武夷山市人民检察院。 被告人王彬，男，1990年3月22日出生于湖南省娄底市双峰县，汉族，高中文化，出租车司机，户籍所在地娄底市双峰县，暂住娄底市娄星区，因涉嫌犯诈骗罪于2018年3月9日被临时羁押，同月11日被刑事拘留，同年4月14日被逮捕。现羁押于武夷山市看守所。 被告人高万芳，女，1992年9月2日出生青海省西宁市，汉族，初中文化，无业，户籍所在地西宁市大通回族土族自治县，住西宁市城北区，因涉嫌犯诈骗罪于2018年3月8日被临时羁押，同月12日被刑事拘留，同年4月14日被逮捕。现羁押于南平市看守所。 福建省武夷山市人民检察院以武检诉刑诉［2018］218号起诉书指控被告人王彬犯盗窃罪及高万芳犯掩饰、隐瞒犯罪所得罪，于2018年12月25日向本院提起公诉。本院于2019年1月2日立案受理后，依法组成合议庭，于2019年2月21日公开开庭审理了本案。武夷山市人民检察院指派检察员周丽珍、检察官助理吴先泉出庭支持公诉。被告人王彬、高万芳到庭参加诉讼。现已审理终结。 武夷山市人民检察院指控，2018年1月上旬，被告人王彬伙同邓超、朱某（均另案处理）冒充银行客服人员以办理高额信用卡的名义实施诈骗。由朱某出资5000元用于群发诈骗信息，王彬、邓超负责具体实施。2018年1月20日，被害人叶某收到群发的诈骗信息后打电话咨询。王彬和邓超冒充中国工商银行客服，以办理高额信用卡为由，发送虚假链接给叶某，让其填入个人资料、银行卡信息、U盾密码等。通过上述信息，邓超将叶某银行卡里的100000元非法转入马某名下的银行卡内。确认到账后，邓超联系胡祥（另案处理），胡祥联系张作军（另案处理），由张作军负责分散转移并且取现。张作军将马某银行卡里的100000元分散转移到被告人高万芳和伊某名下的银行卡内，之后伙同高万芳从各银行ATM机取现80000元，到西宁市城北区嘉福缘金店购买金饰刷卡19988元。当日下午，张作军与高万芳将其中69500元现金存入王彬的银行账户。次日，张作军又存入王彬的银行账户5000元。收到钱款后，王彬将29000元转给邓超，28000元转给朱某，剩余的17500元被其用于日常消费。 针对上述指控，公诉机关提供了相应的证据材料，并认为，被告人王彬伙同他人以非法占有为目的，骗取他人个人及银行卡信息后，利用网络技术手段秘密窃取他人财物100000元，其行为触犯了《中华人民共和国刑法》第二百六十四条，应当以盗窃罪追究其刑事责任；被告人高万芳明知是犯罪所得的赃物而予以转移，其行为触犯了《中华人民共和国刑法》第三百一十二条，应当以掩饰、隐瞒犯罪所得罪追究其刑事责任。 被告人王彬对公诉机关指控的犯罪事实没有意见，但认为构成诈骗罪，而不是盗窃罪。 被告人高万芳对公诉机关指控的犯罪事实均无异议，未作辩解。 经审理查明，2018年1月上旬，被告人王彬伙同邓超、朱某冒充银行客服人员以办理高额信用卡的名义实施诈骗。由朱某出资5000元用于群发诈骗信息，王彬、邓超负责具体实施。2018年1月20日，被害人叶某收到群发的诈骗信息后打电话咨询。王彬和邓超冒充中国工商银行客服，以办理高额信用卡为由，要求叶某先往银行卡内存入一定金额的钱款，并发送设置了木马程序的虚假链接给叶某，让其填入个人资料、银行卡信息、U盾密码等，后叶某银行卡内的100000元便转入了马某名下的银行卡内。确认到账后，邓超联系胡祥，胡祥联系张作军，由张作军负责分散转移并且取现。张作军将马某银行卡里的100000元分散转移到被告人高万芳和伊某名下的银行卡内，之后伙同高万芳从各银行ATM机取现60000元，到西宁市城北区嘉福缘金店购买金饰刷卡19988元，另，张作军单独从银行ATM机取现19900元。当日下午，张作军与高万芳将其中69500元现金存入王彬的银行账户。次日，张作军又存入王彬的银行账户5000元。收到钱款后，王彬将29000元转给邓超，28000元转给朱某，剩余的17500元被王彬用于日常消费。 2018年3月8日，高万芳在青海西宁城北区火电家属院3号楼101室被公安机关抓获归案。次日，王彬在湖南娄底市娄星区贤童农贸市场附近出租房内被公安机关抓获归案。到案后，高万芳家属赔偿被害人叶某20000元，叶某表示谅解高万芳的行为。 上述事实，有书证受理案件登记表、户籍证明、抓获经过、羁押证明、银行交易流水、转账记录、辨认笔录、活期存款凭证等；证人马某、巴某、伊某、邹某、赵某、朱某的证言；被害人叶某的陈述；被告人王彬、高万芳的供述；指认照片；视听资料监控视频等证据证实，被告人王彬、高万芳在开庭审理过程中亦无异议，足以认定。 关于被告人王彬的行为定性的问题，本院作如下评判： 经查，被害人叶某的陈述证实接到自称是工商银行信用卡中心的客服电话，说叶某可以申请一张十万额度左右的信用卡，但是需要叶的银行卡内有100000元的现金。叶打开对方用QQ发来的一个链接，在网站里面填写了个人资料和银行卡的情况，并按照对方的要求插入U盾，把U盾显示的密码输入网页内，后发现银行卡内的100000元现金被转走。被告人王彬的供述证实，群发诈骗短信后，如果有人上当拨打了短信上面的电话，王彬等人便冒充银行客服人员，说可以代办高额信用卡，但是需要做流水，让被害人往银行卡存一定金额的钱，再让被害人登录木马网站将钱打入指定的账户。邓超和叶某打电话，教叶如何在电脑上填入相关的信息，邓超的电脑上就显示出来叶的银行卡的余额等全部资料，后叶银行卡内的100000元就转了出来。综合被害人叶某的陈述和被告人王彬的供述，能够相互印证王彬等人以虚构事实的方法，欺骗叶某点击登录带有木马程序的网站，并主动录入个人及银行卡信息、U盾密码，后被害人银行卡的100000元钱款便转入王彬等人指定的账户内的事实。本院认为，王彬等人实施欺诈行为，使叶某陷入错误认识，在对方提供的网页上主动输入个人及银行卡信息、U盾密码。针对被害人叶某的该行为是基于其错误的认识而主动处分自己财产的情形，虽然其将该款项是输入行为人所设定的银行卡的平台链接上，从表面上看被害人叶某是没有将钱款自愿交给行为人，但客观上，被害人叶某一旦将其个人信息及U盾密码输入该平台，并将其财产置放在该平台的链接上，就意味着其已实际未能对该财产进行控制，行为人从该平台链接上将被害人的钱款予以转账占有，已不存在需要通过被害人的自愿或秘密窃取的问题。其犯罪特征符合诈骗罪的犯罪构成要件，被告人王彬的行为构成诈骗罪，而不属于盗窃犯罪。 本院认为，被告人王彬以非法占有为目的，通过向被害人发送设置木马程序的虚假链接，欺骗他人点击登录虚假链接后主动输入个人及银行卡卡号、U盾密码等信息后，骗取他人财物100000元，其行为已构成诈骗罪；被告人高万芳明知是他人电信网络诈骗犯罪所得而帮助取现，数额达79988元，其行为已构成掩饰、隐瞒犯罪所得罪。公诉机关指控被告人王彬构成盗窃罪不当，予以更正；指控被告人高万芳构成掩饰、隐瞒犯罪所得罪罪名成立。二被告人归案后如实供述犯罪事实，具有坦白情节且自愿认罪，有一定悔罪表现，依法可以从轻处罚。案发后，被告人高万芳的家属代为赔偿被害人部分经济损失，获得被害人的谅解，属酌定从轻处罚情节。根据被告人王彬、高万芳的犯罪性质、情节及悔罪表现等情形，本院对其刑罚进行综合考量。据此，依照《中华人民共和国刑法》第二百六十六条、第三百一十二条、第二十五条第一款、第五十二条、第五十三条、第六十四条的规定，判决如下： 一、被告人王彬犯诈骗罪，判处有期徒刑四年，并处罚金人民币10000元。 （刑期自判决执行之日起计算，判决前先行羁押的，羁押一日折抵刑期一日。即自2018年3月9日起至2022年3月8日止。罚金限于本判决生效之日起一个月内缴纳。） 二、被告人高万芳犯掩饰、隐瞒犯罪所得罪，判处有期徒刑一年一个月，并处罚金人民币3000元。 （刑期自判决执行之日起计算，判决前先行羁押的，羁押一日折抵刑期一日。即自2018年3月8日起至2019年4月7日止。罚金限于本判决生效之日起一个月内缴纳。） 三、责令被告人王彬退赔被害人叶某经济损失80000元，其中被告人高万芳承担共同退赔责任59988元。 如不服本判决，可在接到判决书的第二日起十日内，通过本院或者直接向南平市中级人民法院提出上诉，书面上诉的，应当提交上诉状正本一份，副本四份。 审判长林磊 人民陪审员廖寒冰 人民陪审员陈俊城 二〇一九年三月五日 法官助理李红敏 书记员江燕 本案依据的主要法律条文 《中华人民共和国刑法》 第二百六十六条：诈骗公私财物，数额较大的，处三年以下有期徒刑、拘役或者管制，并处或者单处罚金；数额巨大或者有其他严重情节的，处三年以上十年以下有期徒刑，并处罚金；数额特别巨大或者有其他特别严重情节的，处十年以上有期徒刑或者无期徒刑，并处罚金或者没收财产。本法另有规定的，依照规定。 第三百一十二条：明知是犯罪所得及其产生的收益而予以窝藏、转移、收购、代为销售或者以其他方法掩饰、隐瞒的，处三年以下有期徒刑、拘役或者管制，并处或者单处罚金；情节严重的，处三年以上七年以下有期徒刑，并处罚金。 单位犯前款罪的，对单位判处罚金，并对其直接负责的主管人员和其他直接责任人员，依照前款的规定处罚。 第二十五条：共同犯罪是指二人以上共同故意犯罪。 二人以上共同过失犯罪，不以共同犯罪论处；应当负刑事责任的，按照他们所犯的罪分别处罚。 第六十七条：犯罪以后自动投案，如实供述自己的罪行的，是自首。对于自首的犯罪分子，可以从轻或者减轻处罚。其中，犯罪较轻的，可以免除处罚。 被采取强制措施的犯罪嫌疑人、被告人和正在服刑的罪犯，如实供述司法机关还未掌握的本人其他罪行的，以自首论。 犯罪嫌疑人虽不具有前两款规定的自首情节，但是如实供述自己罪行的，可以从轻处罚；因其如实供述自己罪行，避免特别严重后果发生的，可以减轻处罚。 第五十二条：判处罚金，应当根据犯罪情节决定罚金数额。 第五十三条：罚金在判决指定的期限内一次或者分期缴纳。期满不缴纳的，强制缴纳。对于不能全部缴纳罚金的，人民法院在任何时候发现被执行人有可以执行的财产，应当随时追缴。如果由于遭遇不能抗拒的灾祸缴纳确实有困难的，可以酌情减少或者免除。 第六十四条：犯罪分子违法所得的一切财物，应当予以追缴或者责令退赔；对被害人的合法财产，应当及时返还；违禁品和供犯罪所用的本人财物，应当予以没收。没收的财物和罚金，一律上缴国库，不得挪用和自行处理。",
  "writId": "013a0ce428f8e3972dc55c86dcabe60018e",
  "writName": "王彬、高万芳盗窃罪一审刑事判决书",
  "cid": 2835,
  "crime": [
    "诈骗罪",
    "掩饰、隐瞒犯罪所得罪"
  ]
}