{
  "ajId": "b52f2e1a-0c29-4465-b1a0-27bb78070040",
  "ajName": "崔某犯盗窃罪一案",
  "ajjbqk": " 经审理查明： 2016年3月11日凌晨1时许，被告人崔某至本市海陵区二水厂北大门西侧被害人窦某经营的汽车美容店，采用钳子剪断挂锁的方式进入该店，窃得店内人民币360元以及泰山（硬红将军）香烟10包、娇子（硬绿时代阳光）香烟10包、南京（硬紫树）香烟13包、红塔山（硬经典100）香烟16包、玉溪（软）香烟16包、南京（硬红）香烟4包、沪红双喜（硬）香烟1包、利群（硬新版）香烟6包、红旗渠（硬银河之光）香烟9包、玉溪（硬）香烟3包。经鉴定，上述香烟合计价值人民币993元，以上所窃财物合计价值人民币1353元。 2016年4月5日凌晨1时许，被告人崔某至本市医药高新技术产业开发区某花园34号楼地下车库，乘隙窃得被害人陈某停放于此处的绿能牌电动自行车1辆，经鉴定，该车价值人民币882元。 被告人崔某归案后如实供述了自己的犯罪事实并向被害人窦某退还人民币300元。所窃泰山（硬红将军）香烟10包（7元／包）、南京（硬紫树）香烟13包（7.5元／包）、娇子（硬绿时代阳光）香烟10包（7元／包）、红塔山（硬经典100）香烟16包（10元／包），南京（硬红）香烟4包（12元／包）、红旗渠（硬银河之光）香烟9包（5.5元／包）、沪红双喜（硬）香烟1包（8元／包）、玉溪（软）香烟10包（22元／包）、玉溪（硬）香烟2包（18元／包）、利群（硬新版）香烟6包（14元／包）以及绿能牌电动自行车已由公安机关依法追回，其中泰山（硬红将军）7包、娇子（绿时代阳光）7包、南京（硬紫树）10包、红塔山（硬经典100）12包、玉溪（软）7包、南京（硬红）1包、利群（硬新版）3包、红旗渠（硬银河之光）6包及绿能牌电动自行车均已依法分别发还被害人。作案工具钳子1把亦被扣押。 以上事实，被告人崔某在开庭审理过程中亦无异议，且有被害人窦某、陈某的陈述，证人徐某的证言，指认现场照片，物证照片，价格鉴证结论书，卷烟鉴别检验报告，搜查笔录，说明，扣押决定书，扣押清单，发还清单，香烟送货单，刑事判决书，出所登记表，抓获经过，到案情况说明等证据证实，足以认定。 ",
  "cpfxgc": "本院认为，被告人崔某以非法占有为目的，秘密窃取他人财物，数额较大，其行为已构成盗窃罪，依法应予处罚。被告人崔某归案后如实供述自己的罪行，且当庭自愿认罪，依法予以从轻处罚。被告人崔某部分退赃，酌情予以从轻处罚。被告人崔某有过多次盗窃前科劣迹，且在因本案第一节犯罪事实被取保候审期间仍再次实施盗窃行为，反映其盗窃主观恶性较深，酌情予以从重处罚。公诉机关的指控事实清楚，证据确实、充分，定性准确，应予认定。为保护公民财产权利不受侵犯，惩罚犯罪，依照《中华人民共和国刑法》第二百六十四条，第六十七条第三款，第六十四条之规定，判决如下：",
  "pjjg": " 一、被告人崔某犯盗窃罪，判处拘役三个月，并处罚金人民币二千元。 （刑期从判决执行之日起计算，判决执行以前先行羁押的，羁押一日折抵刑期一日，羁押期间取保候审的，刑期的终止日顺延，即自2016年3月19日起至2016年7月12日止；罚金于判决生效后一个月内缴纳。） 二、尚未追回的赃款人民币六十元继续予以追缴并发还被害人窦雅琪；责令被告人崔某向被害人窦雅琪退赔尚未追回的玉溪（软）香烟六包及玉溪（硬）香烟一包的折价款共计人民币一百五十元。 三、作案工具钳子一把予以没收。 如不服本判决，可在接到判决书的第二日起十日内，通过本院或者直接向江苏省泰州市中级人民法院提出上诉。书面上诉的，应当提交上诉状正本一份，副本二份。",
  "qw": "江苏省泰州市海陵区人民法院 刑事判决书 （2016）苏1202刑初126号 公诉机关江苏省泰州市海陵区人民检察院。 被告人崔某，2004年11月2日因盗窃被行政拘留五日；2015年1月20日因犯盗窃罪被江苏省泰州市医药高新技术产业开发区人民法院判处拘役四个月，并处罚金人民币七千元；2015年8月17日因犯盗窃罪被江苏省泰州市高新技术产业开发区人民法院判处拘役三个月，并处罚金人民币二千元，2015年11月8日刑满释放。2016年3月19日因涉嫌犯盗窃罪被刑事拘留，3月26日被取保候审，4月6日被刑事拘留，4月13日释放，4月14日被取保候审，4月29日经本院决定逮捕，并于同日交由泰州市公安局海陵分局执行逮捕。现羁押于泰州市看守所。 江苏省泰州市海陵区人民检察院以泰海检诉刑诉（2016）126号起诉书指控被告人崔某犯盗窃罪，于2016年4月28日向本院提起公诉。本院依法组成合议庭，公开开庭审理了本案。江苏省泰州市海陵区人民检察院指派代理检察员贺石柱出庭支持公诉，被告人崔某到庭参加诉讼。现已审理终结。 经审理查明： 2016年3月11日凌晨1时许，被告人崔某至本市海陵区二水厂北大门西侧被害人窦某经营的汽车美容店，采用钳子剪断挂锁的方式进入该店，窃得店内人民币360元以及泰山（硬红将军）香烟10包、娇子（硬绿时代阳光）香烟10包、南京（硬紫树）香烟13包、红塔山（硬经典100）香烟16包、玉溪（软）香烟16包、南京（硬红）香烟4包、沪红双喜（硬）香烟1包、利群（硬新版）香烟6包、红旗渠（硬银河之光）香烟9包、玉溪（硬）香烟3包。经鉴定，上述香烟合计价值人民币993元，以上所窃财物合计价值人民币1353元。 2016年4月5日凌晨1时许，被告人崔某至本市医药高新技术产业开发区某花园34号楼地下车库，乘隙窃得被害人陈某停放于此处的绿能牌电动自行车1辆，经鉴定，该车价值人民币882元。 被告人崔某归案后如实供述了自己的犯罪事实并向被害人窦某退还人民币300元。所窃泰山（硬红将军）香烟10包（7元／包）、南京（硬紫树）香烟13包（7.5元／包）、娇子（硬绿时代阳光）香烟10包（7元／包）、红塔山（硬经典100）香烟16包（10元／包），南京（硬红）香烟4包（12元／包）、红旗渠（硬银河之光）香烟9包（5.5元／包）、沪红双喜（硬）香烟1包（8元／包）、玉溪（软）香烟10包（22元／包）、玉溪（硬）香烟2包（18元／包）、利群（硬新版）香烟6包（14元／包）以及绿能牌电动自行车已由公安机关依法追回，其中泰山（硬红将军）7包、娇子（绿时代阳光）7包、南京（硬紫树）10包、红塔山（硬经典100）12包、玉溪（软）7包、南京（硬红）1包、利群（硬新版）3包、红旗渠（硬银河之光）6包及绿能牌电动自行车均已依法分别发还被害人。作案工具钳子1把亦被扣押。 以上事实，被告人崔某在开庭审理过程中亦无异议，且有被害人窦某、陈某的陈述，证人徐某的证言，指认现场照片，物证照片，价格鉴证结论书，卷烟鉴别检验报告，搜查笔录，说明，扣押决定书，扣押清单，发还清单，香烟送货单，刑事判决书，出所登记表，抓获经过，到案情况说明等证据证实，足以认定。 本院认为，被告人崔某以非法占有为目的，秘密窃取他人财物，数额较大，其行为已构成盗窃罪，依法应予处罚。被告人崔某归案后如实供述自己的罪行，且当庭自愿认罪，依法予以从轻处罚。被告人崔某部分退赃，酌情予以从轻处罚。被告人崔某有过多次盗窃前科劣迹，且在因本案第一节犯罪事实被取保候审期间仍再次实施盗窃行为，反映其盗窃主观恶性较深，酌情予以从重处罚。公诉机关的指控事实清楚，证据确实、充分，定性准确，应予认定。为保护公民财产权利不受侵犯，惩罚犯罪，依照《中华人民共和国刑法》第二百六十四条，第六十七条第三款，第六十四条之规定，判决如下： 一、被告人崔某犯盗窃罪，判处拘役三个月，并处罚金人民币二千元。 （刑期从判决执行之日起计算，判决执行以前先行羁押的，羁押一日折抵刑期一日，羁押期间取保候审的，刑期的终止日顺延，即自2016年3月19日起至2016年7月12日止；罚金于判决生效后一个月内缴纳。） 二、尚未追回的赃款人民币六十元继续予以追缴并发还被害人窦雅琪；责令被告人崔某向被害人窦雅琪退赔尚未追回的玉溪（软）香烟六包及玉溪（硬）香烟一包的折价款共计人民币一百五十元。 三、作案工具钳子一把予以没收。 如不服本判决，可在接到判决书的第二日起十日内，通过本院或者直接向江苏省泰州市中级人民法院提出上诉。书面上诉的，应当提交上诉状正本一份，副本二份。 审判长花艳 人民陪审员梁文有 人民陪审员徐志雄 二〇一六年五月十八日 书记员孙梦雅",
  "writId": "048ca484b1ffa669c5b6ab60a58c7b6aa75",
  "writName": "崔某犯盗窃罪一审刑事判决书",
  "cid": 32030,
  "crime": [
    "盗窃罪"
  ]
}