{
  "ajId": "409f18c5-6bff-44a1-a3ef-a2d29f507e13",
  "ajName": "田应宏、冯光海容留他人吸毒一案",
  "ajjbqk": " 公诉机关指控并经本院审理查明，被告人田应宏、冯光海二人自2017年6月份始合租东莞市厚街新塘社区下塘圆梦公寓4068房，二人交替缴交房租。同年7月份起，田应宏、冯光海二人多次为吸毒人员李某代购毒品并容留李某在该出租房内吸食海洛因。 一、2017年7月31日18时许，被告人田应宏、冯光海容留吸毒人员李长木在厚街新塘社区下塘圆梦公寓4068房内吸食海洛因，完毕后李某离开出租房。 二、2017年8月2日15时许，被告人田应宏、冯光海容留吸毒人员李长木在厚街新塘社区下塘圆梦公寓4068房内吸食海洛因，完毕后李某离开出租房。 三、2017年8月7日11时许，被告人田应宏、冯光海容留吸毒人员李长木在厚街新塘社区下塘圆梦公寓4068房内吸食海洛因，完毕后李某离开出租房。 四、2017年8月9日16时许，被告人田应宏、冯光海容留吸毒人员李长木在厚街新塘社区下塘圆梦公寓4068房内吸食海洛因，完毕后李某离开出租房。 2017年8月10日，公安人员在厚街镇新塘村圆梦公寓4068房将涉嫌盗窃的田应宏抓获，田归案后如实交代本案犯罪事实，后根据田提供的线索，分别在新塘村越华百货附近路边、S256省道厚街镇桥头村路段路边将冯光海、李某抓获。经检验，田应宏、冯光海、李某的尿液检测吗啡类均呈阳性。 以上事实，被告人田应宏、冯光海在开庭审理的过程中没有异议，且有公诉机关当庭举证并经质证确认的相关证据予以证实。 ",
  "cpfxgc": "本院认为，被告人田应宏、冯光海结伙多次容留他人吸毒，其行为已构成容留他人吸毒罪，依法应予惩处。公诉机关提请本院以容留他人吸毒罪对被告人田应宏、冯光海定罪处罚，罪名成立，本院予以支持。被告人田应宏曾因犯贩卖毒品罪被判处有期徒刑，刑罚执行完毕后五年内又犯应当判处有期徒刑以上刑罚的容留他人吸毒罪，是累犯，且是毒品再犯，依法应当从重处罚。被告人田应宏归案后主动交待侦查机关尚未掌据的容留他人吸毒犯罪事实，是自首，依法可以从轻处罚。被告人冯光海曾因犯贩卖毒品罪被判处有期徒刑，现又犯容留他人吸毒罪，是毒品再犯，依法应当从重处罚。 依照《中华人民共和国刑法》第三百五十四条、第二十五条第一款、第六十五条第一款、第三百五十六条、第六十七条第一、三款、第五十三条第一款的规定，判决如下：",
  "pjjg": " 一、被告人田应宏犯容留他人吸毒罪，判处有期徒刑一年，并处罚金2000元。 （刑期从判决执行之日起计算。判决执行以前先行羁押的，羁押一日折抵刑期一日，即自2017年8月10日起至2018年8月9日止。罚金自判决生效后一个月内一次性向本院交纳，上缴国库。） 二、被告人冯光海犯容留他人吸毒罪，判处有期徒刑一年，并处罚金2000元。 （刑期从判决执行之日起计算。判决执行以前先行羁押的，羁押一日折抵刑期一日，即自2017年8月10日起至2018年8月9日止。罚金自判决生效后一个月内一次性向本院交纳，上缴国库。） 如不服本判决，可在接到判决书的第二日起十日内，通过本院或者直接向东莞市中级人民法院提出上诉。书面上诉的，应交上诉状正本一份，副本二份。",
  "qw": "广东省东莞市第二人民法院 刑事判决书 （2017）粤1972刑初2542号 公诉机关广东省东莞市第二市区人民检察院。 被告人田应宏，男，1982年3月13日出生，土家族，贵州省三穗县人，初中文化，无业，住三穗县。曾因犯贩卖毒品罪于2008年12月24日被贵州省天柱县人民法院判处有期徒刑七年，2013年3月12日刑满释放。 被告人冯光海，曾用名李皮山，男，1978年9月27日出生，汉族，广西博白县人，初中文化，无业，住博白县。曾因犯贩卖毒品罪于2004年11月16日被博白县人民法院判处有期徒刑十年，2011年刑满释放。 上述二名被告人现因涉嫌犯容留他人吸毒罪于2017年8月10日被羁押，次日被刑事拘留，同年9月14日被逮捕。现押于东莞市第二看守所（牛山）。 东莞市第二市区人民检察院以东二区检诉刑诉（2017）2318号起诉书指控被告人田应宏、冯光海犯容留他人吸毒罪，于2017年12月5日向本院提起公诉。本院依法适用简易程序，实行独任审判，于2017年12月13日公开开庭审理了本案。东莞市第二市区人民检察院指派检察员曾淑华出庭支持公诉，被告人田应宏、冯光海到庭参加诉讼。现已审理终结。 公诉机关指控并经本院审理查明，被告人田应宏、冯光海二人自2017年6月份始合租东莞市厚街新塘社区下塘圆梦公寓4068房，二人交替缴交房租。同年7月份起，田应宏、冯光海二人多次为吸毒人员李某代购毒品并容留李某在该出租房内吸食海洛因。 一、2017年7月31日18时许，被告人田应宏、冯光海容留吸毒人员李长木在厚街新塘社区下塘圆梦公寓4068房内吸食海洛因，完毕后李某离开出租房。 二、2017年8月2日15时许，被告人田应宏、冯光海容留吸毒人员李长木在厚街新塘社区下塘圆梦公寓4068房内吸食海洛因，完毕后李某离开出租房。 三、2017年8月7日11时许，被告人田应宏、冯光海容留吸毒人员李长木在厚街新塘社区下塘圆梦公寓4068房内吸食海洛因，完毕后李某离开出租房。 四、2017年8月9日16时许，被告人田应宏、冯光海容留吸毒人员李长木在厚街新塘社区下塘圆梦公寓4068房内吸食海洛因，完毕后李某离开出租房。 2017年8月10日，公安人员在厚街镇新塘村圆梦公寓4068房将涉嫌盗窃的田应宏抓获，田归案后如实交代本案犯罪事实，后根据田提供的线索，分别在新塘村越华百货附近路边、S256省道厚街镇桥头村路段路边将冯光海、李某抓获。经检验，田应宏、冯光海、李某的尿液检测吗啡类均呈阳性。 以上事实，被告人田应宏、冯光海在开庭审理的过程中没有异议，且有公诉机关当庭举证并经质证确认的相关证据予以证实。 本院认为，被告人田应宏、冯光海结伙多次容留他人吸毒，其行为已构成容留他人吸毒罪，依法应予惩处。公诉机关提请本院以容留他人吸毒罪对被告人田应宏、冯光海定罪处罚，罪名成立，本院予以支持。被告人田应宏曾因犯贩卖毒品罪被判处有期徒刑，刑罚执行完毕后五年内又犯应当判处有期徒刑以上刑罚的容留他人吸毒罪，是累犯，且是毒品再犯，依法应当从重处罚。被告人田应宏归案后主动交待侦查机关尚未掌据的容留他人吸毒犯罪事实，是自首，依法可以从轻处罚。被告人冯光海曾因犯贩卖毒品罪被判处有期徒刑，现又犯容留他人吸毒罪，是毒品再犯，依法应当从重处罚。 依照《中华人民共和国刑法》第三百五十四条、第二十五条第一款、第六十五条第一款、第三百五十六条、第六十七条第一、三款、第五十三条第一款的规定，判决如下： 一、被告人田应宏犯容留他人吸毒罪，判处有期徒刑一年，并处罚金2000元。 （刑期从判决执行之日起计算。判决执行以前先行羁押的，羁押一日折抵刑期一日，即自2017年8月10日起至2018年8月9日止。罚金自判决生效后一个月内一次性向本院交纳，上缴国库。） 二、被告人冯光海犯容留他人吸毒罪，判处有期徒刑一年，并处罚金2000元。 （刑期从判决执行之日起计算。判决执行以前先行羁押的，羁押一日折抵刑期一日，即自2017年8月10日起至2018年8月9日止。罚金自判决生效后一个月内一次性向本院交纳，上缴国库。） 如不服本判决，可在接到判决书的第二日起十日内，通过本院或者直接向东莞市中级人民法院提出上诉。书面上诉的，应交上诉状正本一份，副本二份。 审判员陈茂华 二〇一七年十二月十五日 书记员梁小贞",
  "writId": "044f1b4d580f52b469694fd6ac54cabf80e",
  "writName": "田应宏、冯光海容留他人吸毒一审刑事判决书",
  "cid": 3319,
  "crime": [
    "容留他人吸毒罪"
  ]
}