{
  "ajId": "5275d203-da7e-46bf-b3f1-0635b2d1b17e",
  "ajName": "周明功犯以危险方法危害公共安全罪一案",
  "ajjbqk": " 经审理查明：2013年7月24日晚，被告人周XX伙同王XX（已判）组织夏XX、常XX（已判）、王XX、安XX等人利用挖掘机、农用三轮自卸车等工具将双狼沟南岸河堤上的土方挖开运走，严重影响了河道安全度汛、排涝，对国家及沿岸人民群众生命财产造成严重危害。 另查明，被告人周XX因犯故意毁坏财物罪、敲诈勒索罪，于2007年10月24日被本院判处有期徒刑一年零六个月，2008年11月14日刑满释放。于2014年3月20日自动到西华县公安局迟营派出所投案自首。于2006年1月11日被西华县疾病预防控制中心HIV确认实验室确认为艾滋病抗体阳性。 上述事实，被告人周XX在开庭审理过程中亦无异议，并有证人王XX、夏XX、吴XX、王XX、王XX、胡XX等人的证言、水利工程鉴定书、堤防危害程度分析报告、现场勘验检查记录、现场图及现场照片、（2007）西刑初字第96号刑事判决书、（2013）西少刑初字第174号刑事判决书、HTV抗体确认检测报告单、西华县疾病预防控制中心证明及前科证明、释放证明、户籍证明等证据证实、足以认定。 ",
  "cpfxgc": "本院认为，被告人周XX伙同他人以危险方法危害公共安全，其行为已构成以危险方法危害公共安全罪，犯罪事实清楚、证据确实、充分，公诉机关指控的罪名成立，应予支持。被告人周XX原刑罚执行完毕以后，在五年以内再犯新罪，系累犯，应当从重处罚；被告人周XX具有自动投案自首法定情节，可以从轻或减轻处罚；被告人周XX在庭审过程中认罪态度较好，具有悔罪表现，可以酌定从轻处罚。根据被告人周XX的犯罪事实、犯罪性质、犯罪情节及社会危害程度等情节，依照《中华人民共和国刑法》第一百一十四条、第二十五条、第六十五条、第六十七条第一款之规定，判决如下：",
  "pjjg": " 被告人周XX犯以危险方法危害公共安全罪，判处有期徒刑三年。 （刑期从判决执行之日起计算。判决执行以前先行羁押的，羁押一日折抵刑期一日。） 如不服本判决，可在接到判决书的第二日起十日内，通过本院或者直接向河南省周口市中级人民法院提出上诉，书面上诉的，应当提交上诉状正本一份，副本二份。",
  "qw": "西华县人民法院 刑事判决书 （2014）西少刑初字第63号 被告人周XX，男，1974年9月8日出生，汉族，小学毕业，农民，住西华县。 西华县人民检察院以西检公诉刑诉（2014）86号起诉书指控被告人周XX犯以危险方法危害公共安全罪，于2014年5月19日向本院提起公诉。本院依法组成合议庭，于2014年6月18日公开开庭审理了本案。西华县人民检察院检察员王春亚出庭支持公诉，被告人周XX到庭参加了诉讼。现已审理终结。 经审理查明：2013年7月24日晚，被告人周XX伙同王XX（已判）组织夏XX、常XX（已判）、王XX、安XX等人利用挖掘机、农用三轮自卸车等工具将双狼沟南岸河堤上的土方挖开运走，严重影响了河道安全度汛、排涝，对国家及沿岸人民群众生命财产造成严重危害。 另查明，被告人周XX因犯故意毁坏财物罪、敲诈勒索罪，于2007年10月24日被本院判处有期徒刑一年零六个月，2008年11月14日刑满释放。于2014年3月20日自动到西华县公安局迟营派出所投案自首。于2006年1月11日被西华县疾病预防控制中心HIV确认实验室确认为艾滋病抗体阳性。 上述事实，被告人周XX在开庭审理过程中亦无异议，并有证人王XX、夏XX、吴XX、王XX、王XX、胡XX等人的证言、水利工程鉴定书、堤防危害程度分析报告、现场勘验检查记录、现场图及现场照片、（2007）西刑初字第96号刑事判决书、（2013）西少刑初字第174号刑事判决书、HTV抗体确认检测报告单、西华县疾病预防控制中心证明及前科证明、释放证明、户籍证明等证据证实、足以认定。 本院认为，被告人周XX伙同他人以危险方法危害公共安全，其行为已构成以危险方法危害公共安全罪，犯罪事实清楚、证据确实、充分，公诉机关指控的罪名成立，应予支持。被告人周XX原刑罚执行完毕以后，在五年以内再犯新罪，系累犯，应当从重处罚；被告人周XX具有自动投案自首法定情节，可以从轻或减轻处罚；被告人周XX在庭审过程中认罪态度较好，具有悔罪表现，可以酌定从轻处罚。根据被告人周XX的犯罪事实、犯罪性质、犯罪情节及社会危害程度等情节，依照《中华人民共和国刑法》第一百一十四条、第二十五条、第六十五条、第六十七条第一款之规定，判决如下： 被告人周XX犯以危险方法危害公共安全罪，判处有期徒刑三年。 （刑期从判决执行之日起计算。判决执行以前先行羁押的，羁押一日折抵刑期一日。） 如不服本判决，可在接到判决书的第二日起十日内，通过本院或者直接向河南省周口市中级人民法院提出上诉，书面上诉的，应当提交上诉状正本一份，副本二份。 审判长董海军董海军 审判员李沐华李沐华 代理审判员张昕艳张昕艳 二〇一四年六月二十三日 书记员李灵芝李灵芝",
  "writId": "05359dfcaee873eaa0e92d07d2e9598a760",
  "writName": "周明功犯以危险方法危害公共安全罪一审刑事判决书",
  "cid": 4312,
  "crime": [
    "以危险方法危害公共安全罪"
  ]
}