{
  "ajId": "bf1cef88-9b3f-4fd5-9770-c172092ddcdb",
  "ajName": "周某犯拒不执行判决、裁定罪一案",
  "ajjbqk": " 经审理查明： 2013年8月21日，泰顺县人民法院作出民事判决，由被告人周某、邱某某归还罗某某借款本金人民币936311元并支付相应利息。同年9月26日，泰顺县人民法院受理了罗某某强制执行的申请，依据泰顺县人民法院（2013）温泰商初字第511号民事判决，于同日向周某、邱某某发出执行通知书，责令周某、邱某某于2013年10月3日前履行向罗某某支付借款9363311元、利息及延迟履行金的义务。周某、邱某某明确表示对上述义务无能力履行，但自愿配合法院对其夫妻名下共有房产进行司法处置。2014年8月28日、2015年2月10日，泰顺县人民法院发布公告要求周某在期限内腾退位于泰顺县罗阳镇泰分路＊号、＊号两处房产，但周某拒不执行。2015年1月16日经泰顺县人民法院决定对周某作出司法拘留10日处罚后，周某仍拒不执行。 上述事实，被告人周某在开庭审理过程中亦无异议，并有证人邱某某、毛某某、蔡某某等人的证言，温州交警道路智能卡口照片，浙C×××××车辆的行车信息，泰顺县人民法院关于被执行人周某涉嫌拒不执行判决、裁定罪提交审委会讨论报告，温州市中级人民法院民事裁定书，泰顺县人民法院民事裁定书、执行通知书、证明书，房屋权属登记信息，拘留决定书，现场照片，抓获经过等有关情况说明，前科记录情况核查表，被告人周某的供述和辩解等证据予以证实，足以认定。 ",
  "cpfxgc": "本院认为：被告人周某对人民法院的判决、裁定有能力执行而拒不执行，情节严重，其行为已构成拒不执行判决、裁定罪。公诉机关指控罪名成立。被告人周某到案后能够如实供述自己的罪行，依法予以从轻处罚。被告人周某被公安机关刑事立案前，已主动腾退房屋，配合执行，酌情予以从轻处罚。根据被告人周某的犯罪事实、性质、情节和对社会的危害程度，依照《中华人民共和国刑法》第三百一十三条第一款、第六十七条第三款、最高人民法院《关于审理拒不执行判决、裁定刑事案件适用法律若干问题的解释》第二条第（三）款之规定，判决如下：",
  "pjjg": " 被告人周某犯拒不执行判决、裁定罪，判处罚金人民币100000元（罚金限判决生效之日的十日内缴纳）。 如不服本判决，可在接到判决书的第二日起十日内，通过本院或者直接向浙江省温州市中级人民法院提出上诉。书面上诉的，应当提交上诉状正本一份、副本二份。",
  "qw": "周某犯拒不执行判决、裁定罪一审刑事判决书 浙江省泰顺县人民法院 刑事判决书 （2016）浙0329刑初122号 公诉机关浙江省泰顺县人民检察院。 被告人周某，于浙江泰顺县。因涉嫌犯拒不执行判决、裁定罪，于2016年1月16日被泰顺县公安局刑事拘留，2016年1月28日被取保候审。 辩护人季昌健，浙江泰辉律师事务所律师。 泰顺县人民检察院以泰检公诉刑诉［2016］113号起诉书指控被告人周某犯拒不执行判决、裁定罪，于2016年5月6日向本院提起公诉并建议适用简易程序。本院于2016年5月24日决定中止审理转为普通程序重新审理，依法组成合议庭，公开开庭审理了本案。泰顺县人民检察院代理检察员林枫出庭支持公诉，被告人周某及其辩护人季昌健到庭参加诉讼。现已审理终结。 经审理查明： 2013年8月21日，泰顺县人民法院作出民事判决，由被告人周某、邱某某归还罗某某借款本金人民币936311元并支付相应利息。同年9月26日，泰顺县人民法院受理了罗某某强制执行的申请，依据泰顺县人民法院（2013）温泰商初字第511号民事判决，于同日向周某、邱某某发出执行通知书，责令周某、邱某某于2013年10月3日前履行向罗某某支付借款9363311元、利息及延迟履行金的义务。周某、邱某某明确表示对上述义务无能力履行，但自愿配合法院对其夫妻名下共有房产进行司法处置。2014年8月28日、2015年2月10日，泰顺县人民法院发布公告要求周某在期限内腾退位于泰顺县罗阳镇泰分路＊号、＊号两处房产，但周某拒不执行。2015年1月16日经泰顺县人民法院决定对周某作出司法拘留10日处罚后，周某仍拒不执行。 上述事实，被告人周某在开庭审理过程中亦无异议，并有证人邱某某、毛某某、蔡某某等人的证言，温州交警道路智能卡口照片，浙C×××××车辆的行车信息，泰顺县人民法院关于被执行人周某涉嫌拒不执行判决、裁定罪提交审委会讨论报告，温州市中级人民法院民事裁定书，泰顺县人民法院民事裁定书、执行通知书、证明书，房屋权属登记信息，拘留决定书，现场照片，抓获经过等有关情况说明，前科记录情况核查表，被告人周某的供述和辩解等证据予以证实，足以认定。 本院认为：被告人周某对人民法院的判决、裁定有能力执行而拒不执行，情节严重，其行为已构成拒不执行判决、裁定罪。公诉机关指控罪名成立。被告人周某到案后能够如实供述自己的罪行，依法予以从轻处罚。被告人周某被公安机关刑事立案前，已主动腾退房屋，配合执行，酌情予以从轻处罚。根据被告人周某的犯罪事实、性质、情节和对社会的危害程度，依照《中华人民共和国刑法》第三百一十三条第一款、第六十七条第三款、最高人民法院《关于审理拒不执行判决、裁定刑事案件适用法律若干问题的解释》第二条第（三）款之规定，判决如下： 被告人周某犯拒不执行判决、裁定罪，判处罚金人民币100000元（罚金限判决生效之日的十日内缴纳）。 如不服本判决，可在接到判决书的第二日起十日内，通过本院或者直接向浙江省温州市中级人民法院提出上诉。书面上诉的，应当提交上诉状正本一份、副本二份。 审判员董夫国 人民陪审员曾齐文 人民陪审员郑乃苍 二〇一六年六月十七日 书记员黄茹文",
  "writId": "060ec5e3185b0b5845103bc636d8ab3e08c",
  "writName": "周某犯拒不执行判决、裁定罪一审刑事判决书",
  "cid": 8519,
  "crime": [
    "拒不执行判决、裁定罪"
  ]
}