{
  "ajId": "9a9c84ba-d214-4d07-8cb7-62575faa9ade",
  "ajName": "王兵兵抢劫、绑架罪一案",
  "ajjbqk": " 经审理查明： 一、抢劫罪 2013年7月23日晚23时许，被告人王兵兵与李某甲（已判刑）预谋去神木县孙家岔镇马连湾村洗煤厂索要钱财。当晚，被告人王兵兵纠集了高某甲和一名不明身份的男子与李某甲纠集的杨某某、朱某某、张某某、高某乙（四人已判刑）以及李某丙（在逃）等人在神木县店塔镇会合。会合后，被告人王兵兵等人开一辆皮卡车、一辆现代车到达煤场，几人下车手持事先准备的扎枪（焊接砍刀）、钢管，抓了两名拉煤大车司机，通过这两名司机叫来煤场老板康某某。随后，几人将康某某及与康某某一起来的冯某某、李某乙三人强行带至店塔镇北站附近的山上，对康某某等人拳打脚踢并索要钱财，康承诺马上让人送来现金两万五千元，次日再给打款五万元。随即，李某乙电话联系马某甲来给康某某送钱，马某甲将两万五千元现金送至被告人王兵兵等人指定的地点后，才将康某某等三人释放。次日中午，马某乙又将五万元打入杨某某、朱某某等人提供的银行账户内，后被告人王兵兵等人将以上钱款分赃。 上述事实，被告人王兵兵在开庭审理过程中亦无异议，且有其在侦查阶段的供述，同案人员李某甲、高某乙、朱某某、张某某的供述，被害人康某某、冯某某、李某乙的陈述，证人马某乙的证言，辨认笔录、邮证储蓄银行汇款收据、提取笔录、刑事判决书等证据证实，足以认定。 二、绑架罪 2013年8月2日22时许，李某甲与宋某某（在逃）共同预谋在神木县大柳塔镇“抄黑口子”强行索要钱财。李某甲指使吕某某（已判刑）和高某丙（另案处理）召集人员，纠集来了朱某某、张某某、卢某某（已判刑）、杨某某（在逃）、李某丙（在逃）、中南（身份不明、在逃）、高某乙等人，宋某某纠集来了高某甲（在逃）、被告人王兵兵、“小涛”（身份不明）等人。所有人在神木县铧山桥聚集后，李某甲让去神木县大柳塔镇一家黑煤矿去“抄黑口子”，李某甲与高某丙未去现场。被告人王兵兵与宋某某、高某甲（在逃）、“小涛”（身份不明）等人驾驶的一辆陕K29183号红色奥拓车和一辆不明车牌的蓝色奥拓车与吕某某、朱某某、张某某、卢某某及杨某某、李某丙、中南、高某乙驾驶的陕KWF908号“现代”牌越野车、陕A67T68号“迈腾”轿车在神木县店塔镇会合。次日凌晨1时许，被告人王兵兵等十余人乘坐四辆车来到神木县大柳塔镇贾家畔煤矿，并手持事先准备好的砍刀、钢管、木棒等工具对该煤矿内人员威胁、殴打，并将煤矿人员控制在该煤矿磅房内，逼问煤矿老板及老板联系方式，逼问无果后将煤矿磅房工作人员马某丙、折某某强行带上陕K29183号奥拓车和陕KWF908号“现代”牌越野车逃离现场，并在车上继续逼问二人煤矿老板是谁及老板电话。当煤矿矿长訾某甲得知此事后，立即组织工作人员拦截被告人驾驶的车辆。在逃跑过程中，吕某某指使卢某某冲撞矿方路障，卢某某驾驶陕KWF908号越野车冲向路障将路边的矿工李和均撞飞，又撞向煤矿一辆拦截的现代途胜越野车（陕KWJ718号）上，后卢某某驾驶车辆冲出路面无法行驶。被害人马某丙、折某某所坐的奥拓车也被迫停下，二被害人趁机逃走，被告人王兵兵等人便逃离现场。经榆林市公安司法鉴定中心鉴定被害人李和均头部、左膝关节损伤均符合轻伤；陕KWJ718号“现代”牌途胜越野车车损价值人民币17983元。 上述事实，被告人王兵兵在开庭审理过程中亦无异议，且有其在侦查阶段的供述，同案人员李某甲、刘某某、吕某某、卢某某、张某某、高某乙、朱某某的供述，受害人折某某、马某丙、李和均、王军的陈述，证人訾某甲、訾某乙、李某乙、高某丙、马某丁、乔某某、王某某、侯某甲、侯某乙的证言，书证接警单、李和均诊断证明、鉴定结论书、陕KW718号越野车价格鉴定结论书，辨认笔录等证据证实，足以认定。 另查明，被告人王兵兵于2014年2月17日在其母亲周某某的陪同下来到黑龙江大庆市公安局龙凤分局投案，从2014年2月17至2014年2月25日临时寄押在大庆市第二看守所。被告人王兵兵出生于1996年6月26日，2013年犯罪时系未成年人。 上述事实，有临时羁押证明、在逃人员登记信息表、抓捕经过、户籍证明等证据证实，足以认定。 ",
  "cpfxgc": "本院认为，被告人王兵兵伙同他人以非法占有为目的，使用暴力手段相威胁，劫取被害人财物数额巨大，其行为已构成抢劫罪，应予以处罚。公诉机关指控的事实和罪名成立。被告人王兵兵在实施抢劫共同犯罪中提出犯意，行为积极主动，属主犯，应按照其所参与的全部犯罪予以处罚。被告人王兵兵又伙同他人以非法占有为目的绑架他人作为人质，向煤矿索要钱财，其行为已构成绑架罪，依法予以处罚。公诉机关指控的事实和罪名成立。被告人王兵兵在绑架共同犯罪中起辅助作用，属从犯，具有法定从轻或者减轻处罚情节，决定对其从轻处罚。被告人王兵兵所犯抢劫罪、绑架罪依法实行数罪并罚。鉴于被告人王兵兵在犯罪时未满18周岁，系未成年人，且在案发后在家属的陪同下主动投案，如实供述了犯罪事实，属自首，具有法定从轻或减轻处罚之情节，故决定对被告人王兵兵减轻处罚。依照《中华人民共和国刑法》第二百六十三条第（四）项、第二百三十九条第一款、第二十五条第一款、第二十六条第一款和第四款、第二十七条、第十七条第一款和第三款、第六十七条第一款、第六十九条、第五十二条、第五十三条之规定，判决如下：",
  "pjjg": " 被告人王兵兵犯抢劫罪，判处有期徒刑八年，并处罚金人民币8000元，犯绑架罪，判处有期徒刑三年又六个月，并处罚金人民币3000元，决定合并执行有期徒刑十年又六个月，并处罚金人民币11000元（刑期从判决执行之日起计算，判决执行以前先行羁押的，羁押一日折抵刑期一日，即从2014年2月17日起至2024年8月16日止，罚金限本判决生效之次日起三十日内缴纳）。 如不服本判决，可在接到判决书的第二日起十日内，通过本院或者直接向陕西省榆林市中级人民法院提出上诉。书面上诉的，应当提交上诉状正本一份，副本二份。",
  "qw": "陕西省神木县人民法院 刑事判决书 （2014）神刑初字第00660号 公诉机关神木县人民检察院。 被告人王兵兵，男，1996年6月26日出生，汉族，小学文化。因涉嫌绑架罪于2013年8月6日被列为在逃人员，2014年2月17日到黑龙江大庆市龙凤分局投案，同年2月25日被神木县公安局执行逮捕。现羁押于神木县看守所。 神木县人民检察院以神检诉刑诉（2014）472号起诉书指控被告人王兵兵犯抢劫罪、绑架罪，于2014年8月18日向本院提起公诉。本院受理后，依法组成合议庭，公开开庭审理了本案。神木县人民检察院指派刘小芳、龚莉出庭支持公诉，被告人王兵兵到庭参加了诉讼。现已审理终结。 经审理查明： 一、抢劫罪 2013年7月23日晚23时许，被告人王兵兵与李某甲（已判刑）预谋去神木县孙家岔镇马连湾村洗煤厂索要钱财。当晚，被告人王兵兵纠集了高某甲和一名不明身份的男子与李某甲纠集的杨某某、朱某某、张某某、高某乙（四人已判刑）以及李某丙（在逃）等人在神木县店塔镇会合。会合后，被告人王兵兵等人开一辆皮卡车、一辆现代车到达煤场，几人下车手持事先准备的扎枪（焊接砍刀）、钢管，抓了两名拉煤大车司机，通过这两名司机叫来煤场老板康某某。随后，几人将康某某及与康某某一起来的冯某某、李某乙三人强行带至店塔镇北站附近的山上，对康某某等人拳打脚踢并索要钱财，康承诺马上让人送来现金两万五千元，次日再给打款五万元。随即，李某乙电话联系马某甲来给康某某送钱，马某甲将两万五千元现金送至被告人王兵兵等人指定的地点后，才将康某某等三人释放。次日中午，马某乙又将五万元打入杨某某、朱某某等人提供的银行账户内，后被告人王兵兵等人将以上钱款分赃。 上述事实，被告人王兵兵在开庭审理过程中亦无异议，且有其在侦查阶段的供述，同案人员李某甲、高某乙、朱某某、张某某的供述，被害人康某某、冯某某、李某乙的陈述，证人马某乙的证言，辨认笔录、邮证储蓄银行汇款收据、提取笔录、刑事判决书等证据证实，足以认定。 二、绑架罪 2013年8月2日22时许，李某甲与宋某某（在逃）共同预谋在神木县大柳塔镇“抄黑口子”强行索要钱财。李某甲指使吕某某（已判刑）和高某丙（另案处理）召集人员，纠集来了朱某某、张某某、卢某某（已判刑）、杨某某（在逃）、李某丙（在逃）、中南（身份不明、在逃）、高某乙等人，宋某某纠集来了高某甲（在逃）、被告人王兵兵、“小涛”（身份不明）等人。所有人在神木县铧山桥聚集后，李某甲让去神木县大柳塔镇一家黑煤矿去“抄黑口子”，李某甲与高某丙未去现场。被告人王兵兵与宋某某、高某甲（在逃）、“小涛”（身份不明）等人驾驶的一辆陕K29183号红色奥拓车和一辆不明车牌的蓝色奥拓车与吕某某、朱某某、张某某、卢某某及杨某某、李某丙、中南、高某乙驾驶的陕KWF908号“现代”牌越野车、陕A67T68号“迈腾”轿车在神木县店塔镇会合。次日凌晨1时许，被告人王兵兵等十余人乘坐四辆车来到神木县大柳塔镇贾家畔煤矿，并手持事先准备好的砍刀、钢管、木棒等工具对该煤矿内人员威胁、殴打，并将煤矿人员控制在该煤矿磅房内，逼问煤矿老板及老板联系方式，逼问无果后将煤矿磅房工作人员马某丙、折某某强行带上陕K29183号奥拓车和陕KWF908号“现代”牌越野车逃离现场，并在车上继续逼问二人煤矿老板是谁及老板电话。当煤矿矿长訾某甲得知此事后，立即组织工作人员拦截被告人驾驶的车辆。在逃跑过程中，吕某某指使卢某某冲撞矿方路障，卢某某驾驶陕KWF908号越野车冲向路障将路边的矿工李和均撞飞，又撞向煤矿一辆拦截的现代途胜越野车（陕KWJ718号）上，后卢某某驾驶车辆冲出路面无法行驶。被害人马某丙、折某某所坐的奥拓车也被迫停下，二被害人趁机逃走，被告人王兵兵等人便逃离现场。经榆林市公安司法鉴定中心鉴定被害人李和均头部、左膝关节损伤均符合轻伤；陕KWJ718号“现代”牌途胜越野车车损价值人民币17983元。 上述事实，被告人王兵兵在开庭审理过程中亦无异议，且有其在侦查阶段的供述，同案人员李某甲、刘某某、吕某某、卢某某、张某某、高某乙、朱某某的供述，受害人折某某、马某丙、李和均、王军的陈述，证人訾某甲、訾某乙、李某乙、高某丙、马某丁、乔某某、王某某、侯某甲、侯某乙的证言，书证接警单、李和均诊断证明、鉴定结论书、陕KW718号越野车价格鉴定结论书，辨认笔录等证据证实，足以认定。 另查明，被告人王兵兵于2014年2月17日在其母亲周某某的陪同下来到黑龙江大庆市公安局龙凤分局投案，从2014年2月17至2014年2月25日临时寄押在大庆市第二看守所。被告人王兵兵出生于1996年6月26日，2013年犯罪时系未成年人。 上述事实，有临时羁押证明、在逃人员登记信息表、抓捕经过、户籍证明等证据证实，足以认定。 本院认为，被告人王兵兵伙同他人以非法占有为目的，使用暴力手段相威胁，劫取被害人财物数额巨大，其行为已构成抢劫罪，应予以处罚。公诉机关指控的事实和罪名成立。被告人王兵兵在实施抢劫共同犯罪中提出犯意，行为积极主动，属主犯，应按照其所参与的全部犯罪予以处罚。被告人王兵兵又伙同他人以非法占有为目的绑架他人作为人质，向煤矿索要钱财，其行为已构成绑架罪，依法予以处罚。公诉机关指控的事实和罪名成立。被告人王兵兵在绑架共同犯罪中起辅助作用，属从犯，具有法定从轻或者减轻处罚情节，决定对其从轻处罚。被告人王兵兵所犯抢劫罪、绑架罪依法实行数罪并罚。鉴于被告人王兵兵在犯罪时未满18周岁，系未成年人，且在案发后在家属的陪同下主动投案，如实供述了犯罪事实，属自首，具有法定从轻或减轻处罚之情节，故决定对被告人王兵兵减轻处罚。依照《中华人民共和国刑法》第二百六十三条第（四）项、第二百三十九条第一款、第二十五条第一款、第二十六条第一款和第四款、第二十七条、第十七条第一款和第三款、第六十七条第一款、第六十九条、第五十二条、第五十三条之规定，判决如下： 被告人王兵兵犯抢劫罪，判处有期徒刑八年，并处罚金人民币8000元，犯绑架罪，判处有期徒刑三年又六个月，并处罚金人民币3000元，决定合并执行有期徒刑十年又六个月，并处罚金人民币11000元（刑期从判决执行之日起计算，判决执行以前先行羁押的，羁押一日折抵刑期一日，即从2014年2月17日起至2024年8月16日止，罚金限本判决生效之次日起三十日内缴纳）。 如不服本判决，可在接到判决书的第二日起十日内，通过本院或者直接向陕西省榆林市中级人民法院提出上诉。书面上诉的，应当提交上诉状正本一份，副本二份。 审判长李晨光 审判员吴丽 审判员杜鹏 二〇一四年十一月十二日 书记员温爱云",
  "writId": "018a47d228c0b015a4cda7196042a3c98a2",
  "writName": "王兵兵抢劫、绑架罪一案一审刑事判决书",
  "cid": 967,
  "crime": [
    "以下是根据您提供的信息，列出的被告王兵兵涉及的所有罪名：\n\n```python\ncrime_names = [抢劫罪",
    "绑架罪]\n```\n\n请注意，这里只包含了直接给出的两个罪名。如果有其他需要解释或者提取的信息，请提供更详细的情况，以便做出准确的回答。"
  ]
}