{
  "ajId": "cf8c0de2-964f-4124-85bf-0aecfdc23f2e",
  "ajName": "李×危险驾驶罪一案",
  "ajjbqk": " 公诉机关起诉书指控：2017年1月15日19时许，被告人李×醉酒后驾驶伪造车牌的“尼桑”牌的小型轿车，由北向南行驶至北京市丰台区翠林二里时与他人停放的车辆发生交通事故，经检测其血液中酒精含量达211.1毫克／100毫升。被告人李×在现场被北京市公安局公安交通管理局丰台交通支队抓获。公诉机关建议判处被告人李×拘役四个月至六个月，并处罚金。被告人李×对指控事实、罪名及量刑建议没有异议且签字具结，在开庭审理过程中亦无异议。 ",
  "cpfxgc": "本院认为，公诉机关指控被告人李×犯危险驾驶罪的罪名成立，量刑建议适当，应予采纳。鉴于被告人李×醉酒驾驶使用伪造车牌的机动车，且血液中酒精含量达到200毫克／100毫升以上，故本院依法对其予以从重处罚；鉴于被告人李×到案后能如实供述主要犯罪事实，故本院依法对其予以从轻处罚。依照《中华人民共和国刑法》第一百三十三条之一第一款、第五十二条、第五十三条、第六十七条第三款、第六十一条的规定，判决如下：",
  "pjjg": " 被告人李×犯危险驾驶罪，判处拘役四个月，并处罚金人民币三千元。 （刑期从判决执行之日起计算。判决执行以前先行羁押的，羁押一日折抵刑期一日，即自2017年1月16日起至2017年5月15日止。罚金于判决生效后三十日内缴纳。） 如不服本判决，可在接到判决书的第二日起十日内，通过本院或者直接向北京市第二中级人民法院提出上诉。书面上诉的，应提交上诉状正本一份、副本一份。",
  "qw": "李×危险驾驶罪一审刑事判决书 北京市丰台区人民法院 刑事判决书 （2017）京0106刑初221号 公诉机关北京市丰台区人民检察院。 被告人李×，男，1988年5月11日出生，身份证号×××；因涉嫌犯危险驾驶罪，于2017年1月16日被羁，同日被刑事拘留，现羁押于北京市丰台区看守所。 公诉机关以京丰检刑诉（2017）112号起诉书指控被告人李×犯危险驾驶罪。本院适用刑事案件速裁程序，实行独任审判，公开开庭审理了本案。 公诉机关起诉书指控：2017年1月15日19时许，被告人李×醉酒后驾驶伪造车牌的“尼桑”牌的小型轿车，由北向南行驶至北京市丰台区翠林二里时与他人停放的车辆发生交通事故，经检测其血液中酒精含量达211.1毫克／100毫升。被告人李×在现场被北京市公安局公安交通管理局丰台交通支队抓获。公诉机关建议判处被告人李×拘役四个月至六个月，并处罚金。被告人李×对指控事实、罪名及量刑建议没有异议且签字具结，在开庭审理过程中亦无异议。 本院认为，公诉机关指控被告人李×犯危险驾驶罪的罪名成立，量刑建议适当，应予采纳。鉴于被告人李×醉酒驾驶使用伪造车牌的机动车，且血液中酒精含量达到200毫克／100毫升以上，故本院依法对其予以从重处罚；鉴于被告人李×到案后能如实供述主要犯罪事实，故本院依法对其予以从轻处罚。依照《中华人民共和国刑法》第一百三十三条之一第一款、第五十二条、第五十三条、第六十七条第三款、第六十一条的规定，判决如下： 被告人李×犯危险驾驶罪，判处拘役四个月，并处罚金人民币三千元。 （刑期从判决执行之日起计算。判决执行以前先行羁押的，羁押一日折抵刑期一日，即自2017年1月16日起至2017年5月15日止。罚金于判决生效后三十日内缴纳。） 如不服本判决，可在接到判决书的第二日起十日内，通过本院或者直接向北京市第二中级人民法院提出上诉。书面上诉的，应提交上诉状正本一份、副本一份。 代理审判员张立建 二〇一七年二月九日 书记员朱琳",
  "writId": "0368a9ff9aaa0a56623fed2627a982cfa34",
  "writName": "李×危险驾驶罪一审刑事判决书",
  "cid": 10263,
  "crime": [
    "危险驾驶罪"
  ]
}