{
  "ajId": "9c30b4f8-8859-418c-8784-d7bd7b79f972",
  "ajName": "潘海军招摇撞骗罪一案",
  "ajjbqk": " 经审理查明，被告人潘海军冒充人民警察，以办理廉租房、驾驶证、处理违章为由骗取他人人民币共计35000元，具体事实分述如下： 1、2014年1月，被告人潘海军冒充人民警察以办理驾驶证为由骗取被害人哈某某人民币10000元，经被害人哈某某催要，被告人潘海军于2017年6月5日前陆续退赔被害人哈某某人民币9000元，案发后退赔被害人哈某某人民币1000元。 2、2017年2月，被告人潘海军冒充人民警察以办理廉租房为由骗取被害人相某甲、相某乙人民币10000元，经被害人相某甲催要，被告人潘海军于2017年7月前陆续退赔被害人相某甲、相某乙人民币10000元。 3、2017年2月，被告人潘海军冒充人民警察以办理廉租房为由骗取被害人马某某人民币1500元，在被害人马某某的催促下，被告人潘海军于2017年8月退赔被害人马某某人民币500元，案发后退赔被害人马某某人民币1000元。 4、2017年2月，被告人潘海军冒充人民警察以办理廉租房为由骗取被害人杨某甲、杨某乙人民币4000元，经被害人杨某甲催要，被害人潘海军于2017年11月10日退赔杨某甲人民币1000元、退赔杨某乙人民币1000元，案发后退赔杨某甲人民币1000元、退赔杨某乙人民币1000元。 5、2017年3月，被告人潘海军冒充人民警察以处理违章为由骗取被害人杨某丙人民币4000元，经被害人杨某丙催要，被告人潘海军于2017年8月17日退赔被害人杨某丙人民币1500元，于2017年9月10日退赔被害人杨某丙人民币1000元，案发后退赔被害人杨某丙人民币1500元。 6、2017年5月，被告人潘海军冒充人民警察以办理廉租房为由骗取被害人任某某人民币5500元，案发后被告人潘海军退赔被害人任某某人民币5500元。 案发前，被告人潘海军退赔各被害人经济损失共计人民币24000元，案发后，被告人潘海军退赔各被害人经济损失共计人民币11000元，被告人潘海军已全部退赔各被害人经济损失，并取得被害人哈某某、杨某甲、杨某乙、马某某、杨某丙、任某某、相某甲、相某乙的谅解。 上述事实，被告人在开庭审理过程中亦无异议。公诉机关认为，应当以招摇撞骗罪追究被告人潘海军的刑事责任，被告人潘海军具有如实供述的法定从轻处罚情节，其全部退赔各被害人损失并取得各被害人谅解，具有酌定从轻处罚情节，其冒充人民警察招摇撞骗取得钱款，具有法定从重处罚情节。其辩护人认为：1、被告人系初犯，此前无犯罪前科，无违法犯罪行为，其之所以伪造警官证，也是由于之前曾经在公安系统工作过，从事过协警工作，对于警察职业的崇拜和向往，对于其以虚假身份骗取他人财物，应当与其现在所处的生活环境有关；2、被告人能够在发生事情之后将大部分非法所得退还被害人，并在案发后将剩余的未退赃部分通过家属全部退赃，并获得了被害人的谅解，具备从轻处罚情节；3、在被抓获后，能够如实供述其犯罪行为，属于法定从轻处罚情节；4、被告人当庭表示认罪服法，属于从轻处罚情节；5、被告人本人身患残疾，且其身体在2010年遭受外力打击后头部至今仍有血块未吸收，没有治愈，在看守所羁押期间头部出现渗血情况，已向看守所管教多次提出申请。根据被告人目前的身体状况及本案案件事实，认为被告人不适宜长期羁押，请法庭考虑对被告人适用缓刑。本案有人民警察证，受案登记表、抓获经过、常住人口基本信息、搜查笔录、扣押决定书、扣押清单、收据、照片三张、微信聊天截屏、转账凭证、谅解书、情况说明、随案移交清单等书证，证人纳某某、李某某证言笔录，被害人相某甲、相某乙、马某某、杨某甲、杨某乙、杨某丙、任某某、哈某某陈述，被告人潘海军供述及辩解等证据予以证实。 ",
  "cpfxgc": "本院认为，被告人潘海军为谋取非法利益，冒充人民警察骗取他人钱财，其行为已构成招摇撞骗罪。公诉机关指控犯罪事实清楚，证据确实、充分，罪名成立，本院予以支持。被告人关于没有以人民警察的身份骗取被害人任某某的钱款的辩解，因本案其他被害人的陈述、被害人任某某的陈述、伪造的人民警察证、被告人的供述及证人纳某某的证言能够相互印证被告人是以其在公安局上班，系人民警察的身份，骗取被害人任某某钱款的，故该辩解不符合案件事实，本院不予采纳。其辩护人关于被告人之所以伪造警官证，是由于之前曾经在公安系统工作过，从事过协警工作，对于警察职业的崇拜和向往，对于其以虚假身份骗取他人财物，应当与其现在所处的生活环境有关，根据被告人目前的身体状况，建议对被告人判处缓刑的辩护意见，因不影响对被告人的定罪与量刑，故该辩护意见本院不予采纳；辩护人的其他辩护意见符合案件事实和法律规定，本院予以采纳。被告人潘海军到案后如实供述，依法可从轻处罚；其已全部退赔各被害人经济损失并取得各被害人谅解，酌定从轻处罚；其冒充人民警察招摇撞骗，依法应从重处罚。本院为维护国家机关的威信及其正常活动，保护他人财产权益不受侵犯，依照《中华人民共和国刑法》第二百七十九条第一款、第二款、第六十七条第三款之规定，判决如下：",
  "pjjg": " 一、被告人潘海军犯招摇撞骗罪，判处有期徒刑一年四个月。 （刑期从判决确定之日起计算。判决执行以前先行羁押的，羁押一日折抵刑期一日；即自2017年11月30日起至2019年3月29日止）。 二、对伪造的\"人民警察证\"予以没收。 如不服本判决，可在接到判决书的第二日起十日内，通过本院或者直接向石嘴山市中级人民法院提出上诉。书面上诉的，应当提交上诉状正本一份，副本六份。",
  "qw": "宁夏回族自治区石嘴山市大武口区人民法院 刑事判决书 （2018）宁0202刑初47号 公诉机关石嘴山市大武口区人民检察院。 被告人潘海军，男，1974年10月13日出生于宁夏石嘴山市，汉族，中专文化，系石嘴山市龙俊通公司职工，住宁夏石嘴山市。2017年11月30日因犯招摇撞骗罪被石嘴山市公安局大武口区分局刑事拘留，同年12月3日延长拘留期限至三十日，2018年1月5日经石嘴山市人民检察院批准，于当日由石嘴山市公安局大武口区分局执行逮捕。现羁押于石嘴山市看守所。 辩护人郗景彦，宁夏大潮人律师事务所律师。 石嘴山市大武口区人民检察院以石大检公诉刑诉（2018）43号起诉书指控被告人潘海军犯招摇撞骗罪，于2018年3月19日向本院提起公诉。本院受理后，依法组成合议庭，于2018年4月8日公开开庭进行了审理。石嘴山市大武口区人民检察院指派检察员王浩林出庭支持公诉，被告人潘海军及其辩护人郗景彦到庭参加诉讼。现已审理终结。 经审理查明，被告人潘海军冒充人民警察，以办理廉租房、驾驶证、处理违章为由骗取他人人民币共计35000元，具体事实分述如下： 1、2014年1月，被告人潘海军冒充人民警察以办理驾驶证为由骗取被害人哈某某人民币10000元，经被害人哈某某催要，被告人潘海军于2017年6月5日前陆续退赔被害人哈某某人民币9000元，案发后退赔被害人哈某某人民币1000元。 2、2017年2月，被告人潘海军冒充人民警察以办理廉租房为由骗取被害人相某甲、相某乙人民币10000元，经被害人相某甲催要，被告人潘海军于2017年7月前陆续退赔被害人相某甲、相某乙人民币10000元。 3、2017年2月，被告人潘海军冒充人民警察以办理廉租房为由骗取被害人马某某人民币1500元，在被害人马某某的催促下，被告人潘海军于2017年8月退赔被害人马某某人民币500元，案发后退赔被害人马某某人民币1000元。 4、2017年2月，被告人潘海军冒充人民警察以办理廉租房为由骗取被害人杨某甲、杨某乙人民币4000元，经被害人杨某甲催要，被害人潘海军于2017年11月10日退赔杨某甲人民币1000元、退赔杨某乙人民币1000元，案发后退赔杨某甲人民币1000元、退赔杨某乙人民币1000元。 5、2017年3月，被告人潘海军冒充人民警察以处理违章为由骗取被害人杨某丙人民币4000元，经被害人杨某丙催要，被告人潘海军于2017年8月17日退赔被害人杨某丙人民币1500元，于2017年9月10日退赔被害人杨某丙人民币1000元，案发后退赔被害人杨某丙人民币1500元。 6、2017年5月，被告人潘海军冒充人民警察以办理廉租房为由骗取被害人任某某人民币5500元，案发后被告人潘海军退赔被害人任某某人民币5500元。 案发前，被告人潘海军退赔各被害人经济损失共计人民币24000元，案发后，被告人潘海军退赔各被害人经济损失共计人民币11000元，被告人潘海军已全部退赔各被害人经济损失，并取得被害人哈某某、杨某甲、杨某乙、马某某、杨某丙、任某某、相某甲、相某乙的谅解。 上述事实，被告人在开庭审理过程中亦无异议。公诉机关认为，应当以招摇撞骗罪追究被告人潘海军的刑事责任，被告人潘海军具有如实供述的法定从轻处罚情节，其全部退赔各被害人损失并取得各被害人谅解，具有酌定从轻处罚情节，其冒充人民警察招摇撞骗取得钱款，具有法定从重处罚情节。其辩护人认为：1、被告人系初犯，此前无犯罪前科，无违法犯罪行为，其之所以伪造警官证，也是由于之前曾经在公安系统工作过，从事过协警工作，对于警察职业的崇拜和向往，对于其以虚假身份骗取他人财物，应当与其现在所处的生活环境有关；2、被告人能够在发生事情之后将大部分非法所得退还被害人，并在案发后将剩余的未退赃部分通过家属全部退赃，并获得了被害人的谅解，具备从轻处罚情节；3、在被抓获后，能够如实供述其犯罪行为，属于法定从轻处罚情节；4、被告人当庭表示认罪服法，属于从轻处罚情节；5、被告人本人身患残疾，且其身体在2010年遭受外力打击后头部至今仍有血块未吸收，没有治愈，在看守所羁押期间头部出现渗血情况，已向看守所管教多次提出申请。根据被告人目前的身体状况及本案案件事实，认为被告人不适宜长期羁押，请法庭考虑对被告人适用缓刑。本案有人民警察证，受案登记表、抓获经过、常住人口基本信息、搜查笔录、扣押决定书、扣押清单、收据、照片三张、微信聊天截屏、转账凭证、谅解书、情况说明、随案移交清单等书证，证人纳某某、李某某证言笔录，被害人相某甲、相某乙、马某某、杨某甲、杨某乙、杨某丙、任某某、哈某某陈述，被告人潘海军供述及辩解等证据予以证实。 本院认为，被告人潘海军为谋取非法利益，冒充人民警察骗取他人钱财，其行为已构成招摇撞骗罪。公诉机关指控犯罪事实清楚，证据确实、充分，罪名成立，本院予以支持。被告人关于没有以人民警察的身份骗取被害人任某某的钱款的辩解，因本案其他被害人的陈述、被害人任某某的陈述、伪造的人民警察证、被告人的供述及证人纳某某的证言能够相互印证被告人是以其在公安局上班，系人民警察的身份，骗取被害人任某某钱款的，故该辩解不符合案件事实，本院不予采纳。其辩护人关于被告人之所以伪造警官证，是由于之前曾经在公安系统工作过，从事过协警工作，对于警察职业的崇拜和向往，对于其以虚假身份骗取他人财物，应当与其现在所处的生活环境有关，根据被告人目前的身体状况，建议对被告人判处缓刑的辩护意见，因不影响对被告人的定罪与量刑，故该辩护意见本院不予采纳；辩护人的其他辩护意见符合案件事实和法律规定，本院予以采纳。被告人潘海军到案后如实供述，依法可从轻处罚；其已全部退赔各被害人经济损失并取得各被害人谅解，酌定从轻处罚；其冒充人民警察招摇撞骗，依法应从重处罚。本院为维护国家机关的威信及其正常活动，保护他人财产权益不受侵犯，依照《中华人民共和国刑法》第二百七十九条第一款、第二款、第六十七条第三款之规定，判决如下： 一、被告人潘海军犯招摇撞骗罪，判处有期徒刑一年四个月。 （刑期从判决确定之日起计算。判决执行以前先行羁押的，羁押一日折抵刑期一日；即自2017年11月30日起至2019年3月29日止）。 二、对伪造的\"人民警察证\"予以没收。 如不服本判决，可在接到判决书的第二日起十日内，通过本院或者直接向石嘴山市中级人民法院提出上诉。书面上诉的，应当提交上诉状正本一份，副本六份。 审判长魏娟娟 审判员李志军 人民陪审员薛晖 二〇一八年五月七日 书记员周海斌 附相关法律条文： 1、《中华人民共和国刑法》第二百七十九条 冒充国家机关工作人员招摇撞骗的，处三年以下有期徒刑、拘役、管制或者剥夺政治权利；情节严重的，处三年以上十年以下有期徒刑。 冒充人民警察招摇撞骗的，依照前款的规定从重处罚。 2、《中华人民共和国刑法》第六十七条 第三款犯罪嫌疑人虽不具有前两款规定的自首情节，但是如实供述自己罪行的，可以从轻处罚；因其如实供述自己罪行，避免特别严重后果发生的，可以减轻处罚。 3、《中华人民共和国刑法》第六十四条 犯罪分子违法所得的一切财物，应当予以追缴或者责令退赔；对被害人的合法财产，应当及时返还；违禁品和供犯罪所用的本人财物，应当予以没收。没收的财物和罚金，一律上缴国库，不得挪用和自行处理。",
  "writId": "031e121f6ddb60dab085dc5ecc73b3ecfe2",
  "writName": "潘海军招摇撞骗罪一审刑事判决书",
  "cid": 227,
  "crime": [
    "招摇撞骗罪"
  ]
}