{
  "ajId": "b3b56918-47eb-48ab-a5ee-02b72836b0bc",
  "ajName": "陈星甫走私、贩卖、运输、制造毒品一案",
  "ajjbqk": " 公诉机关指控，2016年9月13日21时许，在重庆市大足区龙水镇某市场垃圾站附近，被告人陈星甫贩卖了600元的甲基苯丙胺（俗称“冰毒”）给陆某，民警将完成毒品交易的被告人陈星甫和陆某当场查获。民警从陆某处搜出2包甲基苯丙胺（俗称“冰毒”）疑似物（分别净重1.03克、1克），从陈星甫处搜出1小包甲基苯丙胺（俗称“冰毒”）疑似物（净重0.39克）。经重庆市公安局物证鉴定中心鉴定，涉案的甲基苯丙胺（俗称“冰毒”）疑似物中检测出甲基苯丙胺成分。 被告人陈星甫对公诉机关指控的事实和罪名无异议。 本院审理查明的事实与公诉机关指控的事实一致。 另查明，被告人陈星甫于2016年9月13日21时许被公安机关抓获并被羁押。同日，重庆市大足区公安局作出扣押决定书，对在被告人陈星甫身上查获的毒资人民币600元，冰毒疑似物0.39克，予以扣押；对在陆某身上查获的冰毒疑似物1.03克、冰毒疑似物1克，予以扣押。 2016年9月21日，重庆市公安局物证鉴定中心渝公鉴（毒品）（2016）43740号物证检验报告检验结果：本案所送检的检材中均检出甲基苯丙胺成分。 归案后，被告人陈星甫如实供述了自己贩卖毒品的事实。 上述事实，被告人陈星甫在庭审过程中均无异议，且有公诉机关举示并经庭审质证的受案登记表，立案决定书，到案经过，对被告人陈星甫的人身检查、提取、封存、扣押笔录，称量笔录及照片，扣押决定书、扣押物品清单、辨认笔录及照片，对陆某的人身检查笔录，提取、封存、扣押笔录，称量笔录及照片，检材提取笔录及照片、扣押决定书、扣押物品清单、辨认笔录及照片，毒品鉴定文书，陈星甫户籍信息，证人陆某的证言，被告人陈星甫的供述和辩解等证据予以证实，足以认定。 ",
  "cpfxgc": "本院认为，被告人陈星甫违反国家对毒品的管理规定，贩卖甲基苯丙胺2.42克，其行为确已构成贩卖毒品罪应处以刑罚。公诉机关指控被告人陈星甫犯贩卖毒品罪的事实清楚，证据确实、充分，指控的罪名成立。被告人陈星甫到案后如实供述自己的罪行，依法可从轻处罚。据此，依照《中华人民共和国刑法》第三百四十七条第一、四款、第六十七条第三款、第六十四条、第五十二条、第五十三条之规定，判决如下：",
  "pjjg": " 一、被告人陈星甫犯贩卖毒品罪，判处有期徒刑一年四个月，并处罚金人民币三千元； （刑期从判决执行之日起计算。判决执行以前先行羁押的，羁押一日折抵刑期一日。即从2016年9月13日起至2018年1月12日止。罚金限本判决生效后十日内缴纳。） 二、扣押在案的甲基苯丙胺2.42克予以没收；扣押在案的毒资600元上缴国库。 如不服本判决，可在接到判决书的第二日起十日内，通过本院或者直接向重庆市第一中级人民法院提出上诉。书面上诉的，应当提交上诉状正本一份，副本二份。",
  "qw": "陈星甫走私、贩卖、运输、制造毒品一审刑事判决书 重庆市大足区人民法院 刑事判决书 （2016）渝0111刑初455号 公诉机关重庆市大足区人民检察院。 被告人陈星甫（曾用名：陈文甫），男，1970年9月11日出生，汉族，重庆市大足区人，初中文化程度，无业，住重庆市大足区。因涉嫌犯贩卖毒品罪，于2016年9月14日被重庆市大足区公安局刑事拘留，同月28日被执行逮捕。现羁押于重庆市大足区看守所。 重庆市大足区人民检察院以渝足检刑诉［2016］457号起诉书指控被告人陈星甫犯贩卖毒品罪，于2016年11月8日向本院提起公诉。本院受理后，依法适用简易程序，实行独任审判，于2016年11月18日公开开庭审理了本案。重庆市大足区人民检察院指派检察员李红等二人出庭支持公诉，被告人陈星甫到庭参加诉讼。现已审理终结。 公诉机关指控，2016年9月13日21时许，在重庆市大足区龙水镇某市场垃圾站附近，被告人陈星甫贩卖了600元的甲基苯丙胺（俗称“冰毒”）给陆某，民警将完成毒品交易的被告人陈星甫和陆某当场查获。民警从陆某处搜出2包甲基苯丙胺（俗称“冰毒”）疑似物（分别净重1.03克、1克），从陈星甫处搜出1小包甲基苯丙胺（俗称“冰毒”）疑似物（净重0.39克）。经重庆市公安局物证鉴定中心鉴定，涉案的甲基苯丙胺（俗称“冰毒”）疑似物中检测出甲基苯丙胺成分。 被告人陈星甫对公诉机关指控的事实和罪名无异议。 本院审理查明的事实与公诉机关指控的事实一致。 另查明，被告人陈星甫于2016年9月13日21时许被公安机关抓获并被羁押。同日，重庆市大足区公安局作出扣押决定书，对在被告人陈星甫身上查获的毒资人民币600元，冰毒疑似物0.39克，予以扣押；对在陆某身上查获的冰毒疑似物1.03克、冰毒疑似物1克，予以扣押。 2016年9月21日，重庆市公安局物证鉴定中心渝公鉴（毒品）（2016）43740号物证检验报告检验结果：本案所送检的检材中均检出甲基苯丙胺成分。 归案后，被告人陈星甫如实供述了自己贩卖毒品的事实。 上述事实，被告人陈星甫在庭审过程中均无异议，且有公诉机关举示并经庭审质证的受案登记表，立案决定书，到案经过，对被告人陈星甫的人身检查、提取、封存、扣押笔录，称量笔录及照片，扣押决定书、扣押物品清单、辨认笔录及照片，对陆某的人身检查笔录，提取、封存、扣押笔录，称量笔录及照片，检材提取笔录及照片、扣押决定书、扣押物品清单、辨认笔录及照片，毒品鉴定文书，陈星甫户籍信息，证人陆某的证言，被告人陈星甫的供述和辩解等证据予以证实，足以认定。 本院认为，被告人陈星甫违反国家对毒品的管理规定，贩卖甲基苯丙胺2.42克，其行为确已构成贩卖毒品罪应处以刑罚。公诉机关指控被告人陈星甫犯贩卖毒品罪的事实清楚，证据确实、充分，指控的罪名成立。被告人陈星甫到案后如实供述自己的罪行，依法可从轻处罚。据此，依照《中华人民共和国刑法》第三百四十七条第一、四款、第六十七条第三款、第六十四条、第五十二条、第五十三条之规定，判决如下： 一、被告人陈星甫犯贩卖毒品罪，判处有期徒刑一年四个月，并处罚金人民币三千元； （刑期从判决执行之日起计算。判决执行以前先行羁押的，羁押一日折抵刑期一日。即从2016年9月13日起至2018年1月12日止。罚金限本判决生效后十日内缴纳。） 二、扣押在案的甲基苯丙胺2.42克予以没收；扣押在案的毒资600元上缴国库。 如不服本判决，可在接到判决书的第二日起十日内，通过本院或者直接向重庆市第一中级人民法院提出上诉。书面上诉的，应当提交上诉状正本一份，副本二份。 审判员田勇 二〇一六年十一月十八日 书记员黄川",
  "writId": "043063a06bd8cdf1c490540f1e3b93a701a",
  "writName": "陈星甫走私、贩卖、运输、制造毒品一审刑事判决书",
  "cid": 24843,
  "crime": [
    "贩卖毒品罪"
  ]
}