{
  "ajId": "972dafa6-2c26-4488-9026-a03f675b5b45",
  "ajName": "1692朱举铭非法吸收公众存款罪一案",
  "ajjbqk": " 江苏省昆山市人民检察院指控，2016年10月至12月，被告人朱举铭伙同他人在昆山市玉山镇白马泾路52号楼1104室设立安徽省华春电力科技有限公司昆山分公司，假借以修水电站发电补贴投资项目为诱饵，通过业务员在公众场所推介，共向社会公众60余人次吸收资金，非法吸收公众存款人民币120万余元。被告人朱举铭归案后如实供述了主要犯罪事实。公诉机关认为，被告人朱举铭非法吸收公众存款，金额达到120余万元，数额巨大，扰乱金融管理秩序，应当以非法吸收公众存款罪追究其刑事责任。被告人朱举铭如实供述自己的罪行，可以从轻处罚。提请本院依法判处。 被告人朱举铭对公诉机关指控的犯罪事实未提出异议。其辩护人的辩护意见是：对本案的定性不持异议。被告人朱举铭未直接参与犯罪活动，未参与犯罪所得的分配，没有强烈的犯罪动机，在犯罪中处于被支配地位，在本案中属于从犯，也是受害者之一，如实供述自己的犯罪事实，认罪态度良好。综上，建议对被告人朱举铭减轻处罚，判处一年六个月以下有期徒刑。 经审理查明，2016年10月至12月，被告人朱举铭伙同他人在昆山市玉山镇白马泾路XX号楼XXXX室设立安徽省华春电力科技有限公司昆山分公司，假借以修水电站发电补贴投资项目为诱饵，通过业务员在公众场所推介，共向社会公众60余人次吸收资金，非法吸收公众存款人民币120万余元。 另查明： 1、被告人朱举铭归案后如实供述了主要犯罪事实。 2、公安机关从安徽省华春电力科技有限公司昆山分公司扣押了人民币600元等物；从林某1处扣押了投资款人民币17300元。 上述事实，被告人朱举铭在开庭审理过程中亦无异议，且有证人叶某、周某1、林某1、廖某1、陈某、吴某1、杨某、邱某、唐某、赵某1、姚某1、廖某2、潘某、邓某、孙某、朱某1、姚某2、史某、徐某1、范某、贾某1、顾某1、王某1、顾某2、强某、周某2、张某1、顾某3、赵某2、夏某、杭某、朱某2、薛某1、钱某、李某、鲁某1、薛某2、赵某3、朱某3、翁某、任某、王某2、张某2、戴某、王某3、何某、黄某、来某、张某3、单某、贾某2、周某3的证言，辨认笔录，借款合同书，收据，扣押清单，接受证据材料清单，搜查笔录，营业执照，取水许可证，合作方案，经济分析，薪酬制度，通知，投资明细，受案登记表，立案决定书，宣传资料，查询回复，工商登记资料，协助查询财产通知书，协助冻结／解除冻结财产通知书，调取证据通知书，银行账户开户信息，交易记录，交易明细，刑事判决书，抓获经过，人口信息等证据证实，足以认定。 ",
  "cpfxgc": "本院认为，被告人朱举铭非法吸收公众存款人民币120万余元，扰乱金融秩序，数额巨大，其行为已构成非法吸收公众存款罪。被告人朱举铭如实供述自己的罪行，依法予以从轻处罚。公诉机关指控被告人朱举铭犯非法吸收公众存款罪的事实清楚，证据确实、充分，指控罪名正确。 辩护人关于被告人朱举铭在本案中属于从犯，也是受害者之一，建议减轻处罚，判处一年六个月以下有期徒刑等辩护意见，经查，被告人朱举铭直接、积极参与非法吸收公众存款犯罪，负责行政、财务管理等工作，不能认定其系共同犯罪中的从犯，其并非刑法意义上的被害人，其虽有坦白的法定从宽处罚情节，但不符合减轻处罚的适用条件，若对其在有期徒刑一年六个月以下量刑，不能罚当其罪，故上述辩护意见本院不予采纳；关于被告人朱举铭如实供述自己的犯罪事实，认罪态度良好的辩护意见，本院予以采纳。 据此，依照《中华人民共和国刑法》第一百七十六条第一款、第五十二条、第五十三条、第六十四条、第六十七条第三款及《最高人民法院关于审理非法集资刑事案件具体应用法律若干问题的解释》第一条、第二条、第三条之规定，判决如下：",
  "pjjg": " 一、被告人朱举铭犯非法吸收公众存款罪，判处有期徒刑三年，并处罚金人民币五万元。 （刑期从判决执行之日起计算。判决执行以前先行羁押的，羁押一日折抵刑期一日，即自2016年12月30日起至2019年12月29日止。罚金在判决生效后第二日起十日内缴纳。） 二、公安机关扣押的人民币一万七千九百元，发还集资参与人。 三、追缴被告人朱举铭的违法所得，发还集资参与人。 如不服本判决，可在接到判决书的第二日起十日内，通过本院或者直接向苏州市中级人民法院提出上诉。书面上诉的，应当提交上诉状正本一份，副本二份。",
  "qw": "江苏省昆山市人民法院 刑事判决书 （2017）苏0583刑初1692号 公诉机关江苏省昆山市人民检察院。 被告人朱举铭，男，1986年8月28日生，汉族，高中文化，原安徽省华春电力科技有限公司昆山分公司财务负责人，住广东省茂名市高州市。2013年3月18日因犯诈骗罪被广州市天河区人民法院判处有期徒刑一年，缓刑二年，并处罚金人民币二千元。2016年12月30日因涉嫌非法吸收公众存款犯罪被昆山市公安局刑事拘留，2017年1月25日被逮捕。现羁押于昆山市看守所。 辩护人王亚，江苏漫修（苏州）律师事务所律师。 江苏省昆山市人民检察院以昆检诉刑诉（2017）1736号起诉书指控被告人朱举铭犯非法吸收公众存款罪，于2017年9月11日向本院提起公诉。本院受理后，依法适用简易程序，后于2017年10月26日转为普通程序，依法组成合议庭，公开开庭审理了本案。江苏省昆山市人民检察院指派检察员王海东出庭支持公诉。被告人朱举铭、辩护人王亚到庭参加诉讼。现已审理终结。 江苏省昆山市人民检察院指控，2016年10月至12月，被告人朱举铭伙同他人在昆山市玉山镇白马泾路52号楼1104室设立安徽省华春电力科技有限公司昆山分公司，假借以修水电站发电补贴投资项目为诱饵，通过业务员在公众场所推介，共向社会公众60余人次吸收资金，非法吸收公众存款人民币120万余元。被告人朱举铭归案后如实供述了主要犯罪事实。公诉机关认为，被告人朱举铭非法吸收公众存款，金额达到120余万元，数额巨大，扰乱金融管理秩序，应当以非法吸收公众存款罪追究其刑事责任。被告人朱举铭如实供述自己的罪行，可以从轻处罚。提请本院依法判处。 被告人朱举铭对公诉机关指控的犯罪事实未提出异议。其辩护人的辩护意见是：对本案的定性不持异议。被告人朱举铭未直接参与犯罪活动，未参与犯罪所得的分配，没有强烈的犯罪动机，在犯罪中处于被支配地位，在本案中属于从犯，也是受害者之一，如实供述自己的犯罪事实，认罪态度良好。综上，建议对被告人朱举铭减轻处罚，判处一年六个月以下有期徒刑。 经审理查明，2016年10月至12月，被告人朱举铭伙同他人在昆山市玉山镇白马泾路XX号楼XXXX室设立安徽省华春电力科技有限公司昆山分公司，假借以修水电站发电补贴投资项目为诱饵，通过业务员在公众场所推介，共向社会公众60余人次吸收资金，非法吸收公众存款人民币120万余元。 另查明： 1、被告人朱举铭归案后如实供述了主要犯罪事实。 2、公安机关从安徽省华春电力科技有限公司昆山分公司扣押了人民币600元等物；从林某1处扣押了投资款人民币17300元。 上述事实，被告人朱举铭在开庭审理过程中亦无异议，且有证人叶某、周某1、林某1、廖某1、陈某、吴某1、杨某、邱某、唐某、赵某1、姚某1、廖某2、潘某、邓某、孙某、朱某1、姚某2、史某、徐某1、范某、贾某1、顾某1、王某1、顾某2、强某、周某2、张某1、顾某3、赵某2、夏某、杭某、朱某2、薛某1、钱某、李某、鲁某1、薛某2、赵某3、朱某3、翁某、任某、王某2、张某2、戴某、王某3、何某、黄某、来某、张某3、单某、贾某2、周某3的证言，辨认笔录，借款合同书，收据，扣押清单，接受证据材料清单，搜查笔录，营业执照，取水许可证，合作方案，经济分析，薪酬制度，通知，投资明细，受案登记表，立案决定书，宣传资料，查询回复，工商登记资料，协助查询财产通知书，协助冻结／解除冻结财产通知书，调取证据通知书，银行账户开户信息，交易记录，交易明细，刑事判决书，抓获经过，人口信息等证据证实，足以认定。 本院认为，被告人朱举铭非法吸收公众存款人民币120万余元，扰乱金融秩序，数额巨大，其行为已构成非法吸收公众存款罪。被告人朱举铭如实供述自己的罪行，依法予以从轻处罚。公诉机关指控被告人朱举铭犯非法吸收公众存款罪的事实清楚，证据确实、充分，指控罪名正确。 辩护人关于被告人朱举铭在本案中属于从犯，也是受害者之一，建议减轻处罚，判处一年六个月以下有期徒刑等辩护意见，经查，被告人朱举铭直接、积极参与非法吸收公众存款犯罪，负责行政、财务管理等工作，不能认定其系共同犯罪中的从犯，其并非刑法意义上的被害人，其虽有坦白的法定从宽处罚情节，但不符合减轻处罚的适用条件，若对其在有期徒刑一年六个月以下量刑，不能罚当其罪，故上述辩护意见本院不予采纳；关于被告人朱举铭如实供述自己的犯罪事实，认罪态度良好的辩护意见，本院予以采纳。 据此，依照《中华人民共和国刑法》第一百七十六条第一款、第五十二条、第五十三条、第六十四条、第六十七条第三款及《最高人民法院关于审理非法集资刑事案件具体应用法律若干问题的解释》第一条、第二条、第三条之规定，判决如下： 一、被告人朱举铭犯非法吸收公众存款罪，判处有期徒刑三年，并处罚金人民币五万元。 （刑期从判决执行之日起计算。判决执行以前先行羁押的，羁押一日折抵刑期一日，即自2016年12月30日起至2019年12月29日止。罚金在判决生效后第二日起十日内缴纳。） 二、公安机关扣押的人民币一万七千九百元，发还集资参与人。 三、追缴被告人朱举铭的违法所得，发还集资参与人。 如不服本判决，可在接到判决书的第二日起十日内，通过本院或者直接向苏州市中级人民法院提出上诉。书面上诉的，应当提交上诉状正本一份，副本二份。 审判长季志康 人民陪审员张桃英 人民陪审员贾青君 二〇一八年四月二十六日 书记员吴昱珊 附相关法条： 《中华人民共和国刑法》 第五十二条判处罚金，应当根据犯罪情节决定罚金数额。 第五十三条罚金在判决指定的期限内一次或者分期缴纳。期满不缴纳的，强制缴纳。对于不能全部缴纳罚金的，人民法院在任何时候发现被执行人有可以执行的财产，应当随时追缴。如果由于遭遇不能抗拒的灾祸缴纳确实有困难的，可以酌情减少或者免除。 第六十四条犯罪分子违法所得的一切财物，应当予以追缴或者责令退赔；对被害人的合法财产，应当及时返还；违禁品和供犯罪所用的本人财物，应当予以没收。没收的财物和罚金，一律上缴国库，不得挪用和自行处理。 第六十七条犯罪以后自动投案，如实供述自己的罪行的，是自首。对于自首的犯罪分子，可以从轻或者减轻处罚。其中，犯罪较轻的，可以免除处罚。 被采取强制措施的犯罪嫌疑人、被告人和正在服刑的罪犯，如实供述司法机关还未掌握的本人其他罪行的，以自首论。 犯罪嫌疑人虽不具有前两款规定的自首情节，但是如实供述自己罪行的，可以从轻处罚；因其如实供述自己罪行，避免特别严重后果发生的，可以减轻处罚。 第一百七十六条非法吸收公众存款或者变相吸收公众存款，扰乱金融秩序的，处三年以下有期徒刑或者拘役，并处或者单处二万元以上二十万元以下罚金；数额巨大或者有其他严重情节的，处三年以上十年以下有期徒刑，并处五万元以上五十万元以下罚金。 单位犯前款罪的，对单位判处罚金，并对其直接负责的主管人员和其他直接责任人员，依照前款的规定处罚。",
  "writId": "0032251b30068299fa3f4df4e1d29d4816a",
  "writName": "1692朱举铭非法吸收公众存款罪一审刑事判决书",
  "cid": 28887,
  "crime": [
    "非法吸收公众存款罪"
  ]
}