{
  "ajId": "8c197d42-2b08-4b8c-a554-45f1a4c342e8",
  "ajName": "王闯闯妨害公务一案",
  "ajjbqk": " 公诉机关指控并经本院审理查明：被告人王闯闯于2018年12月20日3时许，酒后滋事，在北京市公安局朝阳分局某派出所候问室内，暴力阻碍民警依法执行公务，并将民警代某打伤，致其“胸部软组织损伤；头部皮肤挫伤”。经人体损伤程度鉴定，代某身体所受损伤不构成轻微伤。被告人王闯闯于同日被抓获归案，已签署《认罪认罚具结书》。 公诉机关基于被告人王闯闯自愿认罪认罚，建议对其判处有期徒刑六个月至一年。 被告人王闯闯在开庭审理过程中对指控事实、罪名、量刑建议均无异议且已签字具结。 ",
  "cpfxgc": "本院认为，公诉机关指控被告人王闯闯犯妨害公务罪的事实清楚，证据确实、充分，指控罪名成立，量刑建议适当，应予采纳。鉴于被告人王闯闯能够自愿认罪认罚，本院对其依法予以从轻处罚。综上，依照《中华人民共和国刑法》第二百七十七条第一、五款、第六十一条、第四十五条、第四十七条及《中华人民共和国刑事诉讼法》第十五条的规定，判决如下：",
  "pjjg": " 被告人王闯闯犯妨害公务罪，判处有期徒刑六个月（刑期从判决执行之日起计算。判决执行以前先行羁押的，羁押一日折抵刑期一日。即自2018年12月20日起至2019年6月19日止）。 如不服本判决，可在接到判决书的第二日起十日内，通过本院或者直接向北京市第三中级人民法院提出上诉。书面上诉的，应当提交上诉状正本一份，副本一份。",
  "qw": "北京市朝阳区人民法院 刑事判决书 （2019）京0105刑初932号 公诉机关北京市朝阳区人民检察院。 被告人王闯闯，男，1999年8月28日出生，汉族，公民身份号码：×××，户籍所在地山东省莘县。因涉嫌犯妨害公务罪于2018年12月20日被羁押，次日被刑事拘留，2019年1月17日被逮捕；现羁押在北京市朝阳区看守所。 北京市朝阳区人民检察院以京朝检公诉刑诉（2019）831号起诉书指控被告人王闯闯犯妨害公务罪，于2019年4月22日向本院提起公诉。本院适用刑事案件速裁程序，实行独任审判，公开开庭审理了本案。 公诉机关指控并经本院审理查明：被告人王闯闯于2018年12月20日3时许，酒后滋事，在北京市公安局朝阳分局某派出所候问室内，暴力阻碍民警依法执行公务，并将民警代某打伤，致其“胸部软组织损伤；头部皮肤挫伤”。经人体损伤程度鉴定，代某身体所受损伤不构成轻微伤。被告人王闯闯于同日被抓获归案，已签署《认罪认罚具结书》。 公诉机关基于被告人王闯闯自愿认罪认罚，建议对其判处有期徒刑六个月至一年。 被告人王闯闯在开庭审理过程中对指控事实、罪名、量刑建议均无异议且已签字具结。 本院认为，公诉机关指控被告人王闯闯犯妨害公务罪的事实清楚，证据确实、充分，指控罪名成立，量刑建议适当，应予采纳。鉴于被告人王闯闯能够自愿认罪认罚，本院对其依法予以从轻处罚。综上，依照《中华人民共和国刑法》第二百七十七条第一、五款、第六十一条、第四十五条、第四十七条及《中华人民共和国刑事诉讼法》第十五条的规定，判决如下： 被告人王闯闯犯妨害公务罪，判处有期徒刑六个月（刑期从判决执行之日起计算。判决执行以前先行羁押的，羁押一日折抵刑期一日。即自2018年12月20日起至2019年6月19日止）。 如不服本判决，可在接到判决书的第二日起十日内，通过本院或者直接向北京市第三中级人民法院提出上诉。书面上诉的，应当提交上诉状正本一份，副本一份。 审判员魏颖 二〇一九年四月二十六日 书记员成雅楠",
  "writId": "0281e5e32353517ed5876009af3bfd47ac6",
  "writName": "王闯闯妨害公务一审刑事判决书",
  "cid": 34448,
  "crime": [
    "妨害公务罪"
  ]
}