{
  "ajId": "d7cb33e6-212e-451d-861b-ea43d62dbe91",
  "ajName": "刘晓明走私、贩卖、运输、制造毒品一案",
  "ajjbqk": " 岳阳市人民检察院起诉指控：2013年7月8日11时许，被告人刘晓明在广东省深圳市购进毒品甲基苯丙胺（冰毒）3500克、制毒物品麻黄素390克，再安排金某、范某1（均已判刑）驾驶粤B×××××小车将毒品从广东省深圳市运送至湖北省襄樊市。运送毒品途中，刘晓明通过手机与范某1、金某保持联系，询问车辆行进的具体位置。金某、范某1途经京港澳高速公路平江出口处时被他人发现并报警，公安人员从所驾车辆后尾箱内查获毒品甲基苯丙胺4包，净重3504.6350克，含甲基苯丙胺成分；麻黄素1包，净重385.8618克，含甲基麻黄碱成分。 被告人刘晓明于2013年7月9日被湖南省平江县公安局登记为网上在逃人员，2016年12月5日被抓获归案。 针对上述指控的事实，公诉机关出示了现场查获的毒品及车辆照片、在逃人员登记表、到案经过说明、刑事判决书、全国民航订票信息查询记录、鉴定意见、检查笔录、辨认笔录、手机数据、证人金某、范某1、周某、杨某、吴某等人的证言、被告人刘晓明的供述等证据予以证实。 公诉机关认为，被告人刘晓明运输毒品甲基苯丙胺五十克以上，其行为构成运输毒品罪，在与范某1、金某的共同犯罪中，刘晓明起主要作用，是主犯。提请本院依法判处。 被告人刘晓明辩称，公诉机关的指控不实，其没有指使金某、范某1运输毒品。其辩护人提出：1、公安人员对金某、范某1存在疲劳审讯、抄袭记录的情况，且金某、范某1的证言相互矛盾。2、关于对金某、范某1的手机收集违反法定程序，扣押物品清单中没有金某、范某1的手机，对二人手机中提取的电子证据应予以排除。3、公诉机关指控刘晓明指使金某、范某1运输毒品的证据不足，刘晓明不构成运输毒品罪。 经审理查明：2013年7月8日7时许，被告人刘晓明在上线处购入甲基苯丙胺3500克，并安排金某将毒品拿到深圳市骏逸凯迪酒店913房间。之后，刘晓明便准备车牌号为粤B×××××的小车，指使金某、范某1二人驾车将其所购的甲基苯丙胺3500克及手中的麻黄素385克运输至湖北省襄樊市，由金某负责驾驶车辆，范某1负责押运，刘晓明则预订了7月9日的飞机票准备乘坐飞机从深圳赶到襄樊会合。11时许，刘晓明要范某1将上述甲基苯丙胺和麻黄素放入车牌号为粤B×××××的小车的尾箱，金某、范某1从深圳出发前往湖北襄樊。出发前，刘晓明付给金某人民币1900元用于路上开支，并承诺送到后给付金某人民币10000元作为报酬。行驶途中，刘晓明通过手机与二人保持联系，多次询问车辆行进的具体位置。7月9日1时许，金某、范某1二人驾驶粤B×××××小车途经京港澳高速公路湖南省平江县伍市出口处停车休息时，被京港澳高速公路故障车辆抢修人员发现并报警。平江县公安局伍市派出所民警出警后抓获金某、范某1，并当场从二人所驾车辆尾箱内查获毒品甲基苯丙胺4包，净重3504.6350克，甲基苯丙胺含量为76.4％；麻黄素1包，净重385.8618克，含甲基麻黄碱成分。后刘晓明将7月9日深圳至襄樊的飞机票取消。 2013年7月9日平江县公安局将刘晓明网上追逃。2016年12月5日广东省深圳市公安局南沙派出所民警在深圳市宝安区大王山社区金樽酒店门口路段抓获刘晓明。 上述事实，有经庭审举证、质证的下列证据证明： 1、检查笔录、扣押物品清单及照片。证明：2013年7月9日1时许，公安人员从金某、范某1驾驶的粤B×××××小车尾箱内查获一个红色塑料袋里面有冰毒疑似物4包、麻黄素疑似物1包。 2、岳阳市公安局物证鉴定所岳公物鉴（理化）［2013］484号毒品鉴定书。证明：送检的白色晶体状疑似物4包，净重3504.6350克，检出甲基苯丙胺成份；白色晶体状疑似物1包，净重385.8618克，检出甲基麻黄碱成分。 3、长沙市公安局物证鉴定所出具的长公物鉴（毒品）［2013］487号物证检验报告。证明：送检的484号毒品鉴定书中的毒品冰毒甲基苯丙胺含量为76.4％。 4、在逃人员登记表。证明：公安机关于2013年7月9日将刘晓明登记为在逃人员。 5、抓获经过。（1）2013年7月9日1时许，公安机关接高速公路抢修车辆人员周某、杨某报警，称在京珠高速公路伍市收费站发现一运输毒品车辆及两嫌疑人；接警后，公安人员在现场发现报警人员站在粤B×××××车辆边上，车上有两名男子叫金某、范某1，在车尾箱发现5包疑似毒品。经讯问金某、范某1供认系受刘晓明雇佣运输毒品。公安人员于当日对刘晓明网上追逃。（2）2016年12月5日17时20分许，广东省深圳市公安局南沙派出所在深圳市宝安区大王山社区金樽酒店门口路段抓获刘晓明。 6、骏逸凯迪酒店临时入住登记表。证明：金某以“胡群波”的名义于2013年7月6日入住8913房间，7月7日离店，宾客姓名落款为“金”；范某1于2013年7月7日入住8756房间，7月8日离店。 7、金某、范某1运输毒品时所使用的手机照片。证明：范某1使用的苹果手机，金某使用的三星手机。照片经金某、范某1签名确认。 8、平江县公安局禁毒大队出具的《情况说明》。证明：公安人员在办理金某、范某1运输毒品一案时，未将金某、范某1的手机进行涉案物品扣押处理，而是作为随身物品扣押保存；2017年2月22日，该队出具“金某、范某1被扣押手机存放时间太久，手机已不能使用，无法进行提取通讯记录”的情况说明，后经修护，金、范某2人手机能正常使用。 9、金某、范某1手机通话及短信内容、微信照片、范某1的电话联系记录。（1）金某使用的三星手机2013年7月7日、8日有通话记录；7月8日15：21、7月9日5：34分别收到名字为“明某”，号码为158××××7586的电话发来短信“你们走那了”“看到快回电话”。（2）范某1使用的苹果手机内存有名称和号码分别为“刘某134××××2335、刘某113631571263、刘某2158××××7586、刘某313677101135”的电话号码，于2013年7月9日与名字为“刘某2”，号码为158××××7586的电话有多次通话以及多次未接来电，名称为“刘某”的微信信息照片。以上照片均由金某、范某1签名确认。 10、范某1与刘晓明的微信语音聊天记录及相关视频。2013年7月8日15：51，范某1回复刘晓明“现在快到郴州了，没有‘杆’，走得还是比较稳”；17：41，范某1回复刘晓明“现在出了广东省，直奔长沙”；18：17，刘晓明问范某1“你们到哪了”；18：24，范某1回复刘晓明“到长沙了”。 11、全国民航订票信息查询记录。证明：刘晓明将预订于2013年7月9日深圳－襄樊的ZH9705航班取消。 12、湖南省岳阳市中级人民法院（2014）岳中刑一初字第11号刑事判决书；湖南省高级人民法院（2014）湘高法刑一终字第158号刑事裁定书。证明：被告人金某、范某1接受刘晓明的雇佣运输毒品，判决被告人金某犯运输毒品罪，判处死刑，缓期二年执行，剥夺政治权利终身，并处没收个人全部财产；被告人范某1犯运输毒品罪，判处无期徒刑，剥夺政治权利终身，并处没收个人财产人民币二十万元。现已生效。 13、辨认笔录。（1）金某从十二张不同男性免冠正面照片中辨认出指使他与范某1运输毒品的人系刘晓明。（2）范某1从十二张不同男性正面免冠照片中辨认出指使他与金某运输毒品的人系刘晓明。 14、证人蔡某1的证言。证明：2013年7月6日，“明某”（刘晓明）在广东省深圳市的“劲舞团”游戏厅找到他要购买冰毒，他没有卖。 15、证人吴某的证言。证明：他是车牌为粤B×××××小车的所有人。2013年7月7日14时许，刘晓明开车到他店里修，同时他将车牌为粤B×××××的小车借给刘晓明。几天后，他向刘晓明催车，刘晓明说车借给别人了。后来刘晓明将自己的车领走，他再联系不上刘晓明，经过打听才知道车子被公安扣押了。 16、证人周某、杨某的证言。证明：2013年7月9日凌晨1时许，他们在京珠高速公路伍市收费站地坪里面发现一台车牌号为粤B×××××橙色的两厢小车，车上有两个人在休息。那两个人看到他们穿着抢修制服和反光背心以为是警察，其中坐在驾驶位上的一个偏胖的男子（金某）马上就央求他们。他们在车尾箱内发现有5个透明的塑料袋装着的晶状透明物品，偏胖的男子说是冰毒，帮别人运往湖北。他们就报了警。 17、证人金某的证言。证明：2007年，他在深圳务工时认识了刘晓明。2013年7月6日上午10时许，刘晓明要他在深圳市大王山君逸凯迪大酒店开房，他借别人的身份证开了913房间，与刘晓明一同入住。之后，刘晓明带他去深圳市“劲舞团”游戏厅找“小杰”（蔡某1）。刘晓明在当天先后给了蔡某1共计人民币75000元，蔡某1当场将钱给“阿某”。他听到“阿某”等人说每克价格35元，等下叫人送货来。7月8日上午，刘晓明要他到游戏厅楼下的停车场拿货，他从“阿某”派来的人乘坐的车上拿到一个印有茶叶的袋子交给刘晓明。刘晓明回酒店房间后将茶叶袋子打开，从里面拿出4袋冰毒，其中3袋每袋重约1公斤，还有一袋只有半包，大约500克。他听见刘晓明在厕所打电话问蔡某1“说好的4公斤，怎么只有3.5公斤”。上午八九点钟，刘晓明将范某1叫到房间后，要他与范某1驾驶车牌为粤B×××××的小汽车将毒品运送到湖北省襄樊市，给了他1900元的路费，并承诺送到后给他一万元钱。刘晓明和范某1将毒品拿上车。11时许，他与范某1从深圳市出发，他负责驾驶，范某1负责押运。7月9日凌晨1时许在京珠高速公路湖南省平江县伍市出口处休息时被两个穿反光背心的人发现，他以为是警察，并且发现了车上的毒品，后来他们就被公安人员抓获。 刘晓明有很多手机号码，并且经常更换。他存了刘几个号码，名字是“明某”、“晓明某”。2013年7月，运输毒品到湖北上，刘晓明主要是和范某1联系的，和他也有过电话和短信联系。 18、证人范某1的证言。证明：他于2010年认识刘晓明。2013年7月6日下午，刘晓明要他到深圳市沙井镇大王山君逸凯迪酒店913房间，聊天时刘晓明要他和金某将购买的毒品运到湖北襄樊。当天晚上刘晓明和金某外出了。7月7日他另开了8756房间睡觉。7月8日上午9点钟，刘晓明要他去913房间。进房后，他看见床上放着五包用白色袋子装好的毒品，刘晓明说有半袋是麻黄素，另外三袋半是冰毒，他帮忙将五袋毒品用一个红色塑料袋子装好。刘晓明要他和金某开车将毒品运到湖北省襄樊市，金某负责开车，他押运，刘则自己坐飞机回去。刘晓明给了金某1900元路费，并答应给金某一万元钱报酬，刘晓明没有跟他谈报酬，之前他帮刘晓明送过毒品，刘给了他5000元钱。他将毒品放入车尾箱，11时许他与金某出发。7月9日凌晨1时许在京珠高速公路湖南省平江县伍市出口处休息时被两个穿反光背心的人发现，他以为是警察，那两人在车上发现了毒品，后来他和金某被公安机关抓获。他听刘晓明说毒品是在深圳沙井一个叫“阿某”的人手里花75000元钱购买的。 他的手机中存有刘晓明3个手机号码，存的名字分别是“刘某”、“刘某1”、“刘某2”。2013年7月9日，运输毒品回湖北路上，他和刘晓明主要是通过微信语音联系的，联系内容就是他向刘晓明反馈他们在路上的位置。 19、被告人刘晓明的供述。供述：他是2016年12月5日在深圳市宝安区大王山社区被抓获。2013年7月，他将“小磊”（吴某）的车借给金某。134××××2335这个号码他使用了两年多。 20、户籍证明。证明被告人刘晓明的身份情况。 ",
  "cpfxgc": "本院认为，被告人刘晓明违反国家毒品管理的法律规定，雇请金某、范某1运输甲基苯丙胺3504.6350克、麻黄素385.8618克，其行为已构成运输毒品罪。公诉机关指控的事实和罪名成立，本院予以确认。在与金某、范某1共同实施的运输毒品犯罪中，刘晓明购进毒品、指定运送地点、提供车辆、组织人员进行运输，起了主要作用，系主犯。 被告人刘晓明的辩护人提出，公安人员对金某、范某1存在疲劳审讯、抄袭记录的情况。经查，金某、范某1运输毒品案已经发生法律效力，金、范某2人对自己的供述不持异议且从未提出公安人员在讯问时有疲劳审讯、抄袭记录的行为，辩护人也并未提交相关的证据线索，故对该辩护意见本院不予采纳。其辩护人还提出，公安机关对金某、范某1的手机收集违反法定程序，扣押清单中没有金某、范某1的手机，对二人手机中提取的电子证据应予排除。经查，公安机关已对扣押清单中没有金某、范某1手机的情况作出了合理的补充说明，在抓获金、范某2人时将手机作随身物品保存，故没有载入扣押物品清单中，现提取出储存有刘晓明与金、范某2人通话、短信、微信记录的手机已由金某、范某1所确认，并辨认出指使其二人运送毒品的就是本案的被告人刘晓明，因此金、范某2人手机中提取到的电子证据可作为本案的定罪依据，该辩护意见不能成立，本院不予采纳。刘晓明辩称没有指使金某、范某1运输毒品以及其辩护人提出公诉机关的指控证据不足，罪名不能成立的辩解理由和辩护意见。经查，金某、范某1二人到案后同时供述系受刘晓明雇佣运输毒品，金某还证明毒品系刘晓明在“阿某”处购进，与证人蔡某1证明刘晓明欲购毒的事实吻合；刘晓明、金某和范某1的供述均能证明本案运输毒品的车辆系刘晓明提供；金某、范某1所使用的手机电子数据亦能证明在运毒途中刘晓明多次与之联系，要求金、范某2人及时反馈行进路线、沿途状况及车辆即时地点；公安机关通过“公安云搜索”平台查询的全国民航订票信息记录显示，刘晓明在联系不上金、范某2人后马上取消了前往襄樊的机票，以上证据已经形成锁链，能够相互印证，足以认定刘晓明雇佣金某、范某1从广东省深圳市驾车运输毒品至湖北省襄樊市的事实，故该辩解理由及辩护意见均不能成立，本院不予采纳。本案涉案毒品数量巨大，社会危害极深，应当依法予以严惩，鉴于本案毒品已被全部查获，尚未对社会造成实质性的危害，可判处死刑不立即执行。据此，依照《中华人民共和国刑法》第三百四十七条第一款、第二款（一）项、第二十五条第一款、第二十六条第一、四款、第四十八条第一款、第五十七条第一款的规定，判决如下：",
  "pjjg": " 被告人刘晓明犯运输毒品罪，判处死刑，缓期二年执行，剥夺政治权利终身，并处没收个人全部财产。 （死刑缓期执行的期间，从判决确定之日起计算。） 如不服本判决，可在接到判决书的第二日起十日内，通过本院或者直接向湖南省高级人民法院提出上诉。书面上诉的，应当提交上诉状正本一份，副本二份。",
  "qw": "湖南省岳阳市中级人民法院 刑事判决书 （2017）湘06刑初32号 公诉机关湖南省岳阳市人民检察院。 被告人刘晓明，男，1982年11月26日出生，汉族，小学文化，无职业，户籍地湖北省枣阳市，现住广东省深圳市宝安区。因涉嫌犯贩卖毒品罪，于2016年12月9日被平江县公安局刑事拘留，2017年1月13日被逮捕。现羁押于平江县看守所。 辩护人陈宏，湖南湘杰律师事务所律师。 辩护人苏定都，湖南湘杰律师事务所律师。 湖南省岳阳市人民检察院以岳检公一刑诉［2017］21号起诉书指控被告人刘晓明犯运输毒品罪，于2017年6月1日向本院提起公诉。本院依法组成合议庭，公开开庭审理了本案。岳阳市人民检察院指派检察员李壮、周军出庭支持公诉，被告人刘晓明及其辩护人陈宏、苏定都到庭参加诉讼。现已审理终结。 岳阳市人民检察院起诉指控：2013年7月8日11时许，被告人刘晓明在广东省深圳市购进毒品甲基苯丙胺（冰毒）3500克、制毒物品麻黄素390克，再安排金某、范某1（均已判刑）驾驶粤B×××××小车将毒品从广东省深圳市运送至湖北省襄樊市。运送毒品途中，刘晓明通过手机与范某1、金某保持联系，询问车辆行进的具体位置。金某、范某1途经京港澳高速公路平江出口处时被他人发现并报警，公安人员从所驾车辆后尾箱内查获毒品甲基苯丙胺4包，净重3504.6350克，含甲基苯丙胺成分；麻黄素1包，净重385.8618克，含甲基麻黄碱成分。 被告人刘晓明于2013年7月9日被湖南省平江县公安局登记为网上在逃人员，2016年12月5日被抓获归案。 针对上述指控的事实，公诉机关出示了现场查获的毒品及车辆照片、在逃人员登记表、到案经过说明、刑事判决书、全国民航订票信息查询记录、鉴定意见、检查笔录、辨认笔录、手机数据、证人金某、范某1、周某、杨某、吴某等人的证言、被告人刘晓明的供述等证据予以证实。 公诉机关认为，被告人刘晓明运输毒品甲基苯丙胺五十克以上，其行为构成运输毒品罪，在与范某1、金某的共同犯罪中，刘晓明起主要作用，是主犯。提请本院依法判处。 被告人刘晓明辩称，公诉机关的指控不实，其没有指使金某、范某1运输毒品。其辩护人提出：1、公安人员对金某、范某1存在疲劳审讯、抄袭记录的情况，且金某、范某1的证言相互矛盾。2、关于对金某、范某1的手机收集违反法定程序，扣押物品清单中没有金某、范某1的手机，对二人手机中提取的电子证据应予以排除。3、公诉机关指控刘晓明指使金某、范某1运输毒品的证据不足，刘晓明不构成运输毒品罪。 经审理查明：2013年7月8日7时许，被告人刘晓明在上线处购入甲基苯丙胺3500克，并安排金某将毒品拿到深圳市骏逸凯迪酒店913房间。之后，刘晓明便准备车牌号为粤B×××××的小车，指使金某、范某1二人驾车将其所购的甲基苯丙胺3500克及手中的麻黄素385克运输至湖北省襄樊市，由金某负责驾驶车辆，范某1负责押运，刘晓明则预订了7月9日的飞机票准备乘坐飞机从深圳赶到襄樊会合。11时许，刘晓明要范某1将上述甲基苯丙胺和麻黄素放入车牌号为粤B×××××的小车的尾箱，金某、范某1从深圳出发前往湖北襄樊。出发前，刘晓明付给金某人民币1900元用于路上开支，并承诺送到后给付金某人民币10000元作为报酬。行驶途中，刘晓明通过手机与二人保持联系，多次询问车辆行进的具体位置。7月9日1时许，金某、范某1二人驾驶粤B×××××小车途经京港澳高速公路湖南省平江县伍市出口处停车休息时，被京港澳高速公路故障车辆抢修人员发现并报警。平江县公安局伍市派出所民警出警后抓获金某、范某1，并当场从二人所驾车辆尾箱内查获毒品甲基苯丙胺4包，净重3504.6350克，甲基苯丙胺含量为76.4％；麻黄素1包，净重385.8618克，含甲基麻黄碱成分。后刘晓明将7月9日深圳至襄樊的飞机票取消。 2013年7月9日平江县公安局将刘晓明网上追逃。2016年12月5日广东省深圳市公安局南沙派出所民警在深圳市宝安区大王山社区金樽酒店门口路段抓获刘晓明。 上述事实，有经庭审举证、质证的下列证据证明： 1、检查笔录、扣押物品清单及照片。证明：2013年7月9日1时许，公安人员从金某、范某1驾驶的粤B×××××小车尾箱内查获一个红色塑料袋里面有冰毒疑似物4包、麻黄素疑似物1包。 2、岳阳市公安局物证鉴定所岳公物鉴（理化）［2013］484号毒品鉴定书。证明：送检的白色晶体状疑似物4包，净重3504.6350克，检出甲基苯丙胺成份；白色晶体状疑似物1包，净重385.8618克，检出甲基麻黄碱成分。 3、长沙市公安局物证鉴定所出具的长公物鉴（毒品）［2013］487号物证检验报告。证明：送检的484号毒品鉴定书中的毒品冰毒甲基苯丙胺含量为76.4％。 4、在逃人员登记表。证明：公安机关于2013年7月9日将刘晓明登记为在逃人员。 5、抓获经过。（1）2013年7月9日1时许，公安机关接高速公路抢修车辆人员周某、杨某报警，称在京珠高速公路伍市收费站发现一运输毒品车辆及两嫌疑人；接警后，公安人员在现场发现报警人员站在粤B×××××车辆边上，车上有两名男子叫金某、范某1，在车尾箱发现5包疑似毒品。经讯问金某、范某1供认系受刘晓明雇佣运输毒品。公安人员于当日对刘晓明网上追逃。（2）2016年12月5日17时20分许，广东省深圳市公安局南沙派出所在深圳市宝安区大王山社区金樽酒店门口路段抓获刘晓明。 6、骏逸凯迪酒店临时入住登记表。证明：金某以“胡群波”的名义于2013年7月6日入住8913房间，7月7日离店，宾客姓名落款为“金”；范某1于2013年7月7日入住8756房间，7月8日离店。 7、金某、范某1运输毒品时所使用的手机照片。证明：范某1使用的苹果手机，金某使用的三星手机。照片经金某、范某1签名确认。 8、平江县公安局禁毒大队出具的《情况说明》。证明：公安人员在办理金某、范某1运输毒品一案时，未将金某、范某1的手机进行涉案物品扣押处理，而是作为随身物品扣押保存；2017年2月22日，该队出具“金某、范某1被扣押手机存放时间太久，手机已不能使用，无法进行提取通讯记录”的情况说明，后经修护，金、范某2人手机能正常使用。 9、金某、范某1手机通话及短信内容、微信照片、范某1的电话联系记录。（1）金某使用的三星手机2013年7月7日、8日有通话记录；7月8日15：21、7月9日5：34分别收到名字为“明某”，号码为158××××7586的电话发来短信“你们走那了”“看到快回电话”。（2）范某1使用的苹果手机内存有名称和号码分别为“刘某134××××2335、刘某113631571263、刘某2158××××7586、刘某313677101135”的电话号码，于2013年7月9日与名字为“刘某2”，号码为158××××7586的电话有多次通话以及多次未接来电，名称为“刘某”的微信信息照片。以上照片均由金某、范某1签名确认。 10、范某1与刘晓明的微信语音聊天记录及相关视频。2013年7月8日15：51，范某1回复刘晓明“现在快到郴州了，没有‘杆’，走得还是比较稳”；17：41，范某1回复刘晓明“现在出了广东省，直奔长沙”；18：17，刘晓明问范某1“你们到哪了”；18：24，范某1回复刘晓明“到长沙了”。 11、全国民航订票信息查询记录。证明：刘晓明将预订于2013年7月9日深圳－襄樊的ZH9705航班取消。 12、湖南省岳阳市中级人民法院（2014）岳中刑一初字第11号刑事判决书；湖南省高级人民法院（2014）湘高法刑一终字第158号刑事裁定书。证明：被告人金某、范某1接受刘晓明的雇佣运输毒品，判决被告人金某犯运输毒品罪，判处死刑，缓期二年执行，剥夺政治权利终身，并处没收个人全部财产；被告人范某1犯运输毒品罪，判处无期徒刑，剥夺政治权利终身，并处没收个人财产人民币二十万元。现已生效。 13、辨认笔录。（1）金某从十二张不同男性免冠正面照片中辨认出指使他与范某1运输毒品的人系刘晓明。（2）范某1从十二张不同男性正面免冠照片中辨认出指使他与金某运输毒品的人系刘晓明。 14、证人蔡某1的证言。证明：2013年7月6日，“明某”（刘晓明）在广东省深圳市的“劲舞团”游戏厅找到他要购买冰毒，他没有卖。 15、证人吴某的证言。证明：他是车牌为粤B×××××小车的所有人。2013年7月7日14时许，刘晓明开车到他店里修，同时他将车牌为粤B×××××的小车借给刘晓明。几天后，他向刘晓明催车，刘晓明说车借给别人了。后来刘晓明将自己的车领走，他再联系不上刘晓明，经过打听才知道车子被公安扣押了。 16、证人周某、杨某的证言。证明：2013年7月9日凌晨1时许，他们在京珠高速公路伍市收费站地坪里面发现一台车牌号为粤B×××××橙色的两厢小车，车上有两个人在休息。那两个人看到他们穿着抢修制服和反光背心以为是警察，其中坐在驾驶位上的一个偏胖的男子（金某）马上就央求他们。他们在车尾箱内发现有5个透明的塑料袋装着的晶状透明物品，偏胖的男子说是冰毒，帮别人运往湖北。他们就报了警。 17、证人金某的证言。证明：2007年，他在深圳务工时认识了刘晓明。2013年7月6日上午10时许，刘晓明要他在深圳市大王山君逸凯迪大酒店开房，他借别人的身份证开了913房间，与刘晓明一同入住。之后，刘晓明带他去深圳市“劲舞团”游戏厅找“小杰”（蔡某1）。刘晓明在当天先后给了蔡某1共计人民币75000元，蔡某1当场将钱给“阿某”。他听到“阿某”等人说每克价格35元，等下叫人送货来。7月8日上午，刘晓明要他到游戏厅楼下的停车场拿货，他从“阿某”派来的人乘坐的车上拿到一个印有茶叶的袋子交给刘晓明。刘晓明回酒店房间后将茶叶袋子打开，从里面拿出4袋冰毒，其中3袋每袋重约1公斤，还有一袋只有半包，大约500克。他听见刘晓明在厕所打电话问蔡某1“说好的4公斤，怎么只有3.5公斤”。上午八九点钟，刘晓明将范某1叫到房间后，要他与范某1驾驶车牌为粤B×××××的小汽车将毒品运送到湖北省襄樊市，给了他1900元的路费，并承诺送到后给他一万元钱。刘晓明和范某1将毒品拿上车。11时许，他与范某1从深圳市出发，他负责驾驶，范某1负责押运。7月9日凌晨1时许在京珠高速公路湖南省平江县伍市出口处休息时被两个穿反光背心的人发现，他以为是警察，并且发现了车上的毒品，后来他们就被公安人员抓获。 刘晓明有很多手机号码，并且经常更换。他存了刘几个号码，名字是“明某”、“晓明某”。2013年7月，运输毒品到湖北上，刘晓明主要是和范某1联系的，和他也有过电话和短信联系。 18、证人范某1的证言。证明：他于2010年认识刘晓明。2013年7月6日下午，刘晓明要他到深圳市沙井镇大王山君逸凯迪酒店913房间，聊天时刘晓明要他和金某将购买的毒品运到湖北襄樊。当天晚上刘晓明和金某外出了。7月7日他另开了8756房间睡觉。7月8日上午9点钟，刘晓明要他去913房间。进房后，他看见床上放着五包用白色袋子装好的毒品，刘晓明说有半袋是麻黄素，另外三袋半是冰毒，他帮忙将五袋毒品用一个红色塑料袋子装好。刘晓明要他和金某开车将毒品运到湖北省襄樊市，金某负责开车，他押运，刘则自己坐飞机回去。刘晓明给了金某1900元路费，并答应给金某一万元钱报酬，刘晓明没有跟他谈报酬，之前他帮刘晓明送过毒品，刘给了他5000元钱。他将毒品放入车尾箱，11时许他与金某出发。7月9日凌晨1时许在京珠高速公路湖南省平江县伍市出口处休息时被两个穿反光背心的人发现，他以为是警察，那两人在车上发现了毒品，后来他和金某被公安机关抓获。他听刘晓明说毒品是在深圳沙井一个叫“阿某”的人手里花75000元钱购买的。 他的手机中存有刘晓明3个手机号码，存的名字分别是“刘某”、“刘某1”、“刘某2”。2013年7月9日，运输毒品回湖北路上，他和刘晓明主要是通过微信语音联系的，联系内容就是他向刘晓明反馈他们在路上的位置。 19、被告人刘晓明的供述。供述：他是2016年12月5日在深圳市宝安区大王山社区被抓获。2013年7月，他将“小磊”（吴某）的车借给金某。134××××2335这个号码他使用了两年多。 20、户籍证明。证明被告人刘晓明的身份情况。 本院认为，被告人刘晓明违反国家毒品管理的法律规定，雇请金某、范某1运输甲基苯丙胺3504.6350克、麻黄素385.8618克，其行为已构成运输毒品罪。公诉机关指控的事实和罪名成立，本院予以确认。在与金某、范某1共同实施的运输毒品犯罪中，刘晓明购进毒品、指定运送地点、提供车辆、组织人员进行运输，起了主要作用，系主犯。 被告人刘晓明的辩护人提出，公安人员对金某、范某1存在疲劳审讯、抄袭记录的情况。经查，金某、范某1运输毒品案已经发生法律效力，金、范某2人对自己的供述不持异议且从未提出公安人员在讯问时有疲劳审讯、抄袭记录的行为，辩护人也并未提交相关的证据线索，故对该辩护意见本院不予采纳。其辩护人还提出，公安机关对金某、范某1的手机收集违反法定程序，扣押清单中没有金某、范某1的手机，对二人手机中提取的电子证据应予排除。经查，公安机关已对扣押清单中没有金某、范某1手机的情况作出了合理的补充说明，在抓获金、范某2人时将手机作随身物品保存，故没有载入扣押物品清单中，现提取出储存有刘晓明与金、范某2人通话、短信、微信记录的手机已由金某、范某1所确认，并辨认出指使其二人运送毒品的就是本案的被告人刘晓明，因此金、范某2人手机中提取到的电子证据可作为本案的定罪依据，该辩护意见不能成立，本院不予采纳。刘晓明辩称没有指使金某、范某1运输毒品以及其辩护人提出公诉机关的指控证据不足，罪名不能成立的辩解理由和辩护意见。经查，金某、范某1二人到案后同时供述系受刘晓明雇佣运输毒品，金某还证明毒品系刘晓明在“阿某”处购进，与证人蔡某1证明刘晓明欲购毒的事实吻合；刘晓明、金某和范某1的供述均能证明本案运输毒品的车辆系刘晓明提供；金某、范某1所使用的手机电子数据亦能证明在运毒途中刘晓明多次与之联系，要求金、范某2人及时反馈行进路线、沿途状况及车辆即时地点；公安机关通过“公安云搜索”平台查询的全国民航订票信息记录显示，刘晓明在联系不上金、范某2人后马上取消了前往襄樊的机票，以上证据已经形成锁链，能够相互印证，足以认定刘晓明雇佣金某、范某1从广东省深圳市驾车运输毒品至湖北省襄樊市的事实，故该辩解理由及辩护意见均不能成立，本院不予采纳。本案涉案毒品数量巨大，社会危害极深，应当依法予以严惩，鉴于本案毒品已被全部查获，尚未对社会造成实质性的危害，可判处死刑不立即执行。据此，依照《中华人民共和国刑法》第三百四十七条第一款、第二款（一）项、第二十五条第一款、第二十六条第一、四款、第四十八条第一款、第五十七条第一款的规定，判决如下： 被告人刘晓明犯运输毒品罪，判处死刑，缓期二年执行，剥夺政治权利终身，并处没收个人全部财产。 （死刑缓期执行的期间，从判决确定之日起计算。） 如不服本判决，可在接到判决书的第二日起十日内，通过本院或者直接向湖南省高级人民法院提出上诉。书面上诉的，应当提交上诉状正本一份，副本二份。 审判长邓怡 审判员黄昭 审判员喻蓓蓓 二〇一八年一月二十五日 书记员黄思齐",
  "writId": "065cca5c91bd98a2ecf63f182cf3d3a1c55",
  "writName": "刘晓明走私、贩卖、运输、制造毒品一审刑事判决书",
  "cid": 37481,
  "crime": [
    "运输毒品罪"
  ]
}