{
  "ajId": "c798cd45-7936-4dc9-af6b-2fa151527cce",
  "ajName": "李冬冬、于宝走私、贩卖、运输、制造毒品、非法持有、私藏枪支、弹药一案",
  "ajjbqk": " 原审判决认定，1、被告人李冬冬、于宝经电话商议毒品交易事宜后，2015年3月19日，李冬冬将甲基苯丙胺1971.14克（含量为70.7％）藏在童车内，从佛山市南海区盐步联桂路新花物流有限公司邮寄到黑龙江省安达市，贩卖给于宝。2015年3月26日16时许，民警在黑龙江省安达市万盛货站附近一小区抓获于宝。原判认定上述事实主要有抓获经过、扣押笔录及清单、毒品检验报告、通话清单、银行账户交易流水、证人罗某肖洪庆、孙某、刘某的证言及李冬冬、于宝的供述、辩解证实。 2、2015年3月21日，被告人徐振峰、周儒顺共同出资在广东佛山向被告人李冬冬购得甲基苯丙胺1000.39克（含量为69.6％）。同日20时许，李冬冬驾车搭载徐振峰到佛山市南海区盐步联桂路新花物流有限公司，由徐振峰将藏在童车内的甲基苯丙胺寄回河北省黄骅市。2015年3月27日，民警在河北省黄骅市抓获被告人徐振峰、周儒顺。原判认定上述事实，主要有抓获经过、扣押笔录及清单、毒品检验报告、通话清单、银行账户交易流水、证人罗某、彭某、杨某、韩某1、韩某2的证言及李冬冬、徐振峰、周儒顺的供述辩解证实。 3、2015年3月下旬，被告人李冬冬在佛山市南海区桂城东二御帝龙沐足附近贩卖5克甲基苯丙胺给李某。2015年3月，被告人李冬冬在佛山市南海区贩卖甲基苯丙胺给被告人刘伟生，刘伟生又将毒品贩卖给吸毒人员关景鸿。2015年3月26日20时许，民警在佛山市南海区桂城街道海三路骏成花园骏满阁C梯202房抓获被告人刘伟生，从房间主卧窗台下起获甲基苯丙胺18.8克及电子秤、锡纸、吸毒工具等物。认定上述主要事实有．抓获经过及情况说明、现场勘验笔录 搜查笔录、扣押清单及照片、笔迹检验鉴定、检验报告、通话清单、证人王某及李某、关景鸿的证言等证据证实，李冬冬对犯罪事实供认不讳。 4、2015年3月26日17时许，民警在佛山市南海区桂城雅逸酒店306房抓获被告人李冬冬，从该房及李冬冬驾驶的粤E×××××汽车上搜出2支自制仿64手枪（以火药为动力发射弹丸的非军用枪）、7发自制手枪弹（非军用）、甲基苯丙胺9.03克及电子秤、锡纸、匕首、开山刀、手机等物。 李冬冬归案后，在公安机关的控制下向被告人唐瑞强求购300克甲基苯丙胺，2015年3月27日凌晨1时许，民警在罗定市农华西路抓获乘车前来赴约的被告人唐瑞强，从唐瑞强身上及住处起获甲基苯丙胺10.05克及手机、烧杯、漏斗、锡纸、勺子等物。认定上述事实主要有抓获经过及情况说明、 搜查笔录、扣押清单，枪支、弹药检验报告，检验报告、通话清单等证据证实，李冬冬对犯罪事实供认不讳。 原审判决认为，被告人李冬冬贩卖、运输毒品的数量大，其行为已构成贩卖、运输毒品罪，其非法持有枪支的行为又构成非法持有枪支罪，且属情节严重；被告人于宝、徐振峰、周儒顺运输毒品的数量大，其行为均已构成运输毒品罪；被告人刘伟生、唐瑞强贩卖毒品的数量较大，其行为均已构成贩卖毒品罪。公诉机关指控唐瑞强构成非法持有毒品罪的罪名不当，予以纠正；指控其他被告人的罪名成立。被告人李冬冬、刘伟生均系累犯，刘伟生且系毒品再犯，依法应从重处罚。李冬冬归案后有立功、坦白等情节，依法可从轻处罚。李冬冬论罪当判处死刑，考虑到其有立功、坦白情节，且在法庭上的认罪态度较好，对其判处死刑，可不立即执行，但应依法对其限制减刑。依照《中华人民共和国刑法》第三百四十七条第二款第（一）项、第三款、第一百二十八条第一款、第三百五十六条、第六十五条第一款、第二十五条第一款、第六十七条第三款、第六十八条、第四十八条第一款、第五十条第二款、第五十五条第一款、第五十六条第一款、第五十七条第一款、第五十九条、第五十二条、第五十三条、第六十九条第一款、第三款、第六十四条之规定，作出判决：被告人李冬冬犯贩卖、运输毒品罪，判处死刑，缓期二年执行，剥夺政治权利终身，并处没收个人全部财产；犯非法持有枪支罪，判处有期徒刑三年；决定执行死刑，缓期二年执行，剥夺政治权利终身，并处没收个人全部财产。对被告人李冬冬限制减刑。被告人于宝犯运输毒品罪，判处无期徒刑，剥夺政治权利终身，并处没收个人全部财产。被告人徐振峰犯运输毒品罪，判处有期徒刑十五年，剥夺政治权利五年，并处没收财产人民币十五万元。被告人周儒顺犯运输毒品罪，判处有期徒刑十五年，剥夺政治权利五年，并处没收财产人民币十五万元。被告人刘伟生犯贩卖毒品罪，判处有期徒刑十年，剥夺政治权利三年，并处罚金人民币十万元。被告人唐瑞强犯贩卖毒品罪，判处有期徒刑七年，并处罚金人民币七万元。 李冬冬的指定辩护人提出，李冬冬有立功表现，依法可以从轻或减轻处罚；认罪态度好；本案的大部分毒品未实际流入社会，未造成严重的社会后果，社会危害性相对较小。建议从轻判处。 于宝及其辩护人提出，认定于宝构成运输毒品罪事实不清，证据不足；即使于宝构成犯罪，也应定非法持有毒品罪，原判定性不当；毒品在佛山已被缴获，根本没有看见毒品，更没有持有。请求从轻处罚。 徐振峰上诉提出应定非法持有毒品罪，而非运输毒品罪；将使用快递寄送毒品行为定性为运输毒品，是对“运输”作类推解释，属违法；初犯、偶犯，请求从轻判处。 刘伟生上诉提出现场勘验、检查笔录不是案发时制作，不能证明毒品来源；发现涉案毒品为公共区域，无法排除由其他人丢弃；既使认定是刘伟生的，也应定非法持有毒品罪 唐瑞强上诉称认定他向李冬冬贩卖毒品没有事实和依据，且起诉书指罪名是非法持有毒品，并不是贩卖毒品。请求撤销原判。 二审审理查明，原审判决认定原审被告人李冬冬通过物流寄递方式，向于宝贩卖甲基苯丙胺1971.14克（含量为70.7％）的事实清楚，主要有扣押笔录、扣押清单、快递单证实在南海新花物流站查获藏在玩具挖土机内的冰块2包（重约2千克），查获物流单4张，在绥化市安达市万盛货站抓获取货的孙某，从其身上搜出快递单1张，刑事化验检验报告书证实2包毒品净重1971.14克，检出甲基苯丙胺成分，甲基苯丙胺含量为70.7％，李冬冬供认通过南海新花物流站将于宝购买的1900克冰毒寄往绥化市安达市，证人罗某辨认出被告人李冬冬就是寄物流的男子，证人孙某指证于宝叫他到万盛货站取快递。另有李冬冬与于宝之间通话清单、李冬冬银行帐户交易流水清单佐证，证据确实充分，本院予以确认。 原审判决认定上诉人徐振峰、原审被告人周儒顺共同出资向被告人李冬冬购得甲基苯丙胺1000.39克（含量为69.6％），通过物流寄递方式运输回河北省黄骅市的事实清楚，主要有扣押笔录、扣押清单、快递单证实在南海新花物流站查获藏在玩具小车内的冰块1包（重约1千克），在黄骅市205国道明亨物流内抓获取货的韩某1，刑事化验检验报告书证实疑似冰毒1包净重1000.39克，检出甲基苯丙胺成分，甲基苯丙胺含量为69.6％，证人彭某辨认出被告人徐振峰就是寄物流的男子，证人韩某1证实接到徐振峰的电话帮徐振峰取快递，李冬冬供述证实徐振峰、周儒顺共同向他买了1000克冰毒，他送徐振峰到新花物流站寄回黄骅，徐振峰、周儒顺对犯罪事实供认在案。另有通话清单、银行账户交易流水佐证，证据确实充分，本院予以确认。 原审判决认定原审被告人李冬冬向上诉人刘伟生、李某贩卖甲基苯丙胺，刘伟生向关景鸿贩卖甲基苯丙胺及2015年3月26日20时许，民警在佛山市南海区桂城街道海三路骏成花园骏满阁C梯202房抓获被告人刘伟生，从房间主卧窗台下起获甲基苯丙胺18.8克及电子秤、锡纸、吸毒工具等物的事实清楚，主要有现场勘验笔录、搜查笔录、扣押清单、刑事化验检验报告、笔迹检验鉴定证实在刘伟生住址佛山市南海区海三北路6号骏成花园骏满阁C梯202房窗台下查获透明晶体20包净重18.8克，检出甲基苯丙胺成分、刘伟生书写的记帐字条1张及电子秤、吸毒工具等物一批，证人关某证实多次向刘伟生购买冰毒吸食，证人李某证实多次向李冬冬购买冰毒吸食，李冬冬对向刘伟生、李某贩卖冰毒供认不讳，证据确实充分，本院予以确认。 原审判决认定抓获原审被告人李冬冬时，从李冬冬租住房及李冬冬驾驶的粤E×××××汽车上搜出2支自制仿64手枪（以火药为动力发射弹丸的非军用枪）、7发自制手枪弹（非军用）、甲基苯丙胺9.03克及电子秤、锡纸、匕首、开山刀、手机等物及李冬冬归案后，在公安机关的控制下向被告人唐瑞强求购300克甲基苯丙胺。2015年3月27日凌晨1时许，民警在罗定市农华西路抓获乘车前来赴约的被告人唐瑞强，从唐瑞强身上及住处起获甲基苯丙胺10.05克及手机、烧杯、漏斗、锡纸、勺子等物的事实清楚，主要有抓获经过及情况说明、搜查笔录、扣押清单，枪支、弹药检验报告，检验报告、通话清单等证据证实，李冬冬对犯罪事实供认不讳，证据确实充分，本院予以确认。 针对李冬冬指定辩护人、于宝、徐振峰、刘伟生、唐瑞强上诉理由，根据查明的案件事实和证据，综合回应如下：李冬冬有立功、认罪态度好等从轻处罚情节，一审判决已认定并在量刑上体现，辩护人以此为由建议二审再从轻处罚，不予采纳。法律、司法解释从未将毒品未流入社会作为酌情从轻处罚的依据。关于于宝向李冬冬购买毒品甲基苯丙胺、支付毒资、叫人取货等事实和证据，一审已有详细回应，二审不再复回。于宝接收李冬冬通过物流寄递方式交付的毒品，在案证据尚不足以证明于宝是为了实施贩卖毒品等其他犯罪，但无论毒品是否实际收到，其行为均构成非法持有毒品罪，于宝及其辩护人关于定性的意见，应当予以采纳。综合考虑于宝非法持有毒品的数量、犯罪情节、认罪态度、悔罪表现等情节，判处无期徒刑适当。毒品犯罪分子通过物流寄递方式运输毒品，是运输毒品行为方式之一。徐振峰购买毒品后通过物流寄递方式运输毒品的行为构成运输毒品罪，一审定罪准确。关于刘伟生上诉理由，一审已有详细回应，二审不再重复。关于唐瑞强行为构成何罪问题，一审庭审时已听取控辩双方的意见，一审根据查明的事实和证据，对唐瑞强定贩卖毒品罪正确。 ",
  "cpfxgc": "本院认为，原审被告人李冬冬贩卖、运输毒品的数量大，其行为已构成贩卖、运输毒品罪，非法持有枪支的行为又构成非法持有枪支罪，且属情节严重；上诉人于宝非法持有毒品数量大，其行为已构成非法持有毒品罪；上诉人徐振峰、原审被告人周儒顺运输毒品数量大，其行为均已构成运输毒品罪；上诉人刘伟生、唐瑞强贩卖毒品数量较大，其行为均已构成贩卖毒品罪。李冬冬、刘伟生均系累犯，刘伟生还系毒品再犯，均应依法从重处罚。李冬冬罪行严重，论罪应判处死刑，立即执行，鉴于其归案后有立功、坦白等情节，确有悔罪表现，依法可从轻处罚，可判处死刑，不必立即执行。原审判决认定事实清楚，证据确实充分，量刑适当。于宝及其辩护人关于于宝的行为应定非法持有毒品的意见，应当采纳，鉴于于宝非法持有毒品数大，量刑上维持不动。其他上诉意见及其他上诉人的上诉意见，结查均不成立，予以驳回。依照《中华人民共和国刑事诉讼法》第二百二十五条第一款第（一）、（二）的规定，判决如下：",
  "pjjg": " 一、维持佛山市中级人民法院（2015）佛中法刑一初字第137号刑事判决对上诉人徐振峰、刘伟生、唐瑞强、原审被告人李冬冬、周儒顺的判决及对涉案财产的判决部分； 二、撤销佛山市中级人民法院（2015）佛中法刑一初字第137号刑事判决对上诉人于宝的判决部分； 三、上诉人于宝犯非法持有毒品罪，判处无期徒刑，剥夺政治权利终身，没收个人全部财产。 本裁定为终审裁定 根据《中华人民共和国刑事诉讼法》第二百三十七条的规定，本判决并为核准以贩卖、运输毒品罪，判处被告人李冬冬死刑，缓期二年执行，剥夺政治权利终身，并处没收个人全部财产，限制减刑；以非法持有枪支罪，判处其有期徒刑三年；决定执行死刑，缓期二年执行，剥夺政治权利终身，并处没收个人全部财产，限制减刑的刑事判决。",
  "qw": "广东省高级人民法院 刑事判决书 （2016）粤刑终1308-2号 原公诉机关广东省佛山市人民检察院。 上诉人（原审被告人）于宝，男，1981年7月11日生于黑龙江省肇东市，汉族，无业，户籍地肇东市安民乡安民村李家围子屯421号。因本案于2015年3月26日被羁押，次日被刑事拘留，同年4月29日被逮捕。 接定辩护人蒋文渊，广东常道律师事务所律师。 上诉人（原审被告人）徐振峰，绰号“小黑”、“老黑”，男，1988年4月14日生于河北省黄骅市，汉族，初中文化，无业，户籍地黄骅市。因本案于2015年3月27日被羁押，同日被刑事拘留，同年4月29日被逮捕。 上诉人（原审被告人）刘伟生，男，1975年11月25日生于湖南省衡阳县，汉族，初中文化，务工，户籍地广东省佛山市南海区。因犯贩卖毒品罪于2011年1月10日被佛山市禅城区人民法院判处有期徒刑十个月，并处罚金人民币1000元，2011年7月8日刑满释放。因犯掩饰、隐瞒犯罪所得罪于2013年7月17日被佛山市顺德区人民法院判处有期徒刑一年，缓刑一年，并处罚金人民币2000元。因本案于2015年3月26日被羁押，次日因吸毒被行政拘留十五日，2015年4月9日因本案被刑事拘留，同年4月29日被逮捕。 上诉人（原审被告人）唐瑞强，绰号“阿奇”，男，1986年10月20日生于广东省罗定市，汉族，初中文化，无业，户籍地罗定市。因本案于2015年3月27日被羁押，同日因吸毒被行政拘留十五日及强制隔离戒毒二年，同年6月18日因本案被刑事拘留，同年6月24日被逮捕。 原审被告人李冬冬，绰号“阿东”，男，1983年2月4日生于黑龙江省安达市，汉族，初中文化，无业，户籍地安达市，暂住广东省佛山市南海区。因犯非法拘禁罪于2010年8月3日被佛山市南海区人民法院判处有期徒刑一年七个月，2011年9月15日刑满释放。因犯开设赌场罪于2013年6月20日被佛山市禅城区人民法院判处有期徒刑九个月，并处罚金人民币5000元，2013年8月14日刑满释放。因本案于2015年3月26日被羁押，次日被刑事拘留，同年4月29日被逮捕。 指定辩护人徐训培，广东国龙律师事务所律师。 原审被告人周儒顺（绰号“顺子”），男，1983年1月28日生于辽宁省鞍山市铁东区，汉族，初中文化，无业，户籍地铁东区，住河北省黄骅市。因本案于2015年3月27日被羁押，同日被刑事拘留，同年4月29日被逮捕。 广东省佛山市中级人民法院审理佛山市人民检察院指控被告人李冬冬犯贩卖、运输毒品罪、非法持有枪支罪，被告人于宝、徐振峰、周儒顺犯运输毒品罪，被告人刘伟生犯贩卖毒品罪，被告人唐瑞强犯非法持有毒品罪，于2016年6月2日作出（2015）佛中法刑一初字第137号刑事判决。宣判后，被告人于宝、徐振峰、刘伟生、唐瑞强不服，提出上诉。本院依法组成合议庭，经过提审各上诉人、原审被告人，听取辩护人的意见，查阅案卷材料，认为本案事实清楚，证据确实充分，决定不开庭审理。现已审理终结。 原审判决认定，1、被告人李冬冬、于宝经电话商议毒品交易事宜后，2015年3月19日，李冬冬将甲基苯丙胺1971.14克（含量为70.7％）藏在童车内，从佛山市南海区盐步联桂路新花物流有限公司邮寄到黑龙江省安达市，贩卖给于宝。2015年3月26日16时许，民警在黑龙江省安达市万盛货站附近一小区抓获于宝。原判认定上述事实主要有抓获经过、扣押笔录及清单、毒品检验报告、通话清单、银行账户交易流水、证人罗某肖洪庆、孙某、刘某的证言及李冬冬、于宝的供述、辩解证实。 2、2015年3月21日，被告人徐振峰、周儒顺共同出资在广东佛山向被告人李冬冬购得甲基苯丙胺1000.39克（含量为69.6％）。同日20时许，李冬冬驾车搭载徐振峰到佛山市南海区盐步联桂路新花物流有限公司，由徐振峰将藏在童车内的甲基苯丙胺寄回河北省黄骅市。2015年3月27日，民警在河北省黄骅市抓获被告人徐振峰、周儒顺。原判认定上述事实，主要有抓获经过、扣押笔录及清单、毒品检验报告、通话清单、银行账户交易流水、证人罗某、彭某、杨某、韩某1、韩某2的证言及李冬冬、徐振峰、周儒顺的供述辩解证实。 3、2015年3月下旬，被告人李冬冬在佛山市南海区桂城东二御帝龙沐足附近贩卖5克甲基苯丙胺给李某。2015年3月，被告人李冬冬在佛山市南海区贩卖甲基苯丙胺给被告人刘伟生，刘伟生又将毒品贩卖给吸毒人员关景鸿。2015年3月26日20时许，民警在佛山市南海区桂城街道海三路骏成花园骏满阁C梯202房抓获被告人刘伟生，从房间主卧窗台下起获甲基苯丙胺18.8克及电子秤、锡纸、吸毒工具等物。认定上述主要事实有．抓获经过及情况说明、现场勘验笔录 搜查笔录、扣押清单及照片、笔迹检验鉴定、检验报告、通话清单、证人王某及李某、关景鸿的证言等证据证实，李冬冬对犯罪事实供认不讳。 4、2015年3月26日17时许，民警在佛山市南海区桂城雅逸酒店306房抓获被告人李冬冬，从该房及李冬冬驾驶的粤E×××××汽车上搜出2支自制仿64手枪（以火药为动力发射弹丸的非军用枪）、7发自制手枪弹（非军用）、甲基苯丙胺9.03克及电子秤、锡纸、匕首、开山刀、手机等物。 李冬冬归案后，在公安机关的控制下向被告人唐瑞强求购300克甲基苯丙胺，2015年3月27日凌晨1时许，民警在罗定市农华西路抓获乘车前来赴约的被告人唐瑞强，从唐瑞强身上及住处起获甲基苯丙胺10.05克及手机、烧杯、漏斗、锡纸、勺子等物。认定上述事实主要有抓获经过及情况说明、 搜查笔录、扣押清单，枪支、弹药检验报告，检验报告、通话清单等证据证实，李冬冬对犯罪事实供认不讳。 原审判决认为，被告人李冬冬贩卖、运输毒品的数量大，其行为已构成贩卖、运输毒品罪，其非法持有枪支的行为又构成非法持有枪支罪，且属情节严重；被告人于宝、徐振峰、周儒顺运输毒品的数量大，其行为均已构成运输毒品罪；被告人刘伟生、唐瑞强贩卖毒品的数量较大，其行为均已构成贩卖毒品罪。公诉机关指控唐瑞强构成非法持有毒品罪的罪名不当，予以纠正；指控其他被告人的罪名成立。被告人李冬冬、刘伟生均系累犯，刘伟生且系毒品再犯，依法应从重处罚。李冬冬归案后有立功、坦白等情节，依法可从轻处罚。李冬冬论罪当判处死刑，考虑到其有立功、坦白情节，且在法庭上的认罪态度较好，对其判处死刑，可不立即执行，但应依法对其限制减刑。依照《中华人民共和国刑法》第三百四十七条第二款第（一）项、第三款、第一百二十八条第一款、第三百五十六条、第六十五条第一款、第二十五条第一款、第六十七条第三款、第六十八条、第四十八条第一款、第五十条第二款、第五十五条第一款、第五十六条第一款、第五十七条第一款、第五十九条、第五十二条、第五十三条、第六十九条第一款、第三款、第六十四条之规定，作出判决：被告人李冬冬犯贩卖、运输毒品罪，判处死刑，缓期二年执行，剥夺政治权利终身，并处没收个人全部财产；犯非法持有枪支罪，判处有期徒刑三年；决定执行死刑，缓期二年执行，剥夺政治权利终身，并处没收个人全部财产。对被告人李冬冬限制减刑。被告人于宝犯运输毒品罪，判处无期徒刑，剥夺政治权利终身，并处没收个人全部财产。被告人徐振峰犯运输毒品罪，判处有期徒刑十五年，剥夺政治权利五年，并处没收财产人民币十五万元。被告人周儒顺犯运输毒品罪，判处有期徒刑十五年，剥夺政治权利五年，并处没收财产人民币十五万元。被告人刘伟生犯贩卖毒品罪，判处有期徒刑十年，剥夺政治权利三年，并处罚金人民币十万元。被告人唐瑞强犯贩卖毒品罪，判处有期徒刑七年，并处罚金人民币七万元。 李冬冬的指定辩护人提出，李冬冬有立功表现，依法可以从轻或减轻处罚；认罪态度好；本案的大部分毒品未实际流入社会，未造成严重的社会后果，社会危害性相对较小。建议从轻判处。 于宝及其辩护人提出，认定于宝构成运输毒品罪事实不清，证据不足；即使于宝构成犯罪，也应定非法持有毒品罪，原判定性不当；毒品在佛山已被缴获，根本没有看见毒品，更没有持有。请求从轻处罚。 徐振峰上诉提出应定非法持有毒品罪，而非运输毒品罪；将使用快递寄送毒品行为定性为运输毒品，是对“运输”作类推解释，属违法；初犯、偶犯，请求从轻判处。 刘伟生上诉提出现场勘验、检查笔录不是案发时制作，不能证明毒品来源；发现涉案毒品为公共区域，无法排除由其他人丢弃；既使认定是刘伟生的，也应定非法持有毒品罪 唐瑞强上诉称认定他向李冬冬贩卖毒品没有事实和依据，且起诉书指罪名是非法持有毒品，并不是贩卖毒品。请求撤销原判。 二审审理查明，原审判决认定原审被告人李冬冬通过物流寄递方式，向于宝贩卖甲基苯丙胺1971.14克（含量为70.7％）的事实清楚，主要有扣押笔录、扣押清单、快递单证实在南海新花物流站查获藏在玩具挖土机内的冰块2包（重约2千克），查获物流单4张，在绥化市安达市万盛货站抓获取货的孙某，从其身上搜出快递单1张，刑事化验检验报告书证实2包毒品净重1971.14克，检出甲基苯丙胺成分，甲基苯丙胺含量为70.7％，李冬冬供认通过南海新花物流站将于宝购买的1900克冰毒寄往绥化市安达市，证人罗某辨认出被告人李冬冬就是寄物流的男子，证人孙某指证于宝叫他到万盛货站取快递。另有李冬冬与于宝之间通话清单、李冬冬银行帐户交易流水清单佐证，证据确实充分，本院予以确认。 原审判决认定上诉人徐振峰、原审被告人周儒顺共同出资向被告人李冬冬购得甲基苯丙胺1000.39克（含量为69.6％），通过物流寄递方式运输回河北省黄骅市的事实清楚，主要有扣押笔录、扣押清单、快递单证实在南海新花物流站查获藏在玩具小车内的冰块1包（重约1千克），在黄骅市205国道明亨物流内抓获取货的韩某1，刑事化验检验报告书证实疑似冰毒1包净重1000.39克，检出甲基苯丙胺成分，甲基苯丙胺含量为69.6％，证人彭某辨认出被告人徐振峰就是寄物流的男子，证人韩某1证实接到徐振峰的电话帮徐振峰取快递，李冬冬供述证实徐振峰、周儒顺共同向他买了1000克冰毒，他送徐振峰到新花物流站寄回黄骅，徐振峰、周儒顺对犯罪事实供认在案。另有通话清单、银行账户交易流水佐证，证据确实充分，本院予以确认。 原审判决认定原审被告人李冬冬向上诉人刘伟生、李某贩卖甲基苯丙胺，刘伟生向关景鸿贩卖甲基苯丙胺及2015年3月26日20时许，民警在佛山市南海区桂城街道海三路骏成花园骏满阁C梯202房抓获被告人刘伟生，从房间主卧窗台下起获甲基苯丙胺18.8克及电子秤、锡纸、吸毒工具等物的事实清楚，主要有现场勘验笔录、搜查笔录、扣押清单、刑事化验检验报告、笔迹检验鉴定证实在刘伟生住址佛山市南海区海三北路6号骏成花园骏满阁C梯202房窗台下查获透明晶体20包净重18.8克，检出甲基苯丙胺成分、刘伟生书写的记帐字条1张及电子秤、吸毒工具等物一批，证人关某证实多次向刘伟生购买冰毒吸食，证人李某证实多次向李冬冬购买冰毒吸食，李冬冬对向刘伟生、李某贩卖冰毒供认不讳，证据确实充分，本院予以确认。 原审判决认定抓获原审被告人李冬冬时，从李冬冬租住房及李冬冬驾驶的粤E×××××汽车上搜出2支自制仿64手枪（以火药为动力发射弹丸的非军用枪）、7发自制手枪弹（非军用）、甲基苯丙胺9.03克及电子秤、锡纸、匕首、开山刀、手机等物及李冬冬归案后，在公安机关的控制下向被告人唐瑞强求购300克甲基苯丙胺。2015年3月27日凌晨1时许，民警在罗定市农华西路抓获乘车前来赴约的被告人唐瑞强，从唐瑞强身上及住处起获甲基苯丙胺10.05克及手机、烧杯、漏斗、锡纸、勺子等物的事实清楚，主要有抓获经过及情况说明、搜查笔录、扣押清单，枪支、弹药检验报告，检验报告、通话清单等证据证实，李冬冬对犯罪事实供认不讳，证据确实充分，本院予以确认。 针对李冬冬指定辩护人、于宝、徐振峰、刘伟生、唐瑞强上诉理由，根据查明的案件事实和证据，综合回应如下：李冬冬有立功、认罪态度好等从轻处罚情节，一审判决已认定并在量刑上体现，辩护人以此为由建议二审再从轻处罚，不予采纳。法律、司法解释从未将毒品未流入社会作为酌情从轻处罚的依据。关于于宝向李冬冬购买毒品甲基苯丙胺、支付毒资、叫人取货等事实和证据，一审已有详细回应，二审不再复回。于宝接收李冬冬通过物流寄递方式交付的毒品，在案证据尚不足以证明于宝是为了实施贩卖毒品等其他犯罪，但无论毒品是否实际收到，其行为均构成非法持有毒品罪，于宝及其辩护人关于定性的意见，应当予以采纳。综合考虑于宝非法持有毒品的数量、犯罪情节、认罪态度、悔罪表现等情节，判处无期徒刑适当。毒品犯罪分子通过物流寄递方式运输毒品，是运输毒品行为方式之一。徐振峰购买毒品后通过物流寄递方式运输毒品的行为构成运输毒品罪，一审定罪准确。关于刘伟生上诉理由，一审已有详细回应，二审不再重复。关于唐瑞强行为构成何罪问题，一审庭审时已听取控辩双方的意见，一审根据查明的事实和证据，对唐瑞强定贩卖毒品罪正确。 本院认为，原审被告人李冬冬贩卖、运输毒品的数量大，其行为已构成贩卖、运输毒品罪，非法持有枪支的行为又构成非法持有枪支罪，且属情节严重；上诉人于宝非法持有毒品数量大，其行为已构成非法持有毒品罪；上诉人徐振峰、原审被告人周儒顺运输毒品数量大，其行为均已构成运输毒品罪；上诉人刘伟生、唐瑞强贩卖毒品数量较大，其行为均已构成贩卖毒品罪。李冬冬、刘伟生均系累犯，刘伟生还系毒品再犯，均应依法从重处罚。李冬冬罪行严重，论罪应判处死刑，立即执行，鉴于其归案后有立功、坦白等情节，确有悔罪表现，依法可从轻处罚，可判处死刑，不必立即执行。原审判决认定事实清楚，证据确实充分，量刑适当。于宝及其辩护人关于于宝的行为应定非法持有毒品的意见，应当采纳，鉴于于宝非法持有毒品数大，量刑上维持不动。其他上诉意见及其他上诉人的上诉意见，结查均不成立，予以驳回。依照《中华人民共和国刑事诉讼法》第二百二十五条第一款第（一）、（二）的规定，判决如下： 一、维持佛山市中级人民法院（2015）佛中法刑一初字第137号刑事判决对上诉人徐振峰、刘伟生、唐瑞强、原审被告人李冬冬、周儒顺的判决及对涉案财产的判决部分； 二、撤销佛山市中级人民法院（2015）佛中法刑一初字第137号刑事判决对上诉人于宝的判决部分； 三、上诉人于宝犯非法持有毒品罪，判处无期徒刑，剥夺政治权利终身，没收个人全部财产。 本裁定为终审裁定 根据《中华人民共和国刑事诉讼法》第二百三十七条的规定，本判决并为核准以贩卖、运输毒品罪，判处被告人李冬冬死刑，缓期二年执行，剥夺政治权利终身，并处没收个人全部财产，限制减刑；以非法持有枪支罪，判处其有期徒刑三年；决定执行死刑，缓期二年执行，剥夺政治权利终身，并处没收个人全部财产，限制减刑的刑事判决。 审判长李兵 审判员向玉生 审判员马建兵 二○一六年十二月十九日 书记员刘海山",
  "writId": "017d3e670bd3fe971ed1d65595225e26075",
  "writName": "李冬冬走私、贩卖、运输、制造毒品罪二审刑事判决书",
  "cid": 37980,
  "crime": [
    "贩卖毒品罪",
    "运输毒品罪",
    "非法持有毒品罪",
    "私藏枪支、弹药罪"
  ]
}