{
  "ajId": "962efdcf-2c66-4ba2-a39f-44c5ccb7daac",
  "ajName": "王某1、李某犯寻衅滋事罪一案",
  "ajjbqk": " 延安市安塞区人民检察院指控，2017年农历11月至12月份左右，被告人李延斌伙同雷某甲（已判决）、王某甲（已判决）驾驶陕JMX696黑色吉利汽车及一辆普桑车窜至延安市安塞区、宝塔区、延川县、子长县等地多次盗窃山羊。 1、2017年农历11月的一天，被告人李延斌伙同雷某甲、王某甲驾驶陕JMX696黑色吉利汽车在安塞区XX镇XX村盗窃张某某家两只山羊。后经安塞区XX中心塞价涉认字（2018）004号价格认定结论书认定，被盗山羊价格为2800元； 2、2017年农历11月的一天，被告人李延斌伙同雷某甲、王某甲驾驶一辆普桑车在子长县XX镇XX村盗窃景某甲家一只山羊，后经安塞区XX中心塞价涉认字（2018）004号价格认定结论书认定，被盗山羊价格为1250元； 3、2017年农历11月的一天，被告人李延斌伙同王某甲驾驶一辆普桑车在延川县XX镇XX村盗窃闫某某家两只山羊。后经安塞区XX中心塞价涉认字（2018）53号价格认定结论书认定，被盗山羊价格为2800元； 4、2017年农历12月的一天，被告人李延斌伙同王某甲驾驶一辆普桑车在延川县XX镇XX村盗窃惠某某家一只山羊。后经安塞区XX中心塞价涉认字（2018）53号价格认定结论书认定，被盗山羊价格为1250元； 5、2017年农历12月的一天，被告人李延斌伙同王某甲驾驶一辆普桑车在延川县XX镇XX村盗窃景某乙家四只山羊。后经安塞区XX中心塞价涉认字（2018）53号价格认定结论书认定，被盗山羊价格为5000元； 6、2017年农历12月的一天，被告人李延斌伙同王某甲驾驶一辆普桑车在延安市宝塔区XX村盗窃姜某某家四只山羊。后经安塞区XX中心塞价涉认字（2018）53号价格认定结论书认定，被盗山羊价格为5000元； 7、2017年农历12月的一天，被告人李延斌伙同王某甲驾驶一辆普桑车在子长县XX镇XX村盗窃杨某某家一只山羊。后经安塞区XX中心塞价涉认字（2018）53号价格认定结论书认定，被盗山羊价格为1400元； 8、2017年农历12月的一天，被告人李延斌伙同王某甲驾驶一辆普桑车在子长县XX镇XX村盗窃马某某家一只山羊。后经安塞区XX中心塞价涉认字（2018）53号价格认定结论书认定，被盗山羊价格为1250元； 9、2017年农历12月的一天，被告人李延斌伙同王某甲驾驶一辆普桑车在子长县XX镇XX村盗窃井某某家两只山羊。后经安塞区XX中心塞价涉认字（2018）53号价格认定结论书认定，被盗山羊价格为2195元； 10、2017年农历12月的一天，被告人李延斌伙同王某甲驾驶一辆普桑车在子长县XX镇XX村盗窃焦某某家四只山羊（两只公山羊，两只母山羊）。后经安塞区XX中心塞价涉认字（2018）53号价格认定结论书认定，被盗山羊价格为4790元； 11、2017年农历12月的一天，被告人李延斌伙同王某甲驾驶一辆普桑车在子长县XX楼XX村盗窃李某某家一只山羊。后经安塞区XX中心塞价涉认字（2018）53号价格认定结论书认定，被盗山羊价格为1310元。 据此，被告人李延斌的行为触犯了《中华人民共和国刑法》第二百六十四条的规定，构成盗窃罪，请依法判处。 被告人李延斌在庭审中对起诉书指控的罪名及犯罪事实均无异议。 经审理查明：2017年农历11月至12月份左右，被告人李延斌伙同雷某甲（已判决）、王某甲（已判决）驾驶陕JMX696黑色吉利轿车及一辆桑塔纳轿车窜至延安市安塞区、宝塔区、延川县、子长县等地多次盗窃山羊。 1、2017年农历11月的一天，被告人李延斌伙同雷某甲、王某甲驾驶陕JMX696黑色吉利轿车在安塞区XX镇XX村盗窃张某某家两只山羊。后经安塞区XX中心塞价涉认字（2018）004号价格认定结论书认定，被盗山羊价格为2800元； 2、2017年农历11月的一天，被告人李延斌伙同雷某甲、王某甲驾驶一辆桑塔纳轿车在子长县XX镇XX村盗窃景某甲家一只山羊，后经安塞区XX中心塞价涉认字（2018）004号价格认定结论书认定，被盗山羊价格为1250元； 3、2017年农历11月的一天，被告人李延斌伙同王某甲驾驶一辆桑塔纳轿车在延川县XX镇XX村盗窃闫某某家两只山羊。后经安塞区XX中心塞价涉认字（2018）53号价格认定结论书认定，被盗山羊价格为2800元； 4、2017年农历12月的一天，被告人李延斌伙同王某甲驾驶一辆桑塔纳轿车在延川县XX镇XX村盗窃惠某某家一只山羊。后经安塞区XX中心塞价涉认字（2018）53号价格认定结论书认定，被盗山羊价格为1250元； 5、2017年农历12月的一天，被告人李延斌伙同王某甲驾驶一辆桑塔纳轿车在延川县XX镇XX村盗窃景某乙家四只山羊。后经安塞区XX中心塞价涉认字（2018）53号价格认定结论书认定，被盗山羊价格为5000元； 6、2017年农历12月的一天，被告人李延斌伙同王某甲驾驶一辆桑塔纳轿车在延安市宝塔区XX村盗窃姜某某家四只山羊。后经安塞区XX中心塞价涉认字（2018）53号价格认定结论书认定，被盗山羊价格为5000元； 7、2017年农历12月的一天，被告人李延斌伙同王某甲驾驶一辆桑塔纳轿车在子长县XX镇XX村盗窃杨某某家一只山羊。后经安塞区XX中心塞价涉认字（2018）53号价格认定结论书认定，被盗山羊价格为1400元； 8、2017年农历12月的一天，被告人李延斌伙同王某甲驾驶一辆桑塔纳轿车在子长县XX镇XX村盗窃马某某家一只山羊。后经安塞区XX中心塞价涉认字（2018）53号价格认定结论书认定，被盗山羊价格为1250元； 9、2017年农历12月的一天，被告人李延斌伙同王某甲驾驶一辆桑塔纳轿车在子长县XX镇XX村盗窃井某某家两只山羊。后经安塞区XX中心塞价涉认字（2018）53号价格认定结论书认定，被盗山羊价格为2195元； 10、2017年农历12月的一天，被告人李延斌伙同王某甲驾驶一辆桑塔纳轿车在子长县XX镇XX村盗窃焦某某家四只山羊（两只公山羊，两只母山羊）。后经安塞区XX中心塞价涉认字（2018）53号价格认定结论书认定，被盗山羊价格为4790元； 11、2017年农历12月的一天，被告人李延斌伙同王某甲驾驶一辆桑塔纳轿车在子长县XX楼XX村盗窃李某某家一只山羊。后经安塞区XX中心塞价涉认字（2018）53号价格认定结论书认定，被盗山羊价格为1310元。 上述事实，被告人李延斌在庭审过程中亦无异议，并有被告人李延斌的供述、同案犯雷某甲、王某甲的供述、被害人张某某、景某甲、闫某某、惠某某、景某乙、姜某某、杨某某、马某某、井某某、焦某某、李某某的陈述、辨认笔录及照片、价格认定结论书、现场勘验笔录、受案登记表、抓获经过、刑事判决书、强制隔离戒毒决定书、情况说明、户籍证明等证据证实，足以认定。 ",
  "cpfxgc": "本院认为，被告人李延斌采取秘密窃取的手段，盗窃公私财物，价值29045元，数额较大，被告人的行为已构成盗窃罪。公诉机关指控被告人的犯罪事实清楚、证据确实充分，罪名成立。在共同盗窃过程中，被告人李延斌起主要的实施作用，系主犯。被告人李延斌当庭自愿认罪，并能如实供述其犯罪事实，可以从轻处罚。依照《中华人民共和国刑法》第二百六十四条、第二十五条、第二十六条第一款、第五十二条、第五十三条第一款、第六十七条第三款之规定，判决如下：",
  "pjjg": " 被告人李延斌犯盗窃罪，判处有期徒刑二年，并处罚金10000元（刑期从判决执行之日起计算，判决执行前先行羁押一日折抵刑期一日，即自2018年10月15日起至2020年10月14日止，罚金限于本判决生效后三十日内缴纳）。 如不服本判决，可在接到判决书的第二日起十日内，通过本院或者直接向陕西省延安市中级人民法院提出上诉。书面上诉的，应当提交上诉状正本一份，副本三份。",
  "qw": "李延斌盗窃罪一审刑事判决书 陕西省延安市安塞区人民法院 刑事判决书 （2019）陕0603刑初6号 公诉机关延安市安塞区人民检察院。 被告人李延斌，又名李鹏，男，汉族，XXXX年X月X日出生，小学文化，户籍所在地陕西省子长县，无业。2018年10月15日因涉嫌盗窃罪被延安市公安局安塞分局刑事拘留，2018年11月14日经延安市安塞区人民检察院依法批准逮捕，由延安市公安局安塞分局执行逮捕，现羁押于安塞区看守所。 延安市安塞区人民检察院以塞检公诉刑诉（2018）184号起诉书指控被告人李延斌犯盗窃罪，于2019年1月8日向本院提起公诉。本院依法适用简易程序，实行独任审判，公开开庭审理了本案。延安市安塞区人民检察院指派检察员张娟、助理检察员徐铭琳依法出庭支持公诉，被告人李延斌到庭参加诉讼。本案现已审理终结。 延安市安塞区人民检察院指控，2017年农历11月至12月份左右，被告人李延斌伙同雷某甲（已判决）、王某甲（已判决）驾驶陕JMX696黑色吉利汽车及一辆普桑车窜至延安市安塞区、宝塔区、延川县、子长县等地多次盗窃山羊。 1、2017年农历11月的一天，被告人李延斌伙同雷某甲、王某甲驾驶陕JMX696黑色吉利汽车在安塞区XX镇XX村盗窃张某某家两只山羊。后经安塞区XX中心塞价涉认字（2018）004号价格认定结论书认定，被盗山羊价格为2800元； 2、2017年农历11月的一天，被告人李延斌伙同雷某甲、王某甲驾驶一辆普桑车在子长县XX镇XX村盗窃景某甲家一只山羊，后经安塞区XX中心塞价涉认字（2018）004号价格认定结论书认定，被盗山羊价格为1250元； 3、2017年农历11月的一天，被告人李延斌伙同王某甲驾驶一辆普桑车在延川县XX镇XX村盗窃闫某某家两只山羊。后经安塞区XX中心塞价涉认字（2018）53号价格认定结论书认定，被盗山羊价格为2800元； 4、2017年农历12月的一天，被告人李延斌伙同王某甲驾驶一辆普桑车在延川县XX镇XX村盗窃惠某某家一只山羊。后经安塞区XX中心塞价涉认字（2018）53号价格认定结论书认定，被盗山羊价格为1250元； 5、2017年农历12月的一天，被告人李延斌伙同王某甲驾驶一辆普桑车在延川县XX镇XX村盗窃景某乙家四只山羊。后经安塞区XX中心塞价涉认字（2018）53号价格认定结论书认定，被盗山羊价格为5000元； 6、2017年农历12月的一天，被告人李延斌伙同王某甲驾驶一辆普桑车在延安市宝塔区XX村盗窃姜某某家四只山羊。后经安塞区XX中心塞价涉认字（2018）53号价格认定结论书认定，被盗山羊价格为5000元； 7、2017年农历12月的一天，被告人李延斌伙同王某甲驾驶一辆普桑车在子长县XX镇XX村盗窃杨某某家一只山羊。后经安塞区XX中心塞价涉认字（2018）53号价格认定结论书认定，被盗山羊价格为1400元； 8、2017年农历12月的一天，被告人李延斌伙同王某甲驾驶一辆普桑车在子长县XX镇XX村盗窃马某某家一只山羊。后经安塞区XX中心塞价涉认字（2018）53号价格认定结论书认定，被盗山羊价格为1250元； 9、2017年农历12月的一天，被告人李延斌伙同王某甲驾驶一辆普桑车在子长县XX镇XX村盗窃井某某家两只山羊。后经安塞区XX中心塞价涉认字（2018）53号价格认定结论书认定，被盗山羊价格为2195元； 10、2017年农历12月的一天，被告人李延斌伙同王某甲驾驶一辆普桑车在子长县XX镇XX村盗窃焦某某家四只山羊（两只公山羊，两只母山羊）。后经安塞区XX中心塞价涉认字（2018）53号价格认定结论书认定，被盗山羊价格为4790元； 11、2017年农历12月的一天，被告人李延斌伙同王某甲驾驶一辆普桑车在子长县XX楼XX村盗窃李某某家一只山羊。后经安塞区XX中心塞价涉认字（2018）53号价格认定结论书认定，被盗山羊价格为1310元。 据此，被告人李延斌的行为触犯了《中华人民共和国刑法》第二百六十四条的规定，构成盗窃罪，请依法判处。 被告人李延斌在庭审中对起诉书指控的罪名及犯罪事实均无异议。 经审理查明：2017年农历11月至12月份左右，被告人李延斌伙同雷某甲（已判决）、王某甲（已判决）驾驶陕JMX696黑色吉利轿车及一辆桑塔纳轿车窜至延安市安塞区、宝塔区、延川县、子长县等地多次盗窃山羊。 1、2017年农历11月的一天，被告人李延斌伙同雷某甲、王某甲驾驶陕JMX696黑色吉利轿车在安塞区XX镇XX村盗窃张某某家两只山羊。后经安塞区XX中心塞价涉认字（2018）004号价格认定结论书认定，被盗山羊价格为2800元； 2、2017年农历11月的一天，被告人李延斌伙同雷某甲、王某甲驾驶一辆桑塔纳轿车在子长县XX镇XX村盗窃景某甲家一只山羊，后经安塞区XX中心塞价涉认字（2018）004号价格认定结论书认定，被盗山羊价格为1250元； 3、2017年农历11月的一天，被告人李延斌伙同王某甲驾驶一辆桑塔纳轿车在延川县XX镇XX村盗窃闫某某家两只山羊。后经安塞区XX中心塞价涉认字（2018）53号价格认定结论书认定，被盗山羊价格为2800元； 4、2017年农历12月的一天，被告人李延斌伙同王某甲驾驶一辆桑塔纳轿车在延川县XX镇XX村盗窃惠某某家一只山羊。后经安塞区XX中心塞价涉认字（2018）53号价格认定结论书认定，被盗山羊价格为1250元； 5、2017年农历12月的一天，被告人李延斌伙同王某甲驾驶一辆桑塔纳轿车在延川县XX镇XX村盗窃景某乙家四只山羊。后经安塞区XX中心塞价涉认字（2018）53号价格认定结论书认定，被盗山羊价格为5000元； 6、2017年农历12月的一天，被告人李延斌伙同王某甲驾驶一辆桑塔纳轿车在延安市宝塔区XX村盗窃姜某某家四只山羊。后经安塞区XX中心塞价涉认字（2018）53号价格认定结论书认定，被盗山羊价格为5000元； 7、2017年农历12月的一天，被告人李延斌伙同王某甲驾驶一辆桑塔纳轿车在子长县XX镇XX村盗窃杨某某家一只山羊。后经安塞区XX中心塞价涉认字（2018）53号价格认定结论书认定，被盗山羊价格为1400元； 8、2017年农历12月的一天，被告人李延斌伙同王某甲驾驶一辆桑塔纳轿车在子长县XX镇XX村盗窃马某某家一只山羊。后经安塞区XX中心塞价涉认字（2018）53号价格认定结论书认定，被盗山羊价格为1250元； 9、2017年农历12月的一天，被告人李延斌伙同王某甲驾驶一辆桑塔纳轿车在子长县XX镇XX村盗窃井某某家两只山羊。后经安塞区XX中心塞价涉认字（2018）53号价格认定结论书认定，被盗山羊价格为2195元； 10、2017年农历12月的一天，被告人李延斌伙同王某甲驾驶一辆桑塔纳轿车在子长县XX镇XX村盗窃焦某某家四只山羊（两只公山羊，两只母山羊）。后经安塞区XX中心塞价涉认字（2018）53号价格认定结论书认定，被盗山羊价格为4790元； 11、2017年农历12月的一天，被告人李延斌伙同王某甲驾驶一辆桑塔纳轿车在子长县XX楼XX村盗窃李某某家一只山羊。后经安塞区XX中心塞价涉认字（2018）53号价格认定结论书认定，被盗山羊价格为1310元。 上述事实，被告人李延斌在庭审过程中亦无异议，并有被告人李延斌的供述、同案犯雷某甲、王某甲的供述、被害人张某某、景某甲、闫某某、惠某某、景某乙、姜某某、杨某某、马某某、井某某、焦某某、李某某的陈述、辨认笔录及照片、价格认定结论书、现场勘验笔录、受案登记表、抓获经过、刑事判决书、强制隔离戒毒决定书、情况说明、户籍证明等证据证实，足以认定。 本院认为，被告人李延斌采取秘密窃取的手段，盗窃公私财物，价值29045元，数额较大，被告人的行为已构成盗窃罪。公诉机关指控被告人的犯罪事实清楚、证据确实充分，罪名成立。在共同盗窃过程中，被告人李延斌起主要的实施作用，系主犯。被告人李延斌当庭自愿认罪，并能如实供述其犯罪事实，可以从轻处罚。依照《中华人民共和国刑法》第二百六十四条、第二十五条、第二十六条第一款、第五十二条、第五十三条第一款、第六十七条第三款之规定，判决如下： 被告人李延斌犯盗窃罪，判处有期徒刑二年，并处罚金10000元（刑期从判决执行之日起计算，判决执行前先行羁押一日折抵刑期一日，即自2018年10月15日起至2020年10月14日止，罚金限于本判决生效后三十日内缴纳）。 如不服本判决，可在接到判决书的第二日起十日内，通过本院或者直接向陕西省延安市中级人民法院提出上诉。书面上诉的，应当提交上诉状正本一份，副本三份。 审判员张蕊 二〇一九年一月二十一日 书记员石帅 附：本案适用的相关法律、法规及司法解释 《中华人民共和国刑法》 第二百六十四条盗窃公私财物，数额较大的，或者多次盗窃、入户盗窃、携带凶器盗窃、扒窃的，处三年以下有期徒刑、拘役或者管制，并处或者单处罚金；数额巨大或者有其他严重情节的，处三年以上十年以下有期徒刑，并处罚金；数额特别巨大或者有其他特别严重情节的，处十年以上有期徒刑或者无期徒刑，并处罚金或者没收财产。 第二十五条共同犯罪是指二人以上共同故意犯罪。 二人以上共同过失犯罪，不以共同犯罪论处；应当负刑事责任的，按照他们所犯的罪分别处罚。 第二十六条组织、领导犯罪集团进行犯罪活动的或者在共同犯罪中起主要作用的，是主犯。 三人以上为共同实施犯罪而组成的较为固定的犯罪组织，是犯罪集团。 对组织、领导犯罪集团的首要分子，按照集团所犯的全部罪行处罚。 对于第三款规定以外的主犯，应当按照其所参与的或者组织、指挥的全部犯罪处罚。 第五十二条判处罚金，应当根据犯罪情节决定罚金数额。 第五十三条罚金在判决指定的期限内一次或者分期缴纳。期满不缴纳的，强制缴纳。对于不能全部缴纳罚金的，人民法院在任何时候发现被执行人有可以执行的财产，应当随时追缴。 由于遭遇不能抗拒的灾祸等原因缴纳确实有困难的，经人民法院裁定，可以延期缴纳、酌情减少或者免除。 第六十七条犯罪以后自动投案，如实供述自己的罪行的，是自首。对于自首的犯罪分子，可以从轻或者减轻处罚。其中，犯罪较轻的，可以免除处罚。 被采取强制措施的犯罪嫌疑人、被告人和正在服刑的罪犯，如实供述司法机关还未掌握的本人其他罪行的，以自首论。 犯罪嫌疑人虽不具有前两款规定的自首情节，但是如实供述自己罪行的，可以从轻处罚；因其如实供述自己罪行，避免特别严重后果发生的，可以减轻处罚。",
  "writId": "0296075eacc60707aa9c1b9475ccff6e34f",
  "writName": "李延斌盗窃罪一审刑事判决书",
  "cid": 41116,
  "crime": [
    "寻衅滋事罪",
    "盗窃罪"
  ]
}