{
  "ajId": "d02e2350-7c34-4d01-8727-eddeebbadf65",
  "ajName": "张存杰诈骗一案",
  "ajjbqk": " 河南省郑州市金水区人民检察院指控：2017年6月份，被告人张存杰虚构能为邓某的孩子办理上郑州师范学院附属小学的事实，隐瞒真相，在张寨街骗取被害人邓某18000元。 2017年7月份，被告人张存杰虚构认识防空兵学院副校长、能为王某的孩子办理上郑州防空兵学院的事实，隐瞒真相，在杜岭街骗取被害人王某100000元。 2017年8月以来，被告人张存杰虚构能帮白某办理不还嘉银你我贷公司的贷款手续费的事实，隐瞒真相，分多次骗取被害人白某共计92000元。 以上款项共计210000元，现全部赃款仍未追回。 针对上述指控，检察机关向本院提供了被告人张存杰的供述，被害人王某、白某、邓某的陈述，证人韩某，许颖富的证言，银行转账凭证，微信转账记录，辨认笔录，受案经过，到案经过，户籍证明等证据，认为被告人张存杰以非法占有为目的，采取虚构事实、隐瞒真相的方法，骗取他人财物，数额巨大，其行为已触犯了《中华人民共和国刑法》第二百六十六条之规定，构成诈骗罪。并建议判处被告人张存杰有期徒刑四年至四年半，并处罚金。 经审理查明的事实与指控的犯罪事实一致。被告人张存杰对起诉书指控的事实、证据及量刑建议均不持异议，并且被告人签字具结。本院予以认定。 ",
  "cpfxgc": "本院认为：公诉机关指控被告人张存杰犯诈骗罪，罪名及提出的量刑建议成立，依法予以支持。 被告人张存杰到案后能如实供述自己的罪行，自愿认罪认罚，可从轻处罚。 根据被告人张存杰犯罪的事实、犯罪的性质、情节和对于社会的危害程度，依照《中华人民共和国刑法》第二百六十六条、第六十七条第三款、第五十二条、第五十三条、第六十一条、第六十四条之规定，判决如下：",
  "pjjg": " 一、被告人张存杰犯诈骗罪，判处有期徒刑四年五个月，并处罚金人民币五万元。 （刑期从判决执行之日起计算。判决执行以前先行羁押的，羁押一日折抵刑期一日。即自2017年12月14日至2022年5月13日。罚金于判决生效之日起三日内缴纳。） 二、责令被告人张存杰退赔赃款人民币一万八千元依法发还被害人邓世忠、退赔赃款人民币十万元依法发还被害人王景源、退赔赃款人民币九万二千元依法发还被害人白俊涛。 如不服本判决，可在接到判决书的第二日起十日内，通过本院或者直接向河南省郑州市中级人民法院提出上诉。书面上诉的，应当提交上诉状正本一份，副本八份。",
  "qw": "河南省郑州市金水区人民法院 刑事判决书 （2018）豫0105刑初351号 公诉机关河南省郑州市金水区人民检察院。 被告人张存杰，男，1979年10月9日出生于河南省杞县，汉族，大专文化程度，住河南省郑州市金水区（户籍地：河南省杞县）。因涉嫌犯诈骗罪于2017年12月14日被郑州市公安局南阳路刑事拘留，同年12月27日被逮捕。 河南省郑州市金水区人民检察院以郑金检公诉刑诉（2017）153号起诉书指控被告人张存杰犯诈骗罪，向本院提起公诉。本院依法适用简易程序，组成合议庭，公开开庭审理了本案。河南省郑州市金水区人民检察院检察员高阳、代理检察员李明伟，被告人张存杰到庭参加了诉讼。现已审理终结。 河南省郑州市金水区人民检察院指控：2017年6月份，被告人张存杰虚构能为邓某的孩子办理上郑州师范学院附属小学的事实，隐瞒真相，在张寨街骗取被害人邓某18000元。 2017年7月份，被告人张存杰虚构认识防空兵学院副校长、能为王某的孩子办理上郑州防空兵学院的事实，隐瞒真相，在杜岭街骗取被害人王某100000元。 2017年8月以来，被告人张存杰虚构能帮白某办理不还嘉银你我贷公司的贷款手续费的事实，隐瞒真相，分多次骗取被害人白某共计92000元。 以上款项共计210000元，现全部赃款仍未追回。 针对上述指控，检察机关向本院提供了被告人张存杰的供述，被害人王某、白某、邓某的陈述，证人韩某，许颖富的证言，银行转账凭证，微信转账记录，辨认笔录，受案经过，到案经过，户籍证明等证据，认为被告人张存杰以非法占有为目的，采取虚构事实、隐瞒真相的方法，骗取他人财物，数额巨大，其行为已触犯了《中华人民共和国刑法》第二百六十六条之规定，构成诈骗罪。并建议判处被告人张存杰有期徒刑四年至四年半，并处罚金。 经审理查明的事实与指控的犯罪事实一致。被告人张存杰对起诉书指控的事实、证据及量刑建议均不持异议，并且被告人签字具结。本院予以认定。 本院认为：公诉机关指控被告人张存杰犯诈骗罪，罪名及提出的量刑建议成立，依法予以支持。 被告人张存杰到案后能如实供述自己的罪行，自愿认罪认罚，可从轻处罚。 根据被告人张存杰犯罪的事实、犯罪的性质、情节和对于社会的危害程度，依照《中华人民共和国刑法》第二百六十六条、第六十七条第三款、第五十二条、第五十三条、第六十一条、第六十四条之规定，判决如下： 一、被告人张存杰犯诈骗罪，判处有期徒刑四年五个月，并处罚金人民币五万元。 （刑期从判决执行之日起计算。判决执行以前先行羁押的，羁押一日折抵刑期一日。即自2017年12月14日至2022年5月13日。罚金于判决生效之日起三日内缴纳。） 二、责令被告人张存杰退赔赃款人民币一万八千元依法发还被害人邓世忠、退赔赃款人民币十万元依法发还被害人王景源、退赔赃款人民币九万二千元依法发还被害人白俊涛。 如不服本判决，可在接到判决书的第二日起十日内，通过本院或者直接向河南省郑州市中级人民法院提出上诉。书面上诉的，应当提交上诉状正本一份，副本八份。 审判长吴洋 人民陪审员邱鑫德 人民陪审员李秀琴 二〇一八年四月三日 书记员刘畅（代）",
  "writId": "024db287b892d882052ff91ceceff536ff5",
  "writName": "张存杰诈骗一审刑事判决书",
  "cid": 43521,
  "crime": [
    "诈骗罪"
  ]
}