{
  "ajId": "678c560c-0036-403c-bbc5-f033cb83f403",
  "ajName": "胡某犯危险驾驶罪一案",
  "ajjbqk": " 公诉机关指控，2015年12月5日19时30分许，被告人胡某醉酒驾驶黑L×××××号小型轿车，沿威海市文登区棋山路由南向北行驶至抱龙桥路口西侧，被执勤民警查获。经检验，被告人胡某血液中的酒精含量为128、38mg／100ml。 上述事实，被告人胡某在开庭审理过程中亦无异议，且有查获经过、受案登记表、抽取当事人血样登记表、检查笔录、酒精检验鉴定报告、驾驶人信息查询结果单、机动车信息查询结果单、视听资料等证据，足以认定。 ",
  "cpfxgc": "本院认为，被告人胡某在道路上醉酒驾驶机动车，其行为已构成危险驾驶罪，公诉机关指控的事实和罪名成立，予以支持。鉴于被告人胡某归案后能够如实供述，当庭自愿认罪，可从轻处罚。依照《中华人民共和国刑法》第一百三十三条之一第一款（二）项、第六十七条第三款、第五十二条、第五十三条、第七十二条第一、三款之规定，判决如下：",
  "pjjg": " 被告人胡某犯危险驾驶罪，判处拘役一个月，缓刑三个月，并处罚金人民币三千元（罚金已缴纳）。 （刑期从判决执行之日起计算）。 如不服本判决，可在接到判决书的第二日起十日内，通过本院或者直接向山东省威海市中级人民法院提出上诉。书面上诉的，应当提交上诉状正本一份，副本二份。",
  "qw": "山东省威海市文登区人民法院 刑事判决书 （2016）鲁1003刑初169号 公诉机关山东省威海市文登区人民检察院。 被告人胡某，2015年12月24日因涉嫌危险驾驶罪被取保候审。 山东省威海市文登区人民检察院以威文检公刑诉（2016）151号起诉书指控被告人胡某犯危险驾驶罪，于2016年5月18日向本院提起公诉。本院依法适用简易程序，组成合议庭，公开开庭审理了本案。威海市文登区人民检察院指派检察员孙小东、郭治出庭支持公诉，被告人胡某到庭参加诉讼。现已审理终结。 公诉机关指控，2015年12月5日19时30分许，被告人胡某醉酒驾驶黑L×××××号小型轿车，沿威海市文登区棋山路由南向北行驶至抱龙桥路口西侧，被执勤民警查获。经检验，被告人胡某血液中的酒精含量为128、38mg／100ml。 上述事实，被告人胡某在开庭审理过程中亦无异议，且有查获经过、受案登记表、抽取当事人血样登记表、检查笔录、酒精检验鉴定报告、驾驶人信息查询结果单、机动车信息查询结果单、视听资料等证据，足以认定。 本院认为，被告人胡某在道路上醉酒驾驶机动车，其行为已构成危险驾驶罪，公诉机关指控的事实和罪名成立，予以支持。鉴于被告人胡某归案后能够如实供述，当庭自愿认罪，可从轻处罚。依照《中华人民共和国刑法》第一百三十三条之一第一款（二）项、第六十七条第三款、第五十二条、第五十三条、第七十二条第一、三款之规定，判决如下： 被告人胡某犯危险驾驶罪，判处拘役一个月，缓刑三个月，并处罚金人民币三千元（罚金已缴纳）。 （刑期从判决执行之日起计算）。 如不服本判决，可在接到判决书的第二日起十日内，通过本院或者直接向山东省威海市中级人民法院提出上诉。书面上诉的，应当提交上诉状正本一份，副本二份。 审判长于莉 人民陪审员于占坤 人民陪审员徐玉 二〇一六年五月三十日 书记员吴冰玉",
  "writId": "043c49e6dfbf98893ea12fbc6269e98e926",
  "writName": "胡某犯危险驾驶罪一审刑事判决书",
  "cid": 8432,
  "crime": [
    "危险驾驶罪"
  ]
}