{
  "ajId": "2b608e0e-cdcb-4adc-8eb0-279d9147210f",
  "ajName": "陆远东诈骗一案",
  "ajjbqk": " 北京市海淀区人民检察院指控，2016年5月至2017年8月，被告人陆远东在本市海淀区上地辉煌国际大厦等地，以帮助被害人办理学历证书、国家技术职称等需要费用的名义，骗取侯某等7名被害人共计人民币209500元，涉案钱款均未起获。具体事实如下： （一）2016年5月至12月，被告人陆远东以帮忙办理学历证书、高级工程师职称需要费用的名义，骗取被害人侯某人民币70000元； （二）2016年9月至11月，被告人陆远东以帮忙办理建筑职称、会计职称需要费用的名义，骗取被害人赵某人民币39000元； （三）2016年9月，被告人陆远东以帮忙办理高级工程师职称需要费用的名义，骗取被害人王某人民币16000元； （四）2016年10月，被告人陆远东以帮忙办理大学学历证书需要费用的名义，骗取被害人刘某人民币28500元； （五）2017年3月，被告人陆远东以帮忙办理大专学历证书需要费用的名义，骗取被害人周某人民币16000元； （六）2017年8月，被告人陆远东以帮忙办理大学学历证书需要费用的名义，骗取被害人郅某人民币28000元； （七）2017年8月，被告人陆远东以帮忙办理大专学历证书需要费用的名义，骗取被害人房某人民币12000元。 被告人陆远东于2019年1月27日被公安机关抓获归案，后如实供述了上述犯罪事实。 针对以上事实，公诉机关向本院提交了相关的证据材料，认为被告人陆远东的行为触犯了《中华人民共和国刑法》第二百六十六条，已构成诈骗罪，数额巨大，提请本院依法对被告人陆远东定罪处罚。 被告人陆远东对起诉书指控的犯罪事实及罪名均未提出异议。其辩护人认为，被告人陆远东认罪认罚，有坦白的情节，且被害人系想通过非正常方式取得学历证书，对造成被告人犯罪具有一定过错。综上，建议对其从宽处罚。 经审理查明，2016年5月至2017年8月，被告人陆远东在本市海淀区上地辉煌国际大厦等地，以帮助被害人办理学历证书、国家技术职称等需要费用的名义，骗取侯某等7名被害人共计人民币209500元，涉案钱款均未起获。具体事实如下： （一）2016年5月至12月，被告人陆远东以帮忙办理学历证书、高级工程师职称需要费用的名义，骗取被害人侯某人民币70000元； （二）2016年9月至11月，被告人陆远东以帮忙办理建筑职称、会计职称需要费用的名义，骗取被害人赵某人民币39000元； （三）2016年9月，被告人陆远东以帮忙办理高级工程师职称需要费用的名义，骗取被害人王某人民币16000元； （四）2016年10月，被告人陆远东以帮忙办理大学学历证书需要费用的名义，骗取被害人刘某人民币28500元； （五）2017年3月，被告人陆远东以帮忙办理大专学历证书需要费用的名义，骗取被害人周某人民币16000元； （六）2017年8月，被告人陆远东以帮忙办理大学学历证书需要费用的名义，骗取被害人郅某人民币28000元； （七）2017年8月，被告人陆远东以帮忙办理大专学历证书需要费用的名义，骗取被害人房某人民币12000元。 被告人陆远东于2019年1月27日被公安机关抓获归案，后如实供述了上述犯罪事实。现涉案钱款未退赔。 庭审过程中，公诉人当庭宣读、出示了公安机关在侦查阶段依法收集、调取的被告人陆远东的供述，被害人侯某、赵某、王某、刘某、周某、郅某、房某的陈述，证人樊某、龚某的证言，微信聊天记录，银行账户交易明细，微信转账记录，证明，刑事判决书，受案登记表，到案经过等证据。 经法庭质证，被告人陆远东及其辩护人对上述控方证据没有提出异议。控方提交的证据形式及来源合法，内容客观真实，对其证明效力，本院予以确认。 ",
  "cpfxgc": "本院认为，被告人陆远东以非法占有为目的，虚构事实，骗取他人财物，数额巨大，其行为已构成诈骗罪，应予惩处。北京市海淀区人民检察院指控被告人陆远东犯有诈骗罪的事实清楚，证据确实充分，指控罪名成立。鉴于被告人陆远东归案后能如实供述犯罪事实，认罪认罚，本院依法对其从轻处罚。辩护人的辩护意见，本院酌予采纳。依照《中华人民共和国刑法》第二百六十六条、第六十七条第三款、第五十三条第一款、第六十四条之规定，判决如下：",
  "pjjg": " 一、被告人陆远东犯诈骗罪，判处有期徒刑四年，罚金人民币四万元。 （刑期从判决执行之日起计算；判决执行以前先行羁押的，羁押一日折抵刑期一日，即自2019年1月27日起至2023年1月26日止；罚金限自本判决生效之次日起十日内缴纳。） 二、责令被告人陆远东退赔人民币二十万九千五百元，发还各被害人。 如不服本判决，可在接到判决书的第二日起十日内，通过本院或者直接向北京市第一中级人民法院提出上诉。书面上诉的，应提交上诉状正本一份，副本一份。",
  "qw": "北京市海淀区人民法院 刑事判决书 （2019）京0108刑初1120号 公诉机关北京市海淀区人民检察院。 被告人陆远东，男，1976年7月15日出生，公民身份号码×××，汉族，高中文化程度，无业，户籍所在地河南省固始县。曾因犯盗窃罪，于1999年6月3日被判处有期徒刑一年；因犯盗窃罪，于2006年8月11日被判处拘役三个月，罚金人民币一千元。现因涉嫌犯诈骗罪，于2019年1月27日被羁押，同年3月5日被逮捕，现羁押于北京市海淀区看守所。 指定辩护人王占军，北京乐通律师事务所律师。 北京市海淀区人民检察院以京海检一部刑诉（2019）296号起诉书指控被告人陆远东犯诈骗罪，于2019年5月31日向本院提起公诉。本院依法组成合议庭，公开开庭审理了本案。北京市海淀区人民检察院指派检察员杨亚东出庭支持公诉，被告人陆远东及其辩护人到庭参加诉讼，现已审理终结。 北京市海淀区人民检察院指控，2016年5月至2017年8月，被告人陆远东在本市海淀区上地辉煌国际大厦等地，以帮助被害人办理学历证书、国家技术职称等需要费用的名义，骗取侯某等7名被害人共计人民币209500元，涉案钱款均未起获。具体事实如下： （一）2016年5月至12月，被告人陆远东以帮忙办理学历证书、高级工程师职称需要费用的名义，骗取被害人侯某人民币70000元； （二）2016年9月至11月，被告人陆远东以帮忙办理建筑职称、会计职称需要费用的名义，骗取被害人赵某人民币39000元； （三）2016年9月，被告人陆远东以帮忙办理高级工程师职称需要费用的名义，骗取被害人王某人民币16000元； （四）2016年10月，被告人陆远东以帮忙办理大学学历证书需要费用的名义，骗取被害人刘某人民币28500元； （五）2017年3月，被告人陆远东以帮忙办理大专学历证书需要费用的名义，骗取被害人周某人民币16000元； （六）2017年8月，被告人陆远东以帮忙办理大学学历证书需要费用的名义，骗取被害人郅某人民币28000元； （七）2017年8月，被告人陆远东以帮忙办理大专学历证书需要费用的名义，骗取被害人房某人民币12000元。 被告人陆远东于2019年1月27日被公安机关抓获归案，后如实供述了上述犯罪事实。 针对以上事实，公诉机关向本院提交了相关的证据材料，认为被告人陆远东的行为触犯了《中华人民共和国刑法》第二百六十六条，已构成诈骗罪，数额巨大，提请本院依法对被告人陆远东定罪处罚。 被告人陆远东对起诉书指控的犯罪事实及罪名均未提出异议。其辩护人认为，被告人陆远东认罪认罚，有坦白的情节，且被害人系想通过非正常方式取得学历证书，对造成被告人犯罪具有一定过错。综上，建议对其从宽处罚。 经审理查明，2016年5月至2017年8月，被告人陆远东在本市海淀区上地辉煌国际大厦等地，以帮助被害人办理学历证书、国家技术职称等需要费用的名义，骗取侯某等7名被害人共计人民币209500元，涉案钱款均未起获。具体事实如下： （一）2016年5月至12月，被告人陆远东以帮忙办理学历证书、高级工程师职称需要费用的名义，骗取被害人侯某人民币70000元； （二）2016年9月至11月，被告人陆远东以帮忙办理建筑职称、会计职称需要费用的名义，骗取被害人赵某人民币39000元； （三）2016年9月，被告人陆远东以帮忙办理高级工程师职称需要费用的名义，骗取被害人王某人民币16000元； （四）2016年10月，被告人陆远东以帮忙办理大学学历证书需要费用的名义，骗取被害人刘某人民币28500元； （五）2017年3月，被告人陆远东以帮忙办理大专学历证书需要费用的名义，骗取被害人周某人民币16000元； （六）2017年8月，被告人陆远东以帮忙办理大学学历证书需要费用的名义，骗取被害人郅某人民币28000元； （七）2017年8月，被告人陆远东以帮忙办理大专学历证书需要费用的名义，骗取被害人房某人民币12000元。 被告人陆远东于2019年1月27日被公安机关抓获归案，后如实供述了上述犯罪事实。现涉案钱款未退赔。 庭审过程中，公诉人当庭宣读、出示了公安机关在侦查阶段依法收集、调取的被告人陆远东的供述，被害人侯某、赵某、王某、刘某、周某、郅某、房某的陈述，证人樊某、龚某的证言，微信聊天记录，银行账户交易明细，微信转账记录，证明，刑事判决书，受案登记表，到案经过等证据。 经法庭质证，被告人陆远东及其辩护人对上述控方证据没有提出异议。控方提交的证据形式及来源合法，内容客观真实，对其证明效力，本院予以确认。 本院认为，被告人陆远东以非法占有为目的，虚构事实，骗取他人财物，数额巨大，其行为已构成诈骗罪，应予惩处。北京市海淀区人民检察院指控被告人陆远东犯有诈骗罪的事实清楚，证据确实充分，指控罪名成立。鉴于被告人陆远东归案后能如实供述犯罪事实，认罪认罚，本院依法对其从轻处罚。辩护人的辩护意见，本院酌予采纳。依照《中华人民共和国刑法》第二百六十六条、第六十七条第三款、第五十三条第一款、第六十四条之规定，判决如下： 一、被告人陆远东犯诈骗罪，判处有期徒刑四年，罚金人民币四万元。 （刑期从判决执行之日起计算；判决执行以前先行羁押的，羁押一日折抵刑期一日，即自2019年1月27日起至2023年1月26日止；罚金限自本判决生效之次日起十日内缴纳。） 二、责令被告人陆远东退赔人民币二十万九千五百元，发还各被害人。 如不服本判决，可在接到判决书的第二日起十日内，通过本院或者直接向北京市第一中级人民法院提出上诉。书面上诉的，应提交上诉状正本一份，副本一份。 审判长尹鹏展 人民陪审员王群利 人民陪审员赵卫民 二○一九年八月三十日 书记员谢思凡",
  "writId": "046e1517049f418e68a80139d6ff0adc468",
  "writName": "陆远东诈骗一审刑事判决书",
  "cid": 9799,
  "crime": [
    "诈骗罪"
  ]
}