{
  "ajId": "f6300f37-2b14-4aca-8c43-75f25f80a0d1",
  "ajName": "刘赤良走私、贩卖、运输、制造毒品一案",
  "ajjbqk": " 公诉机关指控：2017年11月21日15时许，被告人刘赤良携带1小包毒品，去到广州市增城区石滩镇麻车村下围九亩顶七巷11号巷口，以人民币450元贩卖给他人后，被告人刘赤良被民警现场抓获。现场缴获疑似毒品1小包（净重0.91克），涉案手机1台。随后，民警在被告人刘赤良居住处查获疑似毒品1小包（净重1.05克）。经鉴定：缴获的两小包疑似毒品共净重1.96克，均检出海洛因成分。 公诉机关认为，被告人刘赤良的行为已触犯了《中华人民共和国刑法》第三百四十七条的规定，犯罪事实清楚，证据确实、充分，应当以贩卖毒品罪追究其刑事责任。被告人刘赤良归案后如实供述自己的罪行，依法可以从轻处罚。提请本院依法判处，并建议对被告人刘赤良在有期徒刑十个月至一年二个月的幅度量刑，并处罚金1000元至3000元。 上述事实，被告人刘赤良在开庭审理过程中无异议，并有1．受案登记表、立案决定书、抓获经过；2．勘查号：K4401187200002017110003号现场勘验笔录、提取痕迹和物证登记表、现场图及现场照片；3．公安机关出具的搜查证、扣押决定书、扣押清单；4．穗增公（司）鉴（理化）字［2017］00473号检验报告书；5．被告人刘赤良与本案的涉案人员在案发前的通话记录；6．被告人刘赤良的户籍资料及其违法劣迹材料；7．证人姚某的证言及其辨认被告人刘赤良的笔录和照片，并指认被缴获毒品的照片、其与被告人刘赤良交易毒品的微信转账记录；8．被告人刘赤良的供述及其指认向其购买毒品的姚某的笔录和照片，指认现场、毒品、作案工具手机及交易毒品微信转账记录等证据证实，足以认定。 ",
  "cpfxgc": "本院认为，被告人刘赤良无视国家法律，贩卖毒品海洛因，其行为已构成贩卖毒品罪。公诉机关指控被告人刘赤良犯贩卖毒品罪的事实清楚，证据确实、充分，罪名成立，本院予以支持。公诉机关提出对被告人刘赤良的量刑意见与被告人的罪责相适应，本院予以采纳。被告人刘赤良有违法劣迹，酌情从重处罚。被告人刘赤良归案后如实供述自己的罪行，依法可以从轻处罚。依照《中华人民共和国刑法》第三百四十七条第一款和第四款、第五十二条、第五十三条、第六十四条，最高人民法院《关于适用财产刑若干问题的规定》第二条、第五条之规定，判决如下：",
  "pjjg": " 一、被告人刘赤良犯贩卖毒品罪，判处有期徒刑十个月，并处罚金人民币二千元。 （刑期从判决执行之日起计算。判决执行以前先行羁押的，羁押一日折抵刑期一日，即自2017年11月21日起至2018年9月20日止。罚金自本判决发生法律效力后三个月内向本院一次缴纳，上缴国库。） 二、缴获的毒品海洛因1.96克予以没收销毁；缴获的作案工具手机1台予以没收，上缴国库。（均由广州市公安局增城区分局执行） 如不服本判决，可在接到判决书的第二日起十日内，通过本院或者直接向广州市中级人民法院提出上诉，书面上诉的，应当提交上诉状正本一份，副本二份。",
  "qw": "广东省广州市增城区人民法院 刑事判决书 （2018）粤0118刑初202号 公诉机关广东省广州市增城区人民检察院。 被告人刘赤良，绰号“欧佛”，男，1982年2月24日出生于广州市增城区，汉族，文化程度初中，户籍地址广州市增城区。2015年6月24日因吸毒被行政拘留十五日。因本案于2017年11月21日被羁押，次日被刑事拘留，同年12月19日被逮捕。现被押于广东省广州市增城区看守所。 广东省广州市增城区人民检察院以穗增检诉刑诉［2018］257号起诉书指控被告人刘赤良犯贩卖毒品罪，于2018年2月27日向本院提起公诉。本院受理后，依法适用简易程序，实行独任审判，公开开庭审理了本案。广东省广州市增城区人民检察院指派检察员唐华出庭支持公诉，被告人刘赤良到庭参加诉讼。本案现已审理终结。 公诉机关指控：2017年11月21日15时许，被告人刘赤良携带1小包毒品，去到广州市增城区石滩镇麻车村下围九亩顶七巷11号巷口，以人民币450元贩卖给他人后，被告人刘赤良被民警现场抓获。现场缴获疑似毒品1小包（净重0.91克），涉案手机1台。随后，民警在被告人刘赤良居住处查获疑似毒品1小包（净重1.05克）。经鉴定：缴获的两小包疑似毒品共净重1.96克，均检出海洛因成分。 公诉机关认为，被告人刘赤良的行为已触犯了《中华人民共和国刑法》第三百四十七条的规定，犯罪事实清楚，证据确实、充分，应当以贩卖毒品罪追究其刑事责任。被告人刘赤良归案后如实供述自己的罪行，依法可以从轻处罚。提请本院依法判处，并建议对被告人刘赤良在有期徒刑十个月至一年二个月的幅度量刑，并处罚金1000元至3000元。 上述事实，被告人刘赤良在开庭审理过程中无异议，并有1．受案登记表、立案决定书、抓获经过；2．勘查号：K4401187200002017110003号现场勘验笔录、提取痕迹和物证登记表、现场图及现场照片；3．公安机关出具的搜查证、扣押决定书、扣押清单；4．穗增公（司）鉴（理化）字［2017］00473号检验报告书；5．被告人刘赤良与本案的涉案人员在案发前的通话记录；6．被告人刘赤良的户籍资料及其违法劣迹材料；7．证人姚某的证言及其辨认被告人刘赤良的笔录和照片，并指认被缴获毒品的照片、其与被告人刘赤良交易毒品的微信转账记录；8．被告人刘赤良的供述及其指认向其购买毒品的姚某的笔录和照片，指认现场、毒品、作案工具手机及交易毒品微信转账记录等证据证实，足以认定。 本院认为，被告人刘赤良无视国家法律，贩卖毒品海洛因，其行为已构成贩卖毒品罪。公诉机关指控被告人刘赤良犯贩卖毒品罪的事实清楚，证据确实、充分，罪名成立，本院予以支持。公诉机关提出对被告人刘赤良的量刑意见与被告人的罪责相适应，本院予以采纳。被告人刘赤良有违法劣迹，酌情从重处罚。被告人刘赤良归案后如实供述自己的罪行，依法可以从轻处罚。依照《中华人民共和国刑法》第三百四十七条第一款和第四款、第五十二条、第五十三条、第六十四条，最高人民法院《关于适用财产刑若干问题的规定》第二条、第五条之规定，判决如下： 一、被告人刘赤良犯贩卖毒品罪，判处有期徒刑十个月，并处罚金人民币二千元。 （刑期从判决执行之日起计算。判决执行以前先行羁押的，羁押一日折抵刑期一日，即自2017年11月21日起至2018年9月20日止。罚金自本判决发生法律效力后三个月内向本院一次缴纳，上缴国库。） 二、缴获的毒品海洛因1.96克予以没收销毁；缴获的作案工具手机1台予以没收，上缴国库。（均由广州市公安局增城区分局执行） 如不服本判决，可在接到判决书的第二日起十日内，通过本院或者直接向广州市中级人民法院提出上诉，书面上诉的，应当提交上诉状正本一份，副本二份。 审判员赖肖云 二〇一八年三月十九日 书记员刘衡芳 附相关法条： 《中华人民共和国刑法》 第三百四十七条第一款：走私、贩卖、运输、制造毒品，无论数量多少，都应当追究刑事责任，予以刑事处罚。 第三百四十七条第四款：走私、贩卖、运输、制造鸦片不满二百克、海洛因或者甲基苯丙胺不满十克或者其他少量毒品的，处三年以下有期徒刑、拘役或者管制，并处罚金；情节严重的，处三年以上七年以下有期徒刑，并处罚金。 第五十二条：判处罚金，应当根据犯罪情节决定罚金数额。 第五十三条：罚金在判决指定的期限内一次或者分期缴纳。期满不缴纳的，强制缴纳。对于不能全部缴纳罚金的，人民法院在任何时候发现被执行人有可以执行的财产，应当随时追缴。如果由于遭遇不能抗拒的灾祸缴纳确实有困难的，可以酌情减少或者免除。 第六十四条：犯罪分子违法所得的一切财物，应当予以追缴或者责令退赔；对被害人的合法财产，应当及时返还；违禁品和供犯罪所用的本人财物，应当予以没收。没收的财物和罚金，一律上缴国库，不得挪用和自行处理。",
  "writId": "0077523662fbdd5f2d5a603192282090ff2",
  "writName": "刘赤良走私、贩卖、运输、制造毒品一审刑事判决书",
  "cid": 11686,
  "crime": [
    "贩卖毒品罪"
  ]
}