{
  "ajId": "85fc23d7-617b-4cad-a93c-0f8fdb170604",
  "ajName": "韩某某故意伤害罪、危险驾驶罪一案",
  "ajjbqk": " 呼和浩特市新城区人民检察院指控：2014年4月19日6时30分许，被害人张某某驾驶银灰色面包车，在本市新城区海东路由西向东行驶至曙光培训大厦门前时，与同向行驶的被告人韩某某驾驶的小客车发生碰撞，造成道路交通事故。后被告人韩某某伙同安某某、冯某某殴打被害人张某某致其受伤。经鉴定，被害人张某某腰椎损伤构成轻伤，面部损伤构成轻微伤。经鉴定，被告人韩某某驾车时血液酒精含量为101.81mg／100ml，系醉酒驾驶机动车。 针对上述指控，公诉人当庭宣读、出示了被害人的报案材料及陈述、被告人的供述、证人证言、鉴定意见、书证等。公诉机关认为，被告人韩某某醉酒后驾驶机动车在道路上行驶，并伙同被告人安某某、冯某某故意伤害他人身体，致被害人张某某腰椎轻伤、面部轻微伤，三被告人的行为分别触犯了《中华人民共和国刑法》第一百三十三条之一和第二百三十四条之规定，应当以危险驾驶罪和故意伤害罪追究被告人韩某某的刑事责任。以故意伤害罪追究被告人安某某、冯某某的刑事责任，三被告人共同实施故意伤害犯罪，同时适用《中华人民共和国刑法》第二十五条第一款之规定，被告人韩某某一人犯数罪，同时适用《中华人民共和国刑法》第六十九条之规定。 被告人韩某某、安某某、冯某某对起诉书的指控予以承认。三被告人的辩护人辩称：被害人虽然身体受到伤害，但事件的起因是由于被害人的过错在先造成的；二、三被告人认罪态度较好，积极赔偿辩护人的经济损失，有悔罪表现， 经审理查明：2014年4月19日6时30分许，被害人张某某驾驶蒙银灰色面包车，在本市新城区海东路由西向东行驶至曙光培训大厦门前时，与同向行驶的被告人韩某某驾驶的小客车发生碰撞，造成道路交通事故。后被告人韩某某伙同安某某、冯某某殴打被害人张某某致其受伤。经鉴定，被害人张某某腰椎损伤构成轻伤，面部损伤构成轻微伤。经鉴定，被告人韩某某驾车时血液酒精含量为101.81mg／100ml，系醉酒驾驶机动车。 上述事实，有下列证据证实： 1、被害人张某某的报案材料及陈述证实：2014年4月19日早驾驶车辆在曙光大厦时，被三被告人的车辆拦住，称其的车刮蹭了被告人韩某某的车，为此发生争执，被三被告人打伤的事实； 2、被告人韩某某的供述证实：2014年4月19日早5点多，其驾驶车辆在海东路由西向东行驶，张某某的车变道将其的车辆刮蹭，但车辆没有停，其与被告人安某某、冯某某联系后，将车辆逼停后与被害人发生争执，三被告人将被害人打伤的事实； 3、被告人安某某、冯某某的供述，证实2014年4月19日早晨安某某、冯某某、王某乘车回家的路上，韩某某打电话给王某，让王某逼停被害人的车辆，因被害人不承认刮蹭了韩某某的车辆，双方发生争执，三被告人殴打被害人的事实； 4、证人王某的证言，证实2014年4月19日早6点多下班回家，在新城区海东路曙光大厦门口，韩某某与面包车司机发生争执，韩某某、安某某、冯某某殴打被害人的事实； 5、证人赵某某的证言，证实2014年4月19日早晨在6时30分左右，三被告人殴打被害人的事实； 6、证人李某某的证言，证实2014年4月19日造成，在曙光大厦路边，看到三被告人殴打被害人的事实； 7、呼和浩特市公安局出具的检验鉴定书证实：被害人张某某腰椎损伤评定为轻伤二级，面部损伤评定为轻微伤； 8、呼和浩特市道路交通事故伤残评定委员会血液酒精含量分析报告及鉴定结论书证实：韩某某血液中酒精含量101.81mg／100ml，系醉酒驾车； 9、呼和浩特市公安局交通管理支队交通管理新城大队道路交通事故认定书证实，2014年4月19日6时09分许，张某某驾驶蒙小客车沿海东路由西向东行驶至曙光大厦大厦门前时，与同向左侧韩某某驾驶的小客车发生碰撞，张某某应负事故的全部责任； 10、书证协议书及收条证实：三被告人与被害人达成赔偿协议并已履行，得到了被害人的谅解。 以上证据来源合法，经庭审举证、质证，证据之间能够相互印证，证明本案的客观事实，本院依法予以确认。 ",
  "cpfxgc": "本院认为，被告人韩某某醉酒后驾驶机动车在道路上行驶，并伙同被告人安某某、冯某某故意伤害他人身体，致人轻伤，被告人韩某某的行为已构成危险驾驶罪和故意伤害罪。被告人安某某和冯某某的行为已构成故意伤害罪。公诉机关指控的事实和罪名成立，予以支持。被告人韩某某、安某某、冯某某在案发后认罪态度较好，并积极赔偿被害人的经济损失，得到了被害人的谅解，具有悔罪表现。三被告人的辩护人的辩护意见成立，予以采纳。依照《中华人民共和国刑法》第一百三十三条之一、第二百三十四条第一款、第二十五条第一款、第六十九条、第七十二条第一款之规定，判决如下：",
  "pjjg": " 一、被告被告人韩某某犯危险驾驶罪罪，判处拘役一个月，并处罚金人民币二千元、犯故意伤害罪，判处有期徒刑一年，决定执行有期徒刑一年缓刑二年，并处罚金人民币二千元（罚金自判决生效后十日内缴纳）； （缓刑考验期自判决确定之日起计算。） 二、被告人安某某犯故意伤害罪，判处有期徒刑一年，缓刑二年。 （缓刑考验期自判决确定之日起计算。） 三、被告人冯某某犯故意伤害罪，判处有期徒刑一年，缓刑二年。 （缓刑考验期自判决确定之日起计算。） 如不服本判决，可在接到判决书的第二日起十日内，通过本院或者直接向呼和浩特市中级人民法院提出上诉。书面上诉的，应提交上诉状正本一份，副本五份。",
  "qw": "呼和浩特市新城区人民法院 刑事判决书 （2014）新刑初字第421号 公诉机关呼和浩特市新城区人民检察院。 被告人韩某某，男，1985年10月23日出生于内蒙古自治区呼和浩特市，汉族，小学文化，无职业，户籍所在地呼和浩特市赛罕区。因涉嫌犯故意伤害罪、危险驾驶罪于2014年4月19日被取保候审。 辩护人艾国平、毛瑞平，内蒙古宏德律师事务所律师。 被告人安某某，男，1984年12月14日出生于内蒙古自治区呼和浩特市，汉族，初中文化，无职业，户籍所在地呼和浩特市赛罕区，住呼和浩特市回民区。因涉嫌犯故意伤害罪于2014年4月19日被取保候审。 辩护人王清扬，内蒙古宏德律师事务所律师。 被告人冯某某，男，1983年9月5日出生于内蒙古自治区和林格尔县，汉族，小学文化，无职业，户籍所在地内蒙古自治区和林格尔县，住呼和浩特市玉泉区。因涉嫌犯故意伤害罪于2014年4月19日被取保候审。 辩护人李文清，内蒙古宏德律师事务所律师。 呼和浩特市新城区人民检察院以新城院公诉刑诉（2014）第393号起诉书指控被告人韩某某犯故意伤害罪、危险驾驶罪，被告人安某某、冯某某犯故意伤害罪，于2014年11月4日向本院提起公诉。本院受理后，依法组成合议庭，公开开庭审理了本案。新城区人民检察院指派代理检察员刘慧娟出庭支持公诉，被告人韩某某及其辩护人毛瑞平、被告人安某某及其辩护人王清扬、被告人冯某某及其辩护人李文清到庭参加诉讼。现已审理终结。 呼和浩特市新城区人民检察院指控：2014年4月19日6时30分许，被害人张某某驾驶银灰色面包车，在本市新城区海东路由西向东行驶至曙光培训大厦门前时，与同向行驶的被告人韩某某驾驶的小客车发生碰撞，造成道路交通事故。后被告人韩某某伙同安某某、冯某某殴打被害人张某某致其受伤。经鉴定，被害人张某某腰椎损伤构成轻伤，面部损伤构成轻微伤。经鉴定，被告人韩某某驾车时血液酒精含量为101.81mg／100ml，系醉酒驾驶机动车。 针对上述指控，公诉人当庭宣读、出示了被害人的报案材料及陈述、被告人的供述、证人证言、鉴定意见、书证等。公诉机关认为，被告人韩某某醉酒后驾驶机动车在道路上行驶，并伙同被告人安某某、冯某某故意伤害他人身体，致被害人张某某腰椎轻伤、面部轻微伤，三被告人的行为分别触犯了《中华人民共和国刑法》第一百三十三条之一和第二百三十四条之规定，应当以危险驾驶罪和故意伤害罪追究被告人韩某某的刑事责任。以故意伤害罪追究被告人安某某、冯某某的刑事责任，三被告人共同实施故意伤害犯罪，同时适用《中华人民共和国刑法》第二十五条第一款之规定，被告人韩某某一人犯数罪，同时适用《中华人民共和国刑法》第六十九条之规定。 被告人韩某某、安某某、冯某某对起诉书的指控予以承认。三被告人的辩护人辩称：被害人虽然身体受到伤害，但事件的起因是由于被害人的过错在先造成的；二、三被告人认罪态度较好，积极赔偿辩护人的经济损失，有悔罪表现， 经审理查明：2014年4月19日6时30分许，被害人张某某驾驶蒙银灰色面包车，在本市新城区海东路由西向东行驶至曙光培训大厦门前时，与同向行驶的被告人韩某某驾驶的小客车发生碰撞，造成道路交通事故。后被告人韩某某伙同安某某、冯某某殴打被害人张某某致其受伤。经鉴定，被害人张某某腰椎损伤构成轻伤，面部损伤构成轻微伤。经鉴定，被告人韩某某驾车时血液酒精含量为101.81mg／100ml，系醉酒驾驶机动车。 上述事实，有下列证据证实： 1、被害人张某某的报案材料及陈述证实：2014年4月19日早驾驶车辆在曙光大厦时，被三被告人的车辆拦住，称其的车刮蹭了被告人韩某某的车，为此发生争执，被三被告人打伤的事实； 2、被告人韩某某的供述证实：2014年4月19日早5点多，其驾驶车辆在海东路由西向东行驶，张某某的车变道将其的车辆刮蹭，但车辆没有停，其与被告人安某某、冯某某联系后，将车辆逼停后与被害人发生争执，三被告人将被害人打伤的事实； 3、被告人安某某、冯某某的供述，证实2014年4月19日早晨安某某、冯某某、王某乘车回家的路上，韩某某打电话给王某，让王某逼停被害人的车辆，因被害人不承认刮蹭了韩某某的车辆，双方发生争执，三被告人殴打被害人的事实； 4、证人王某的证言，证实2014年4月19日早6点多下班回家，在新城区海东路曙光大厦门口，韩某某与面包车司机发生争执，韩某某、安某某、冯某某殴打被害人的事实； 5、证人赵某某的证言，证实2014年4月19日早晨在6时30分左右，三被告人殴打被害人的事实； 6、证人李某某的证言，证实2014年4月19日造成，在曙光大厦路边，看到三被告人殴打被害人的事实； 7、呼和浩特市公安局出具的检验鉴定书证实：被害人张某某腰椎损伤评定为轻伤二级，面部损伤评定为轻微伤； 8、呼和浩特市道路交通事故伤残评定委员会血液酒精含量分析报告及鉴定结论书证实：韩某某血液中酒精含量101.81mg／100ml，系醉酒驾车； 9、呼和浩特市公安局交通管理支队交通管理新城大队道路交通事故认定书证实，2014年4月19日6时09分许，张某某驾驶蒙小客车沿海东路由西向东行驶至曙光大厦大厦门前时，与同向左侧韩某某驾驶的小客车发生碰撞，张某某应负事故的全部责任； 10、书证协议书及收条证实：三被告人与被害人达成赔偿协议并已履行，得到了被害人的谅解。 以上证据来源合法，经庭审举证、质证，证据之间能够相互印证，证明本案的客观事实，本院依法予以确认。 本院认为，被告人韩某某醉酒后驾驶机动车在道路上行驶，并伙同被告人安某某、冯某某故意伤害他人身体，致人轻伤，被告人韩某某的行为已构成危险驾驶罪和故意伤害罪。被告人安某某和冯某某的行为已构成故意伤害罪。公诉机关指控的事实和罪名成立，予以支持。被告人韩某某、安某某、冯某某在案发后认罪态度较好，并积极赔偿被害人的经济损失，得到了被害人的谅解，具有悔罪表现。三被告人的辩护人的辩护意见成立，予以采纳。依照《中华人民共和国刑法》第一百三十三条之一、第二百三十四条第一款、第二十五条第一款、第六十九条、第七十二条第一款之规定，判决如下： 一、被告被告人韩某某犯危险驾驶罪罪，判处拘役一个月，并处罚金人民币二千元、犯故意伤害罪，判处有期徒刑一年，决定执行有期徒刑一年缓刑二年，并处罚金人民币二千元（罚金自判决生效后十日内缴纳）； （缓刑考验期自判决确定之日起计算。） 二、被告人安某某犯故意伤害罪，判处有期徒刑一年，缓刑二年。 （缓刑考验期自判决确定之日起计算。） 三、被告人冯某某犯故意伤害罪，判处有期徒刑一年，缓刑二年。 （缓刑考验期自判决确定之日起计算。） 如不服本判决，可在接到判决书的第二日起十日内，通过本院或者直接向呼和浩特市中级人民法院提出上诉。书面上诉的，应提交上诉状正本一份，副本五份。 审判长云彩琴 审判员王芳 人民陪审员李桂林 二〇一五年二月二十六日 书记员武红霞",
  "writId": "060d36fb01a168394c8ca27bd1ef9871982",
  "writName": "韩某某故意伤害罪、危险驾驶罪一审刑事判决书",
  "cid": 12847,
  "crime": [
    "危险驾驶罪",
    "故意伤害罪"
  ]
}