{
  "ajId": "ca52dfab-2667-4113-8399-f1576ae54713",
  "ajName": "叶某污染环境罪一案",
  "ajjbqk": " 经审理查明： 2013年10月20日左右以来，被告人叶某在永康市石柱镇新店村麒麟复合制品公司租用电镀车间从事电镀生产加工业务过程中，有废水处理设施处理闲置不用，直接将生产作业中产生的废水排入厂外周边环境。 2013年10月30日，永康市环境保护局从该车间生产废水排放口位置提取水样。经检测，该水样中重金属铬、镍的浓度分别超过国家污染物排放标准20倍、47倍，属于严重污染环境。 上述事实，被告人叶某在开庭审理过程中亦无异议，并有被告人叶某的供述、证人杨某、朱某的证言、现场勘查笔录及检测报告、关于永环检（2013）水字第883号检测报告的认可意见、扣押笔录及照片、扣押决定书、现场勘验检查笔录及现场照片、情况说明、身份证明、到案经过等证据证实，足以认定。 ",
  "cpfxgc": "本院认为，被告人叶某违反国家规定，在生产经营过程中随意排放有毒有害物质，严重污染环境，其行为已构成污染环境罪。公诉机关指控的罪名成立，提请本院依法判处被告人叶某的意见，予以支持。被告人叶某归案后能如实供述自己的罪行，依法予以从轻处罚。为维护社会秩序，保障国家防治环境污染的管理制度，依照《中华人民共和国刑法》第三百三十八条、第六十七条第三款、第五十二条、第五十三条、第六十四条的规定，判决如下：",
  "pjjg": " 被告人叶某犯污染环境罪，判处有期徒刑一年六个月，并处罚金人民币一万五千元（刑期从判决执行之日起计算，判决执行以前先行羁押的，羁押一日折抵刑期一日，即自2013年10月31日起至2015年4月30日止。罚金限本判决发生法律效力之日起三十日内缴纳，上缴国库）。 如不服本判决，可在接到判决书的第二日起十日内，通过本院或者直接向浙江省金华市中级人民法院提出上诉。书面上诉的应当提交上诉状正本一份，副本二份。",
  "qw": "浙江省永康市人民法院 刑事判决书 （2014）金永刑初字第49号 公诉机关浙江省永康市人民检察院。 被告人叶某。2013年10月31日因本案被永康市公安局刑事拘留，同年11月14日被依法逮捕。现羁押于永康市看守所。 永康市人民检察院以永检刑诉（2014）21号起诉书，指控被告人叶某犯污染环境罪，于2013年12月31日向本院提起公诉。本院依法适用简易程序，实行独任审判，公开开庭审理了本案。永康市人民检察院指派代理检察员胡婷婷出庭支持公诉，被告人叶某到庭参加诉讼。现已审理终结。 经审理查明： 2013年10月20日左右以来，被告人叶某在永康市石柱镇新店村麒麟复合制品公司租用电镀车间从事电镀生产加工业务过程中，有废水处理设施处理闲置不用，直接将生产作业中产生的废水排入厂外周边环境。 2013年10月30日，永康市环境保护局从该车间生产废水排放口位置提取水样。经检测，该水样中重金属铬、镍的浓度分别超过国家污染物排放标准20倍、47倍，属于严重污染环境。 上述事实，被告人叶某在开庭审理过程中亦无异议，并有被告人叶某的供述、证人杨某、朱某的证言、现场勘查笔录及检测报告、关于永环检（2013）水字第883号检测报告的认可意见、扣押笔录及照片、扣押决定书、现场勘验检查笔录及现场照片、情况说明、身份证明、到案经过等证据证实，足以认定。 本院认为，被告人叶某违反国家规定，在生产经营过程中随意排放有毒有害物质，严重污染环境，其行为已构成污染环境罪。公诉机关指控的罪名成立，提请本院依法判处被告人叶某的意见，予以支持。被告人叶某归案后能如实供述自己的罪行，依法予以从轻处罚。为维护社会秩序，保障国家防治环境污染的管理制度，依照《中华人民共和国刑法》第三百三十八条、第六十七条第三款、第五十二条、第五十三条、第六十四条的规定，判决如下： 被告人叶某犯污染环境罪，判处有期徒刑一年六个月，并处罚金人民币一万五千元（刑期从判决执行之日起计算，判决执行以前先行羁押的，羁押一日折抵刑期一日，即自2013年10月31日起至2015年4月30日止。罚金限本判决发生法律效力之日起三十日内缴纳，上缴国库）。 如不服本判决，可在接到判决书的第二日起十日内，通过本院或者直接向浙江省金华市中级人民法院提出上诉。书面上诉的应当提交上诉状正本一份，副本二份。 审判员胡永恒 二〇一四年一月八日 代书记员刘露露",
  "writId": "01801af772d21b75b4ba44b58aea25f3e8f",
  "writName": "叶某污染环境罪一审刑事判决书",
  "cid": 15614,
  "crime": [
    "污染环境罪"
  ]
}