{
  "ajId": "c34f6f7f-abd1-4afa-84c7-ac1f8040f75b",
  "ajName": "程某某危险驾驶罪一案",
  "ajjbqk": " 公诉机关指控：2016年9月8日18时许，被告人程某某醉酒驾驶×××普通低速货车沿G303线自西向东行驶至巴林左旗G303线869KM＋630M处，与李某某驾驶的重型自卸货车发生碰撞，致程某某受伤，两车不同程度损坏的道路交通事故。经巴林左旗公安局交通警察大队认定，被告人程某某承担此次事故的次要责任，李某某承担此次事故的主要责任。经人体血液乙醇含量检验鉴定，被告人程某某血液中乙醇含量为95.29mg／lOOml，属醉酒。经法医鉴定，被告人程某某的腹部及左膝关节损伤均评定为重伤二级，左股骨骨折及右掌骨骨折均评定为轻伤二级，面部损伤评定为轻微伤。经查询，被告人程某某已经取得机动车驾驶证，准驾车型为C3。 案发后，被告人程某某如实供述了自己的罪行。 经审理另查明，在庭审时，被告人程某某因交通事故所受到的损伤仍未痊愈，对所造成的损失已向本院另行提起民事诉讼。 上述事实，被告人在庭审中亦无异议，并有书证归案情况说明、接处警登记表、立案决定书、涉嫌酒后驾车驾驶人血样提取登记表、中止交通事故认定报告、道路交通事故认定书、机动车查询结果、车辆信息、驾驶证信息、公安交通管理行政强制措施 凭证、扣押清单、户籍信息、办案说明；证人李某某、董某某、邱某某、娜某某的证言；鉴定意见人体血液乙醇含量检验报告、法医学人体损伤程度鉴定书；道路交通事故现场勘查笔录、现场图、现场照片、车体痕迹勘验笔录；被告人程某某的供述等证据证实，足以认定。 ",
  "cpfxgc": "本院认为，被告人程某某醉酒后驾驶机动车上路行驶，其行为已构成危险驾驶罪。被告人程某某到案后如实供述自己的罪行，具有认罪悔罪表现，可以从轻处罚。公诉机关指控的犯罪事实清楚，证据确实、充分，罪名成立，本院予以采纳。鉴于被告人程某某的犯罪情节、悔罪表现、没有再犯罪危险，宣告缓刑对所居住社区没有重大不良影响。依照《中华人民共和国刑法》第一百三十三条之一第一款第（二）项、第五十二条、第五十三条、第六十七条第三款、第七十二条第一款、第三款、第七十三条第一款、第三款之规定，判决如下：",
  "pjjg": " 被告人程某某犯危险驾驶罪，判处拘役一个月，缓刑二个月，并处罚金人民币五千元。 （缓刑考验期限，从判决确定之日起计算，罚金限判决生效后十日内缴纳）。 如不服本判决，可在接到判决书的第二日起十日内，通过本院或者直接向赤峰市中级人民法院提出上诉。书面上诉的，应当提交上诉状正本一份，副本二份。",
  "qw": "程某某危险驾驶罪一审刑事判决书 内蒙古自治区巴林左旗人民法院 刑事判决书 （2017）内0422刑初53号 公诉机关内蒙古自治区巴林左旗人民检察院。 被告人程某某，现住址内蒙古赤峰市。因涉嫌危险驾驶罪，于2016年10月8日，被内蒙古自治区赤峰市巴林左旗公安局取保候审于居住地，于2017年5月2日，经本院决定，被内蒙古自治区赤峰市巴林左旗公安局取保候审于居住地。 内蒙古自治区巴林左旗人民检察院以左检刑诉（2017）52号起诉书指控被告人程某某犯危险驾驶罪，于2017年5月2日向本院提起公诉，本院于同日立案，征得被告人同意，依法适用简易程序，实行独任审判，公开开庭审理了本案。巴林左旗人民检察院指派检察员何万乐、李文东出庭支持公诉，被告人程某某到庭参加了诉讼。本案现已审理终结。 公诉机关指控：2016年9月8日18时许，被告人程某某醉酒驾驶×××普通低速货车沿G303线自西向东行驶至巴林左旗G303线869KM＋630M处，与李某某驾驶的重型自卸货车发生碰撞，致程某某受伤，两车不同程度损坏的道路交通事故。经巴林左旗公安局交通警察大队认定，被告人程某某承担此次事故的次要责任，李某某承担此次事故的主要责任。经人体血液乙醇含量检验鉴定，被告人程某某血液中乙醇含量为95.29mg／lOOml，属醉酒。经法医鉴定，被告人程某某的腹部及左膝关节损伤均评定为重伤二级，左股骨骨折及右掌骨骨折均评定为轻伤二级，面部损伤评定为轻微伤。经查询，被告人程某某已经取得机动车驾驶证，准驾车型为C3。 案发后，被告人程某某如实供述了自己的罪行。 经审理另查明，在庭审时，被告人程某某因交通事故所受到的损伤仍未痊愈，对所造成的损失已向本院另行提起民事诉讼。 上述事实，被告人在庭审中亦无异议，并有书证归案情况说明、接处警登记表、立案决定书、涉嫌酒后驾车驾驶人血样提取登记表、中止交通事故认定报告、道路交通事故认定书、机动车查询结果、车辆信息、驾驶证信息、公安交通管理行政强制措施 凭证、扣押清单、户籍信息、办案说明；证人李某某、董某某、邱某某、娜某某的证言；鉴定意见人体血液乙醇含量检验报告、法医学人体损伤程度鉴定书；道路交通事故现场勘查笔录、现场图、现场照片、车体痕迹勘验笔录；被告人程某某的供述等证据证实，足以认定。 本院认为，被告人程某某醉酒后驾驶机动车上路行驶，其行为已构成危险驾驶罪。被告人程某某到案后如实供述自己的罪行，具有认罪悔罪表现，可以从轻处罚。公诉机关指控的犯罪事实清楚，证据确实、充分，罪名成立，本院予以采纳。鉴于被告人程某某的犯罪情节、悔罪表现、没有再犯罪危险，宣告缓刑对所居住社区没有重大不良影响。依照《中华人民共和国刑法》第一百三十三条之一第一款第（二）项、第五十二条、第五十三条、第六十七条第三款、第七十二条第一款、第三款、第七十三条第一款、第三款之规定，判决如下： 被告人程某某犯危险驾驶罪，判处拘役一个月，缓刑二个月，并处罚金人民币五千元。 （缓刑考验期限，从判决确定之日起计算，罚金限判决生效后十日内缴纳）。 如不服本判决，可在接到判决书的第二日起十日内，通过本院或者直接向赤峰市中级人民法院提出上诉。书面上诉的，应当提交上诉状正本一份，副本二份。 审判员刘景林 二〇一七年五月十九日 书记员刘磊 ",
  "writId": "0046e3a2076272d116a98f0954fe4604935",
  "writName": "程某某危险驾驶罪一审刑事判决书",
  "cid": 16875,
  "crime": [
    "危险驾驶罪",
    "交通肇事罪"
  ]
}