{
  "ajId": "018774cd-19db-4e1b-9351-9b114d61e836",
  "ajName": "彭峰盗窃罪一案",
  "ajjbqk": " 被告人彭峰的行为已构成盗窃罪，建议判处有期徒刑六个月，并处罚金人民币二千元。被告人彭峰对此无异议，并签署具结书。 ",
  "cpfxgc": "经本院审理，本案事实清楚，证据充分。依照《中华人民共和国刑法》第二百六十四条，第六十七条第三款，第五十二条，第五十三条之规定，判决如下：",
  "pjjg": " 被告人彭峰犯盗窃罪，判处有期徒刑六个月，并处罚金人民币二千元（限于判决生效后十日内缴纳）。 （刑期从判决执行之日起计算，判决执行以前先行羁押的，羁押一日折抵刑期一日。即执行刑期自2017年2月14日起至2017年8月13日止） 如不服本判决，可在接到判决书的次日起十日内，通过本院或者直接向重庆市第三中级人民法院上诉。书面上诉的，应当提交上诉状正本一份，副本二份。",
  "qw": "重庆市涪陵区人民法院 刑事判决书 （2017）渝0102刑初145号 公诉机关重庆市涪陵区人民检察院。 被告人彭峰，男，1971年6月27日于重庆市涪陵区，住重庆市涪陵区。因犯盗窃罪，2004年9月29日被重庆市涪陵区人民法院判处有期徒刑七个月，2005年3月23日刑满释放；因吸食毒品，2017年2月4日被重庆市涪陵区公安局行政拘留十日，2017年2月14日被重庆市涪陵区公安局决定强制隔离戒毒两年。因涉嫌犯盗窃罪，2017年2月14日被重庆市涪陵区公安局刑事拘留，经重庆市涪陵区人民检察院批准，2017年2月28日由重庆市涪陵区公安局执行逮捕。现羁押于重庆市涪陵区看守所。 公诉机关以渝涪检公诉刑诉（2017）95号起诉书指控：2017年2月3日14时许，被告人彭峰来到重庆市涪陵区南门山金科广场某超市收银台附近，趁被害人夏某不备，从其上衣口袋内扒窃一部价值人民币3096元的苹果6splus手机后离开。2017年2月4日，公安机关将被告人彭峰抓获，从其身上查获被盗手机并返还给被害人夏某。被告人彭峰到案后如实供述上述犯罪事实。 被告人彭峰的行为已构成盗窃罪，建议判处有期徒刑六个月，并处罚金人民币二千元。被告人彭峰对此无异议，并签署具结书。 经本院审理，本案事实清楚，证据充分。依照《中华人民共和国刑法》第二百六十四条，第六十七条第三款，第五十二条，第五十三条之规定，判决如下： 被告人彭峰犯盗窃罪，判处有期徒刑六个月，并处罚金人民币二千元（限于判决生效后十日内缴纳）。 （刑期从判决执行之日起计算，判决执行以前先行羁押的，羁押一日折抵刑期一日。即执行刑期自2017年2月14日起至2017年8月13日止） 如不服本判决，可在接到判决书的次日起十日内，通过本院或者直接向重庆市第三中级人民法院上诉。书面上诉的，应当提交上诉状正本一份，副本二份。 审判员王天余 二〇一七年三月二十七日 书记员袁毓",
  "writId": "0064f40cda0bb83993f2908b78a91170e41",
  "writName": "彭峰盗窃罪一审刑事判决书",
  "cid": 17216,
  "crime": [
    "盗窃罪"
  ]
}