{
  "ajId": "ac7b1a93-2966-41cb-8d75-3f69e81a2a30",
  "ajName": "冯元慧走私、贩卖、运输、制造毒品罪一案",
  "ajjbqk": " 靖州县人民检察院指控：2017年12月1日10时许，被告人冯元慧在靖州县艮山口乡下乡村三组自己家中卧室里以人民币50元的价格贩卖了一个毒品海洛因小包子给田某，随后靖州县公安局民警接到举报后赶到被告人冯元慧家中，将其抓获归案，并从其住处和衣服内搜查出海洛因11.31克、甲基苯丙胺（冰毒）0.75克。 认定上述事实的证据如下： 1、物证：海洛因包子49个、甲基苯丙胺包子2个（均为照片）； 2、书证：常住人口基本信息、行政处罚决定书、扣押决定书及扣押物品清单、到案经过； 3、证人田某、李某的证言； 4、被告人冯元慧的供述与辩解； 5、鉴定意见； 6、现场勘验检查、搜查、称重、抽样等笔录； 7、视听资料。 公诉机关认为被告人冯元慧以50元的价格贩卖了一个毒品海洛因小包，并从其住处和衣服内搜查出了海洛因11.31克、甲基苯丙胺0.75克，其行为已触犯了《中华人民共和国刑法》第三百四十七条第一、三款的规定，犯罪事实清楚，证据确实充分，应以贩卖毒品罪追究其刑事责任。提请本院依法判处。 被告人冯元慧在法庭上对从其住处和衣服内搜查出的毒品种类、称重数量、鉴定意见等物证、书证没有异议；但辩称，否认贩卖了一个毒品海洛因小包给田某，其在侦查阶段的供述是在诱迫的情况所作，视听资料不必播放，提出证人的证言系伪证，但未提交证明其罪轻或无罪的证据，并认为其只构成非法持有毒品罪，请求从轻处罚。 经审理查明，公诉机关指控被告人冯元慧的犯罪事实与本庭查明的一致。 上述事实，有下列经过庭审质证且查证属实的证据证明： 1、接报案登记表、立案决定书，证明本案的来源及立案时间。 2、常住人口基本信息，证明被告人冯元慧的出生日期及其他身份信息。 3、搜查笔录及照片，证明2017年12月1日10时40分至10时55分，侦查人员依法对被告人冯元慧的住所及人身进行搜查；经搜查，在冯元慧的外衣口袋里搜出一个黄鹤楼牌香烟铁盒，内装18个用透明塑料封口袋包装的疑似毒品海洛因包子及1个用透明塑料封口袋包装的疑似毒品“冰毒”包子；在其卧室里的电热板旁搜出一白色“吡拉西坦片”塑料药瓶，内装30个用透明塑料封口袋包装的疑似毒品海洛因包子及1个用透明塑料封口袋包装的疑似毒品“冰毒”包子；在其卧室电热板上摆放的桌子上搜出1个用透明塑料封口袋包装的疑似毒品海洛因包子及吸毒用的打火机、“壶壶”；在其卧室床头搜出一钱包，内有现金人民币3402元；侦查人员依法对在场的吸毒人员田某（本案证人）人身进行搜查，在田某的衣服口袋里搜出人民币50元现金，其中3张10元票额、4张5元票额。 4、扣押物品文件清单、扣押决定书、发还物品文件清单，证明2017年12月1日公安机关依法对被告人冯元慧持有的48个疑似毒品海洛因包子、2个甲基苯丙胺包子、人民币3402元予以扣押，对田某持有吸剩的1个疑似毒品海洛因包子及人民币50月（3张10元票额、4张5元票额）予以扣押；2017年12月2日对被告人冯元慧的现金人民币3302元予以发还。 5、公安行政处罚决定书，证明因被告人冯元慧吸毒，2017年12月1日靖州县公安局对被告人冯元慧作出合并执行行政拘留二十日，并处罚款人民币1000元的决定。 6、到案经过，证明2017年12月1日10时许，靖州县公安民警接报后，在被告人冯元慧卧室里当场查获被告人冯元慧及在场吸毒人员田某、李某，遂依法传唤至执法办案区进行询问、讯问。 7、物证：海洛因包子49个、甲基苯丙胺包子2个（均为照片）。 8、现场勘验检查、称重、抽样等笔录及照片、鉴定事项确认书，证明案发现场被告人冯元慧住宅的房屋结构、中心现场内的家具摆放及周边环境概貌等；疑似毒品海洛因包子48个，净重11.31克；疑似毒品甲基苯丙胺包子2个，净重0.75克；田某购买被告人冯元慧吸剩的疑似毒品海洛因包子1个，净重0.03克；2017年12月4日15时许，靖州县公安民警对被告人冯元慧所持的疑似毒品进行抽样送检；2017年12月20日怀化市公安局刑事科学技术研究所受理检材样本情况，并将被告人冯元慧所持的毒品疑似物及田某购买吸剩的毒品疑似物进行编号等。 9、怀化市公安局刑事科学技术研究所怀公物鉴（理化）字［2017］1240号检验报告，证明被告人冯元慧所持毒品疑似物均检验出海洛因、甲基苯丙胺成分；田某购买吸剩的毒品疑似物检验出海洛因成分；经送达被告人冯元慧，其未提出异议。 10、视听资料，证明公安民警依法讯问被告人冯元慧及询问证人田某、李某时的情形，无违法行为。 11、证人田某的证言，证明2017年12月1日9时左右，田某在靖州县艮山口乡场上碰到李某，李某提议两人到冯元慧家中溜下冰（吸毒），田某表示同意，遂与李某一起到被告人冯元慧家中，用一张人民币100元的钞票向被告人冯元慧购买了一个人民币50元的海洛因小包，尔后冯元慧给其找回3张10元、4张5元票额的人民币，并当场在冯元慧家中吸食了部分购买的海洛因及将吸剩的海洛因放在其卧室电热板桌子上的事实。 12、证人李某的证言，证明2017年12月1日10时许，其与田某一起到被告人冯元慧家中，李某拿出自己携带的“冰毒”采取吹“壶壶”方式在冯元慧家中的电热板桌子上吸食毒品时，看到田某拿出1张100元的钱给冯元慧，冯元慧就拿了一个用透明塑料袋装着的白色粉末海洛因及找回有10元、5元票额的人民币共50元给田某；田某接回毒品和钱后，与冯元慧一起吸食了部分购买的毒品海洛因及将吸剩的海洛因放在卧室桌子上的事实。 13、被告人冯元慧的供述与辩解，证明①在侦查和审查批捕阶段：2017年12月1日10点钟左右，被告人冯元慧在家吸食毒品海洛因过程中，田某和李某来到其家中，被告人冯元慧贩卖了一个50元的海洛因小包给田某，收取田某一张100元人民币，找回给田某50元（3张10元、4张5元），将该100元钞票放入其卧室床头的黑色钱包内，共有现金人民币3402元，尔后，田某在其家吸食海洛因过程中，被公安民警抓获及公安民警从其住所和衣服内搜出的海洛因、甲基苯丙胺的事实。②在审查起诉阶段及法庭审中，被告人冯元慧否认贩卖了一个50元海洛因小包给田某的事实。 ",
  "cpfxgc": "本院认为，被告人冯元慧违反国家对毒品的管理规定，贩卖一个毒品海洛因小包，获赃款人民币50元，其行为已构成贩卖毒品罪；从其住所和衣服内查获的毒品海洛因11.31克、甲基苯丙胺0.75克，应计入被告人冯元慧所贩卖的毒品数量；公诉机关指控的罪名成立，本院予以确认。被告人冯元慧虽在侦查阶段如实供述自己的犯罪事实，但在审查起诉阶段及庭审中翻供，不具有如实供述自己犯罪事实的量刑情节；查获的毒品，应予没收；扣押的人民币100元，其中人民币50元为被告人冯元慧收取的毒资，应予追缴，另人民币50元，由公安机关退回给被告人冯元慧。 对被告人冯元慧的辩解意见，经查，被告人冯元慧在侦查及审查批捕阶段的供述与证人田某、李某的证言相互吻合，并有当场查获的（被告人冯元慧收取田某人民币100元、田某收取冯元慧找回的人民币50元）毒资及未吸完的毒品海洛因等证据相互印证，被告人冯元慧贩卖毒品的事实清楚，证据确实、充分。被告人冯元慧在审查起诉阶段及庭审中翻供，其不能合理说明翻供原因，未提供罪轻或无罪的证据，且在法庭上明确表示不需要当庭播放侦查机关的讯问视频，亦不申请非法证据排除，因此，其辩解在侦查阶段的供述是在诱迫的情况下所作及其行为只构成非法持有毒品罪，与本院查明的事实不符，理由不成立，本院不予采纳。 综上所述，依照《中华人民共和国刑法》第三百四十七条第一、三款、第六十四条、第五十二条、第五十三条的规定，判决如下：",
  "pjjg": " 一、被告人冯元慧犯贩卖毒品罪，判处有期徒刑七年六个月，并处罚金人民币一万元（刑期从判决执行之日起计算，判决执行前先行羁押的，羁押一日折抵刑期一日，即自2017年12月1日至2025年5月30日止。罚金于判决生效后十日内向本院缴纳）。 二、扣押的毒品海洛因11.31克、甲基苯丙胺0.75克，予以没收，由公安机关销毁；扣押的毒资人民币50元，予以追缴，上缴国库。 如不服本判决，可在接到判决书的第二日起十日内，通过本院或者直接向湖南省怀化市中级人民法院提出上诉。书面上诉的应当提交上诉状正本一份，副本二份。",
  "qw": "湖南省靖州苗族侗族自治县人民法院 刑事判决书 （2018）湘1229刑初17号 公诉机关靖州苗族侗族自治县人民检察院。 被告人冯元慧，外号“慧生”，男，1966年7月4日出生于靖州苗族侗族自治县，汉族，高中文化，农民，住靖州苗族侗族自治县。因涉嫌贩卖毒品罪，2017年12月1日被靖州苗族侗族自治县公安局刑事拘留，2017年12月14日经靖州苗族侗族自治县人民检察院批准、同日由靖州苗族侗族自治县公安局执行逮捕。现押于靖州苗族侗族自治县看守所。 靖州苗族侗族自治县（下称靖州县）人民检察院以靖检公刑诉（2018）第16号起诉书指控被告人冯元慧犯贩卖毒品罪，于2018年3月1日向本院提起公诉。本院受理后，依法组成合议庭，公开开庭进行了审理。靖州县人民检察院指派检察员夏某、代理检察员戈某出庭支持公诉，被告人冯元慧到庭参加诉讼。本案现已审理终结。 靖州县人民检察院指控：2017年12月1日10时许，被告人冯元慧在靖州县艮山口乡下乡村三组自己家中卧室里以人民币50元的价格贩卖了一个毒品海洛因小包子给田某，随后靖州县公安局民警接到举报后赶到被告人冯元慧家中，将其抓获归案，并从其住处和衣服内搜查出海洛因11.31克、甲基苯丙胺（冰毒）0.75克。 认定上述事实的证据如下： 1、物证：海洛因包子49个、甲基苯丙胺包子2个（均为照片）； 2、书证：常住人口基本信息、行政处罚决定书、扣押决定书及扣押物品清单、到案经过； 3、证人田某、李某的证言； 4、被告人冯元慧的供述与辩解； 5、鉴定意见； 6、现场勘验检查、搜查、称重、抽样等笔录； 7、视听资料。 公诉机关认为被告人冯元慧以50元的价格贩卖了一个毒品海洛因小包，并从其住处和衣服内搜查出了海洛因11.31克、甲基苯丙胺0.75克，其行为已触犯了《中华人民共和国刑法》第三百四十七条第一、三款的规定，犯罪事实清楚，证据确实充分，应以贩卖毒品罪追究其刑事责任。提请本院依法判处。 被告人冯元慧在法庭上对从其住处和衣服内搜查出的毒品种类、称重数量、鉴定意见等物证、书证没有异议；但辩称，否认贩卖了一个毒品海洛因小包给田某，其在侦查阶段的供述是在诱迫的情况所作，视听资料不必播放，提出证人的证言系伪证，但未提交证明其罪轻或无罪的证据，并认为其只构成非法持有毒品罪，请求从轻处罚。 经审理查明，公诉机关指控被告人冯元慧的犯罪事实与本庭查明的一致。 上述事实，有下列经过庭审质证且查证属实的证据证明： 1、接报案登记表、立案决定书，证明本案的来源及立案时间。 2、常住人口基本信息，证明被告人冯元慧的出生日期及其他身份信息。 3、搜查笔录及照片，证明2017年12月1日10时40分至10时55分，侦查人员依法对被告人冯元慧的住所及人身进行搜查；经搜查，在冯元慧的外衣口袋里搜出一个黄鹤楼牌香烟铁盒，内装18个用透明塑料封口袋包装的疑似毒品海洛因包子及1个用透明塑料封口袋包装的疑似毒品“冰毒”包子；在其卧室里的电热板旁搜出一白色“吡拉西坦片”塑料药瓶，内装30个用透明塑料封口袋包装的疑似毒品海洛因包子及1个用透明塑料封口袋包装的疑似毒品“冰毒”包子；在其卧室电热板上摆放的桌子上搜出1个用透明塑料封口袋包装的疑似毒品海洛因包子及吸毒用的打火机、“壶壶”；在其卧室床头搜出一钱包，内有现金人民币3402元；侦查人员依法对在场的吸毒人员田某（本案证人）人身进行搜查，在田某的衣服口袋里搜出人民币50元现金，其中3张10元票额、4张5元票额。 4、扣押物品文件清单、扣押决定书、发还物品文件清单，证明2017年12月1日公安机关依法对被告人冯元慧持有的48个疑似毒品海洛因包子、2个甲基苯丙胺包子、人民币3402元予以扣押，对田某持有吸剩的1个疑似毒品海洛因包子及人民币50月（3张10元票额、4张5元票额）予以扣押；2017年12月2日对被告人冯元慧的现金人民币3302元予以发还。 5、公安行政处罚决定书，证明因被告人冯元慧吸毒，2017年12月1日靖州县公安局对被告人冯元慧作出合并执行行政拘留二十日，并处罚款人民币1000元的决定。 6、到案经过，证明2017年12月1日10时许，靖州县公安民警接报后，在被告人冯元慧卧室里当场查获被告人冯元慧及在场吸毒人员田某、李某，遂依法传唤至执法办案区进行询问、讯问。 7、物证：海洛因包子49个、甲基苯丙胺包子2个（均为照片）。 8、现场勘验检查、称重、抽样等笔录及照片、鉴定事项确认书，证明案发现场被告人冯元慧住宅的房屋结构、中心现场内的家具摆放及周边环境概貌等；疑似毒品海洛因包子48个，净重11.31克；疑似毒品甲基苯丙胺包子2个，净重0.75克；田某购买被告人冯元慧吸剩的疑似毒品海洛因包子1个，净重0.03克；2017年12月4日15时许，靖州县公安民警对被告人冯元慧所持的疑似毒品进行抽样送检；2017年12月20日怀化市公安局刑事科学技术研究所受理检材样本情况，并将被告人冯元慧所持的毒品疑似物及田某购买吸剩的毒品疑似物进行编号等。 9、怀化市公安局刑事科学技术研究所怀公物鉴（理化）字［2017］1240号检验报告，证明被告人冯元慧所持毒品疑似物均检验出海洛因、甲基苯丙胺成分；田某购买吸剩的毒品疑似物检验出海洛因成分；经送达被告人冯元慧，其未提出异议。 10、视听资料，证明公安民警依法讯问被告人冯元慧及询问证人田某、李某时的情形，无违法行为。 11、证人田某的证言，证明2017年12月1日9时左右，田某在靖州县艮山口乡场上碰到李某，李某提议两人到冯元慧家中溜下冰（吸毒），田某表示同意，遂与李某一起到被告人冯元慧家中，用一张人民币100元的钞票向被告人冯元慧购买了一个人民币50元的海洛因小包，尔后冯元慧给其找回3张10元、4张5元票额的人民币，并当场在冯元慧家中吸食了部分购买的海洛因及将吸剩的海洛因放在其卧室电热板桌子上的事实。 12、证人李某的证言，证明2017年12月1日10时许，其与田某一起到被告人冯元慧家中，李某拿出自己携带的“冰毒”采取吹“壶壶”方式在冯元慧家中的电热板桌子上吸食毒品时，看到田某拿出1张100元的钱给冯元慧，冯元慧就拿了一个用透明塑料袋装着的白色粉末海洛因及找回有10元、5元票额的人民币共50元给田某；田某接回毒品和钱后，与冯元慧一起吸食了部分购买的毒品海洛因及将吸剩的海洛因放在卧室桌子上的事实。 13、被告人冯元慧的供述与辩解，证明①在侦查和审查批捕阶段：2017年12月1日10点钟左右，被告人冯元慧在家吸食毒品海洛因过程中，田某和李某来到其家中，被告人冯元慧贩卖了一个50元的海洛因小包给田某，收取田某一张100元人民币，找回给田某50元（3张10元、4张5元），将该100元钞票放入其卧室床头的黑色钱包内，共有现金人民币3402元，尔后，田某在其家吸食海洛因过程中，被公安民警抓获及公安民警从其住所和衣服内搜出的海洛因、甲基苯丙胺的事实。②在审查起诉阶段及法庭审中，被告人冯元慧否认贩卖了一个50元海洛因小包给田某的事实。 本院认为，被告人冯元慧违反国家对毒品的管理规定，贩卖一个毒品海洛因小包，获赃款人民币50元，其行为已构成贩卖毒品罪；从其住所和衣服内查获的毒品海洛因11.31克、甲基苯丙胺0.75克，应计入被告人冯元慧所贩卖的毒品数量；公诉机关指控的罪名成立，本院予以确认。被告人冯元慧虽在侦查阶段如实供述自己的犯罪事实，但在审查起诉阶段及庭审中翻供，不具有如实供述自己犯罪事实的量刑情节；查获的毒品，应予没收；扣押的人民币100元，其中人民币50元为被告人冯元慧收取的毒资，应予追缴，另人民币50元，由公安机关退回给被告人冯元慧。 对被告人冯元慧的辩解意见，经查，被告人冯元慧在侦查及审查批捕阶段的供述与证人田某、李某的证言相互吻合，并有当场查获的（被告人冯元慧收取田某人民币100元、田某收取冯元慧找回的人民币50元）毒资及未吸完的毒品海洛因等证据相互印证，被告人冯元慧贩卖毒品的事实清楚，证据确实、充分。被告人冯元慧在审查起诉阶段及庭审中翻供，其不能合理说明翻供原因，未提供罪轻或无罪的证据，且在法庭上明确表示不需要当庭播放侦查机关的讯问视频，亦不申请非法证据排除，因此，其辩解在侦查阶段的供述是在诱迫的情况下所作及其行为只构成非法持有毒品罪，与本院查明的事实不符，理由不成立，本院不予采纳。 综上所述，依照《中华人民共和国刑法》第三百四十七条第一、三款、第六十四条、第五十二条、第五十三条的规定，判决如下： 一、被告人冯元慧犯贩卖毒品罪，判处有期徒刑七年六个月，并处罚金人民币一万元（刑期从判决执行之日起计算，判决执行前先行羁押的，羁押一日折抵刑期一日，即自2017年12月1日至2025年5月30日止。罚金于判决生效后十日内向本院缴纳）。 二、扣押的毒品海洛因11.31克、甲基苯丙胺0.75克，予以没收，由公安机关销毁；扣押的毒资人民币50元，予以追缴，上缴国库。 如不服本判决，可在接到判决书的第二日起十日内，通过本院或者直接向湖南省怀化市中级人民法院提出上诉。书面上诉的应当提交上诉状正本一份，副本二份。 审判长李凌松 人民陪审员蒙永成 人民陪审员龙庆洪 二〇一八年五月三日 法官助理周丽君 书记员袁娟 附相关法律条文： 《中华人民共和国刑法》第三百四十七条走私、贩卖、运输、制造毒品，无论数量多少，都应当追究刑事责任，予以刑事处罚。 走私、贩卖、运输、制造毒品，有下列情形之一的，处十五年有期徒刑、无期徒刑或者死刑，并处没收财产： （一）走私、贩卖、运输、制造鸦片一千克以上、海洛因或者甲基苯丙胺五十克以上或者其他毒品数量大的； （二）走私、贩卖、运输、制造毒品集团的首要分子； （三）武装掩护走私、贩卖、运输、制造毒品的； （四）以暴力抗拒检查、拘留、逮捕，情节严重的； （五）参与有组织的国际贩毒活动的。 走私、贩卖、运输、制造鸦片二百克以上不满一千克、海洛因或者甲基苯丙胺十克以上不满五十克或者其他毒品数量较大的，处七年以上有期徒刑，并处罚金。 走私、贩卖、运输、制造鸦片不满二百克、海洛因或者甲基苯丙胺不满十克或者其他少量毒品的，处三年以下有期徒刑、拘役或者管制，并处罚金；情节严重的，处三年以上七年以下有期徒刑，并处罚金。 单位犯第二款、第三款、第四款罪的，对单位判处罚金，并对其直接负责的主管人员和其他直接责任人员，依照各该款的规定处罚。 利用、教唆未成年人走私、贩卖、运输、制造毒品，或者向未成年人出售毒品的，从重处罚。 对多次走私、贩卖、运输、制造毒品，未经处理的，毒品数量累计计算。 第六十四条犯罪分子违法所得的一切财物，应当予以追缴或者责令退赔；对被害人的合法财产，应当及时返还；违禁品和供犯罪所用的本人财物，应当予以没收。没收的财物和罚金，一律上缴国库，不得挪用和自行处理。 第五十二条判处罚金，应当根据犯罪情节决定罚金数额。 第五十三条罚金在判决指定的期限内一次或者分期缴纳。期满不缴纳的，强制缴纳。对于不能全部缴纳罚金的，人民法院在任何时候发现被执行人有可以执行的财产，应当随时追缴。如果由于遭遇不能抗拒的灾祸缴纳确实有困难的，可以酌情减少或者免除。",
  "writId": "036f145d5d8d46dca61b6187881245cd74b",
  "writName": "冯元慧走私、贩卖、运输、制造毒品罪一审刑事判决书",
  "cid": 17780,
  "crime": [
    "贩卖毒品罪"
  ]
}