{
  "ajId": "31c8ffc2-40f4-45ab-b981-b62f622d60a5",
  "ajName": "刘某某交通肇事一案",
  "ajjbqk": " 公诉机关指控，2018年11月10日14时许，被告人刘某某酒后驾驶鲁C×××××号小型轿车，沿南崔路由南向北行至沂源县南麻镇古泉村急弯路段超速行驶，在向西转弯时驶入非机动车道并冲向路肩，先后撞倒在道路北侧路肩处进行绿化作业的周某2、周某1、唐某1、唐某2、张某1、刘某1，碾压唐某2、刘某1，造成唐某2、张某1、刘某1当场死亡，周某2、周某1、唐某1受伤，车辆受损的道路交通事故。经沂源县公安司法鉴定中心鉴定，唐某1左侧肢体为轻伤一级，右侧肢体为轻伤二级，周某2、周某1之损伤程度轻微伤。经交警部门责任认定，被告人刘某某承担事故的全部责任，周某2、周某1、唐某1、唐某2、张某1、刘某1不承担事故责任。经淄博市公安司法鉴定中心检验，被告人刘某某静脉血样中检出乙醇成分，含量为199.1mg／100ml。 对上述指控事实，公诉机关提供了书证户籍证明、驾驶人查询结果单等，证人孟某等人证言，被害人周某1、周某2、唐某1陈述，被告人刘某某的供述与辩解，沂源县公安司法鉴定中心检验报告、淄博市公安司法鉴定中心检验报告、山东理工大学交通安全司法鉴定所司法鉴定意见书，道路交通事故现场勘查笔录、辨认笔录等证据予以证实，公诉机关认为被告人刘某某违反交通运输管理法规，因而发生重大事故，致三人死亡，负事故全部责任，属其他特别恶劣情节，其行为触犯了《中华人民共和国刑法》第一百三十三条之规定，应当以交通肇事罪追究其刑事责任。 被害人的近亲属认为被告人作为党员、公职人员醉酒驾驶机动车辆，发生事故后未及时报警、未积极抢救伤者，应当从重处罚；被告人刘某某高度醉酒后控车能力不足，属于一次性多个撞击点，属于放任心态，构成以危险方法危害公共安全罪，要求从重处罚。 被告人刘某某对指控的基本事实及罪名予以供认，辩称认罪悔罪、积极赔偿造成的损失，应当从轻处罚；其辩护人提出的辩护意见是对公诉机关指控的犯罪事实和罪名无异议，被告人刘某某归案后如实供述了犯罪事实，认罪态度好，具有认罪、悔罪表现，且一贯表现良好，根据认罪从宽处罚的原则，应从轻处罚。 经审理查明，2018年11月10日（星期六）14时许，被告人刘某某饮酒后驾驶“精灵牌”小型轿车（车牌号鲁C×××××号，登记车主为被告人刘某某的岳母崔某4）从沂源县燕某镇返回县城途中，沿县道南崔路由南向北行至沂源县南麻街道办事处古泉村路段时，因急转弯路段超速行驶、在向西转弯时驶入右侧非机动车道后，冲向路肩连续冲撞在路肩处从事绿化作业的周某2、周某1、唐某1、唐某2、张某1、刘某1，造成被害人唐某2、张某1、刘某1当场死亡，被害人周某2、周某1、唐某1受伤的道路交通事故。事故发生后，被告人刘某某驾驶的小型轿车右前轮胎爆裂、安全气囊起爆等，被告人刘某某向前行驶约178米停车后，被从事绿化施工的人员陪伴看管直到交警到达。期间被告人刘某某没有到事故现场，被告人刘某某看到其朋友张某2后向交警指认张某2系肇事车辆驾驶员，张某2当时向交警承认系其驾驶车辆，但当其知道事故后果后遂向交警否认是其驾驶车辆肇事，后被告人刘某某如实供述了驾驶车辆肇事的事实。经鉴定被告人刘某某驾驶的小型轿车发生事故时的行驶速度不低于75㎞／h，被告人刘某某肇事后血液中检出乙醇成分，含量为199.1mg／100ml；交警部门勘验事故现场等后认定，被告人刘某某醉酒驾驶小型轿车行至急转弯路段超速行驶（按规定急转弯路段最高行驶速度不得超过30㎞／h，超速150％），在向西转弯时驶入右侧非机动车道后，冲向路肩连续冲撞行人的违法行为，直接引发此次道路交通事故，承担事故的全部责任，被害人周某2、周某1、唐某1、唐某2、张某1、刘某1不承担事故责任。 经鉴定，被害人唐某2系颅脑损伤合并创伤性休克死亡；被害人张某1系内脏破裂合并创伤性休克死亡；被害人刘某1系内脏破裂合并创伤性休克死亡；被害人唐某1左股外侧髁骨骨折及外侧副韧带撕裂、内侧半月板后角撕裂，右膝关节内侧半月板后角撕裂等，其左侧肢体为轻伤一级，右侧肢体为轻伤二级；被害人周某2的左股骨外侧髁骨挫伤、关节积液及水肿，其损伤程度为轻微伤；被害人周某1受伤后短暂昏迷，头疼、头晕等，其损伤程度为轻微伤。肇事车辆损失价值经鉴定为28750.00元。 另查明，案发后，被告人刘某某近亲属已支付赔偿款90000元；对于造成的损失，被害人唐某2、张某1、刘某1死亡造成的损失已庭外和解得到赔偿，赔偿金垫付人已向被告人刘某某通过法律途径追偿，被告人刘某某的财产已被采取查封、冻结等强制措施；被害人周某2、周某1、唐某1仍在治疗中，除已支付部分医疗费用外，其余经济损失尚未赔偿。 上述事实，有经庭审质证、认证的下列证据予以证实： 1、书证 （1）道路交通事故案件登记表、立案决定书，证实2018年11月10日14时07分王某拨打报警电话称在沂源县南麻街道办事处古泉村大华贸易公司门口，一辆车牌号为鲁C×××××的红色小型轿车撞了路边的绿化工人，死亡3人，受伤3人，请派员勘察现场。沂源县公安局于当日立案侦查。 （2）户籍信息、无犯罪记录证明，证实刘某某的身份基本情况，案发前无违法犯罪记录。 （3）机动车驾驶证复印件、驾驶人信息查询结果单，证实被告人刘某某持有B1型驾驶证，初次领证时间2002年5月21日，有效期至2024年5月21日。 （4）当事人血样（尿样）提取登记表，证实2018年11月10日15时13分，沂源县交警大队民警在沂源县中医院提取刘某某与张某2血样约4mL；在沂源县尸检中心提取被害人张某1、刘某1、唐某2血液约3mL。 （5）诊断证明三份，证实被害人周某2、周某3、唐某3的伤情诊断情况。 （6）机动车信息查询结果单，证实肇事车辆为精灵牌小型汽车，车牌号码鲁C×××××，车身颜色为黑红，检验有效期至2019年4月30日，机动车所有人崔某4。 （7）道路交通事故认定书，证实被告人刘某某醉酒驾驶小型轿车行至急弯路段超速行驶，在向西转弯时驶入右侧非机动车道后，冲向路肩连续冲撞行人的违法行为，直接引发此次道路交通事故。根据《中华人民共和国道路交通安全法实施条例》第九十一条和《道路交通事故处理程序规定》第六十条第一款第一项的规定，确定刘某某承担事故的全部责任，周某2、周某1、唐某1、唐某2、张某1、刘某1不承担事故责任。 （8）户籍基本信息一宗，证实唐某2、张某1、刘某1、周某2、周某1、唐某1、刘某3、刘某4刘某5、吴某、刘俊阳、刘某6、张某2的身份基本情况。 （9）办案说明一份，证实2018年11月10日14时7分，沂源交警大队指挥中心接到群众王某电话（150××××8088）对该事故报警。 （10）发破案经过一份，证实“11.10刘某某涉嫌交通肇事案”发破案经过。 2、证人证言 （1）证人孟某、孙某1、齐某1、翟某、孙某2、徐某、刘某2、常某、齐某2、王某、郑某、许某证实，2018年11月10日中午，刘某某与孟某、孙某1、齐某1等人在博洋建材有限公司吃饭喝酒，上述证人证实了刘某某喝酒及刘某某离开的事实。 （2）证人张某2证实，刘某某在出事故后，齐某1打电话让张某2赶到事故现场，在其到现场附近后，刘某某向交警说张某2是事故车辆驾驶员，其得知事故后果后立即向交警表明其非肇事车辆驾驶员。 （3）证人崔某1、白某、岳某、张某3、张某4、唐某4、张某5、周某4、靳某、崔某2、崔某3、唐某5，周某6、周某7、朱某（以上证人均系在案发现场绿化作业）证实，2018年11月10日下午两点左右，在南崔路古泉村大华冷库北侧，进行绿化施工时从路东边过来一辆速度很快的红色轿车，朝我们施工工地方向开过来，这辆车先是撞到了路北侧绿化带内的树上，接着又把树边绿化带内栽花的六个人撞倒了，撞完后这辆轿车就继续往西行驶，继续向西跑了一百米左右停下车，是一辆红色的小型轿车，张某5、周某4陪伴肇事车辆驾驶员直到交警到来。 （4）证人张某6、张某7、李某1证实，被害人唐某2、刘某1、张某1在2018年11月10日在古泉村大华冷库附近干绿化工作的时候被车撞了发生了交通事故，造成了死亡的后果。 3、被害人陈述 （1）被害人周某1证实，2018年11月10日其在路边干活时被背后驶来的车辆撞上导致昏迷受伤。 （2）被害人周某2证实，2018年11月10日其在古泉村路边大路上栽花苗时，被刘某某驾驶的车辆自燕某方向过来从背后撞倒受伤的事实。 （3）被害人唐某1证实，2018年11月10日其在路边干活挖坑时被驶来的车辆撞倒导致受伤的事实。 4、被告人刘某某的供述与辩解、悔过书，证实2018年11月10日是星期六，自己不值班，中午在燕某镇饮酒后，驾驶自己的轿车回县城途中，因醉酒、超速行驶等在大华公司附近路段发生了事故。事故发生后前行了大约一百多米停车，没有到事故现场，当时不知道事故造成的后果，看到其认识的张某2后向交警指认是张某2驾驶的肇事车辆，得知事故造成三人死亡、三人受伤的后果后承认自己驾驶的车辆，非常后悔，要积极赔偿造成的被害人的损失。其自2002年持有B1型驾驶证已十余年，事故之前也曾酒后驾驶，未发生过交通事故。目前家庭生活、工作情况正常、顺利。 5、鉴定意见 （1）沂源县公安司法鉴定中心（源）公（司）证鉴（病理）字［2018］0121号检验报告证实，刘某1胸廓严重塌陷，腹腔破裂，肠管组织离断脱出，右下肢离断符合内脏破裂合并创伤性休克死亡。 （2）沂源县公安司法鉴定中心（源）公（司）证鉴（病理）字［2018］0122号检验报告证实，唐某2颅脑损伤、颈椎骨折，胸肋部擦音，右股骨横断骨折符合颅脑损伤合并创伤性休克死亡。 （3）沂源县公安司法鉴定中心出具（源）公（司）证鉴（病理）字［2018］0123号检验报告证实，张某1胸廓骨折按压凹陷，皮下气肿，双侧胸腔抽出积血，骨盆骨折，右股骨骨折符合内脏破裂合并创伤性休克死亡。 （4）沂源县公安司法鉴定中心出具（源）公（物证）鉴（DNA）字［2018］0427号鉴定书证实，送检的“车牌号码为鲁C×××××轿车驾驶室内侧门把手擦拭物”、“车牌号码为鲁C×××××轿车档把子处擦拭物”、“车牌号码为鲁C×××××轿车方向盘左下部擦拭物”、“车牌号码为鲁C×××××轿车方向盘中心喇叭处擦拭物”、“车牌号码为鲁C×××××轿车方向盘上部擦拭物”、“车牌号码为鲁C×××××轿车手刹处擦拭物”检材中检出的男性个体DNA，与刘某某的血样在D8S1179等15个基因座基因型相同，其似然率为2.30846×1018。 （5）淄博市公安司法鉴定中心出具淄公（司）鉴（理）字［2018］304号检验报告证实，所送刘某某静脉血样中检出乙醇成分，含量为199.1ml／100ml。 （6）山东理工大学交通安全司法鉴定所［2018］交鉴字第11-73号交通事故司法鉴定意见书证实，根据淄博市公安局交警支队沂源大队事故处理科提供的资料和对事故车辆技术状况检测、鉴定，鲁C×××××小型轿车事发时制动效能有效；转向系统效能有效；鲁C×××××小型轿车通过东白峪村口监控的平均行驶速度约为56KM／h；鲁C×××××小型轿车通过南麻太平村监控的平均行驶速度约为104KM／h；鲁C×××××小型轿车事故发生时的行驶速度不低于75km／h；事发时鲁C×××××小型轿车与绿化施工人员碰撞地点位于北侧路肩处。 （7）吸毒现场检测报告书证实，经检测刘某某的检测样本呈阴性。 6、勘验、检查、辨认等笔录 （1）道路交通事故现场勘查笔录、现场图及照片，证实事故发生后现场的状况。 （2）辨认笔录及照片，证实目击者唐某4、周某4、张某4在12张男性免冠照片中准确辨认出了刘某某就是肇事车辆的驾驶人。 本案事实清楚，证据确实、充分，足以认定。 ",
  "cpfxgc": "本院认为，被告人刘某某违反交通运输管理法规，醉酒、超速驾驶机动车发生重大交通事故，造成三人死亡、三人受伤的严重后果，并承担事故全部责任，其行为已构成交通肇事罪，并属于情节特别恶劣，应当追究其刑事责任。公诉机关指控的犯罪事实及罪名成立，本院予以支持。被告人刘某某系执法人员并醉酒驾驶机动车辆发生交通事故，后果严重、造成恶劣社会影响，应依法从重处罚；被害人的近亲属据此要求从重处罚的意见成立，本院予以采纳。被告人刘某某当庭认罪悔罪，依法可以对其从轻处罚；其辩护人所提出的被告人刘某某认罪认罚、悔罪，依法可以从宽处罚的辩护意见成立，本院予以采纳。被告人刘某某自2002年5月21日持有B1驾驶证，驾龄16余年，驾驶的小型轿车车况良好，家庭生活、工作正常，且自述有酒后驾驶经历，自信驾驶技术良好而醉酒驾驶车辆，事故发生时有十余人在路肩处、绿化带内从事绿化作业，人员集中，造成多人伤亡的后果，事故发生后车辆前行较短距离即停车，被告人刘某某的行为不属于驾驶机动车肇事后逃逸连续冲撞行人，放任危害后果的发生的行为，其主观方面属于过于自信的过失而非放任的间接故意，故被告人刘某某的行为属于交通肇事罪，不构成以危险方法危害公共安全罪；被害人的近亲属要求以危险方法危害公共安全罪定罪处罚的意见与本案事实不符，故本院不予采纳。据此，依照《中华人民共和国刑法》第一百三十三条、第六十一条、第六十七条第三款、第四十五条、第四十七条及《中华人民共和国刑事诉讼法》第十五条的规定，判决如下：",
  "pjjg": " 被告人刘某某犯交通肇事罪，判处有期徒刑六年。 （刑期自判决执行之日起计算。判决执行以前先行羁押的，羁押一日折抵刑期一日，即自2018年11月11日起至2024年11月10日止。） 如不服本判决，可在接到判决书的第二日起十日内，通过本院或者直接向山东省淄博市中级人民法院提出上诉。书面上诉的，应当提交上诉状正本一份，副本二份。",
  "qw": "山东省沂源县人民法院 刑事判决书 （2018）鲁0323刑初302号 公诉机关沂源县人民检察院。 被告人刘某某，男，1974年5月12日出生于山东省沂源县，汉族，大学文化，原系沂源县公安局燕崖派出所副所长，户籍所在地沂源县。捕前住沂源县。因涉嫌犯交通肇事罪，于2018年11月11日被刑事拘留，同年11月14日被逮捕。现羁押于淄博市博山区看守所。 辩护人杜春来，山东多博仕律师事务所律师。 沂源县人民检察院以源检公刑诉（2018）266号起诉书指控被告人刘某某犯交通肇事罪，于2018年12月17日向本院提起公诉。本院于当日立案，适用普通程序，依法组成合议庭，公开开庭审理了本案。沂源县人民检察院指派检察员张晓霞、张田田出庭支持公诉，被害人的近亲属李某1、李某2、张某8，被告人刘某某及其辩护人杜春来到庭参加了诉讼。现已审理终结。 公诉机关指控，2018年11月10日14时许，被告人刘某某酒后驾驶鲁C×××××号小型轿车，沿南崔路由南向北行至沂源县南麻镇古泉村急弯路段超速行驶，在向西转弯时驶入非机动车道并冲向路肩，先后撞倒在道路北侧路肩处进行绿化作业的周某2、周某1、唐某1、唐某2、张某1、刘某1，碾压唐某2、刘某1，造成唐某2、张某1、刘某1当场死亡，周某2、周某1、唐某1受伤，车辆受损的道路交通事故。经沂源县公安司法鉴定中心鉴定，唐某1左侧肢体为轻伤一级，右侧肢体为轻伤二级，周某2、周某1之损伤程度轻微伤。经交警部门责任认定，被告人刘某某承担事故的全部责任，周某2、周某1、唐某1、唐某2、张某1、刘某1不承担事故责任。经淄博市公安司法鉴定中心检验，被告人刘某某静脉血样中检出乙醇成分，含量为199.1mg／100ml。 对上述指控事实，公诉机关提供了书证户籍证明、驾驶人查询结果单等，证人孟某等人证言，被害人周某1、周某2、唐某1陈述，被告人刘某某的供述与辩解，沂源县公安司法鉴定中心检验报告、淄博市公安司法鉴定中心检验报告、山东理工大学交通安全司法鉴定所司法鉴定意见书，道路交通事故现场勘查笔录、辨认笔录等证据予以证实，公诉机关认为被告人刘某某违反交通运输管理法规，因而发生重大事故，致三人死亡，负事故全部责任，属其他特别恶劣情节，其行为触犯了《中华人民共和国刑法》第一百三十三条之规定，应当以交通肇事罪追究其刑事责任。 被害人的近亲属认为被告人作为党员、公职人员醉酒驾驶机动车辆，发生事故后未及时报警、未积极抢救伤者，应当从重处罚；被告人刘某某高度醉酒后控车能力不足，属于一次性多个撞击点，属于放任心态，构成以危险方法危害公共安全罪，要求从重处罚。 被告人刘某某对指控的基本事实及罪名予以供认，辩称认罪悔罪、积极赔偿造成的损失，应当从轻处罚；其辩护人提出的辩护意见是对公诉机关指控的犯罪事实和罪名无异议，被告人刘某某归案后如实供述了犯罪事实，认罪态度好，具有认罪、悔罪表现，且一贯表现良好，根据认罪从宽处罚的原则，应从轻处罚。 经审理查明，2018年11月10日（星期六）14时许，被告人刘某某饮酒后驾驶“精灵牌”小型轿车（车牌号鲁C×××××号，登记车主为被告人刘某某的岳母崔某4）从沂源县燕某镇返回县城途中，沿县道南崔路由南向北行至沂源县南麻街道办事处古泉村路段时，因急转弯路段超速行驶、在向西转弯时驶入右侧非机动车道后，冲向路肩连续冲撞在路肩处从事绿化作业的周某2、周某1、唐某1、唐某2、张某1、刘某1，造成被害人唐某2、张某1、刘某1当场死亡，被害人周某2、周某1、唐某1受伤的道路交通事故。事故发生后，被告人刘某某驾驶的小型轿车右前轮胎爆裂、安全气囊起爆等，被告人刘某某向前行驶约178米停车后，被从事绿化施工的人员陪伴看管直到交警到达。期间被告人刘某某没有到事故现场，被告人刘某某看到其朋友张某2后向交警指认张某2系肇事车辆驾驶员，张某2当时向交警承认系其驾驶车辆，但当其知道事故后果后遂向交警否认是其驾驶车辆肇事，后被告人刘某某如实供述了驾驶车辆肇事的事实。经鉴定被告人刘某某驾驶的小型轿车发生事故时的行驶速度不低于75㎞／h，被告人刘某某肇事后血液中检出乙醇成分，含量为199.1mg／100ml；交警部门勘验事故现场等后认定，被告人刘某某醉酒驾驶小型轿车行至急转弯路段超速行驶（按规定急转弯路段最高行驶速度不得超过30㎞／h，超速150％），在向西转弯时驶入右侧非机动车道后，冲向路肩连续冲撞行人的违法行为，直接引发此次道路交通事故，承担事故的全部责任，被害人周某2、周某1、唐某1、唐某2、张某1、刘某1不承担事故责任。 经鉴定，被害人唐某2系颅脑损伤合并创伤性休克死亡；被害人张某1系内脏破裂合并创伤性休克死亡；被害人刘某1系内脏破裂合并创伤性休克死亡；被害人唐某1左股外侧髁骨骨折及外侧副韧带撕裂、内侧半月板后角撕裂，右膝关节内侧半月板后角撕裂等，其左侧肢体为轻伤一级，右侧肢体为轻伤二级；被害人周某2的左股骨外侧髁骨挫伤、关节积液及水肿，其损伤程度为轻微伤；被害人周某1受伤后短暂昏迷，头疼、头晕等，其损伤程度为轻微伤。肇事车辆损失价值经鉴定为28750.00元。 另查明，案发后，被告人刘某某近亲属已支付赔偿款90000元；对于造成的损失，被害人唐某2、张某1、刘某1死亡造成的损失已庭外和解得到赔偿，赔偿金垫付人已向被告人刘某某通过法律途径追偿，被告人刘某某的财产已被采取查封、冻结等强制措施；被害人周某2、周某1、唐某1仍在治疗中，除已支付部分医疗费用外，其余经济损失尚未赔偿。 上述事实，有经庭审质证、认证的下列证据予以证实： 1、书证 （1）道路交通事故案件登记表、立案决定书，证实2018年11月10日14时07分王某拨打报警电话称在沂源县南麻街道办事处古泉村大华贸易公司门口，一辆车牌号为鲁C×××××的红色小型轿车撞了路边的绿化工人，死亡3人，受伤3人，请派员勘察现场。沂源县公安局于当日立案侦查。 （2）户籍信息、无犯罪记录证明，证实刘某某的身份基本情况，案发前无违法犯罪记录。 （3）机动车驾驶证复印件、驾驶人信息查询结果单，证实被告人刘某某持有B1型驾驶证，初次领证时间2002年5月21日，有效期至2024年5月21日。 （4）当事人血样（尿样）提取登记表，证实2018年11月10日15时13分，沂源县交警大队民警在沂源县中医院提取刘某某与张某2血样约4mL；在沂源县尸检中心提取被害人张某1、刘某1、唐某2血液约3mL。 （5）诊断证明三份，证实被害人周某2、周某3、唐某3的伤情诊断情况。 （6）机动车信息查询结果单，证实肇事车辆为精灵牌小型汽车，车牌号码鲁C×××××，车身颜色为黑红，检验有效期至2019年4月30日，机动车所有人崔某4。 （7）道路交通事故认定书，证实被告人刘某某醉酒驾驶小型轿车行至急弯路段超速行驶，在向西转弯时驶入右侧非机动车道后，冲向路肩连续冲撞行人的违法行为，直接引发此次道路交通事故。根据《中华人民共和国道路交通安全法实施条例》第九十一条和《道路交通事故处理程序规定》第六十条第一款第一项的规定，确定刘某某承担事故的全部责任，周某2、周某1、唐某1、唐某2、张某1、刘某1不承担事故责任。 （8）户籍基本信息一宗，证实唐某2、张某1、刘某1、周某2、周某1、唐某1、刘某3、刘某4刘某5、吴某、刘俊阳、刘某6、张某2的身份基本情况。 （9）办案说明一份，证实2018年11月10日14时7分，沂源交警大队指挥中心接到群众王某电话（150××××8088）对该事故报警。 （10）发破案经过一份，证实“11.10刘某某涉嫌交通肇事案”发破案经过。 2、证人证言 （1）证人孟某、孙某1、齐某1、翟某、孙某2、徐某、刘某2、常某、齐某2、王某、郑某、许某证实，2018年11月10日中午，刘某某与孟某、孙某1、齐某1等人在博洋建材有限公司吃饭喝酒，上述证人证实了刘某某喝酒及刘某某离开的事实。 （2）证人张某2证实，刘某某在出事故后，齐某1打电话让张某2赶到事故现场，在其到现场附近后，刘某某向交警说张某2是事故车辆驾驶员，其得知事故后果后立即向交警表明其非肇事车辆驾驶员。 （3）证人崔某1、白某、岳某、张某3、张某4、唐某4、张某5、周某4、靳某、崔某2、崔某3、唐某5，周某6、周某7、朱某（以上证人均系在案发现场绿化作业）证实，2018年11月10日下午两点左右，在南崔路古泉村大华冷库北侧，进行绿化施工时从路东边过来一辆速度很快的红色轿车，朝我们施工工地方向开过来，这辆车先是撞到了路北侧绿化带内的树上，接着又把树边绿化带内栽花的六个人撞倒了，撞完后这辆轿车就继续往西行驶，继续向西跑了一百米左右停下车，是一辆红色的小型轿车，张某5、周某4陪伴肇事车辆驾驶员直到交警到来。 （4）证人张某6、张某7、李某1证实，被害人唐某2、刘某1、张某1在2018年11月10日在古泉村大华冷库附近干绿化工作的时候被车撞了发生了交通事故，造成了死亡的后果。 3、被害人陈述 （1）被害人周某1证实，2018年11月10日其在路边干活时被背后驶来的车辆撞上导致昏迷受伤。 （2）被害人周某2证实，2018年11月10日其在古泉村路边大路上栽花苗时，被刘某某驾驶的车辆自燕某方向过来从背后撞倒受伤的事实。 （3）被害人唐某1证实，2018年11月10日其在路边干活挖坑时被驶来的车辆撞倒导致受伤的事实。 4、被告人刘某某的供述与辩解、悔过书，证实2018年11月10日是星期六，自己不值班，中午在燕某镇饮酒后，驾驶自己的轿车回县城途中，因醉酒、超速行驶等在大华公司附近路段发生了事故。事故发生后前行了大约一百多米停车，没有到事故现场，当时不知道事故造成的后果，看到其认识的张某2后向交警指认是张某2驾驶的肇事车辆，得知事故造成三人死亡、三人受伤的后果后承认自己驾驶的车辆，非常后悔，要积极赔偿造成的被害人的损失。其自2002年持有B1型驾驶证已十余年，事故之前也曾酒后驾驶，未发生过交通事故。目前家庭生活、工作情况正常、顺利。 5、鉴定意见 （1）沂源县公安司法鉴定中心（源）公（司）证鉴（病理）字［2018］0121号检验报告证实，刘某1胸廓严重塌陷，腹腔破裂，肠管组织离断脱出，右下肢离断符合内脏破裂合并创伤性休克死亡。 （2）沂源县公安司法鉴定中心（源）公（司）证鉴（病理）字［2018］0122号检验报告证实，唐某2颅脑损伤、颈椎骨折，胸肋部擦音，右股骨横断骨折符合颅脑损伤合并创伤性休克死亡。 （3）沂源县公安司法鉴定中心出具（源）公（司）证鉴（病理）字［2018］0123号检验报告证实，张某1胸廓骨折按压凹陷，皮下气肿，双侧胸腔抽出积血，骨盆骨折，右股骨骨折符合内脏破裂合并创伤性休克死亡。 （4）沂源县公安司法鉴定中心出具（源）公（物证）鉴（DNA）字［2018］0427号鉴定书证实，送检的“车牌号码为鲁C×××××轿车驾驶室内侧门把手擦拭物”、“车牌号码为鲁C×××××轿车档把子处擦拭物”、“车牌号码为鲁C×××××轿车方向盘左下部擦拭物”、“车牌号码为鲁C×××××轿车方向盘中心喇叭处擦拭物”、“车牌号码为鲁C×××××轿车方向盘上部擦拭物”、“车牌号码为鲁C×××××轿车手刹处擦拭物”检材中检出的男性个体DNA，与刘某某的血样在D8S1179等15个基因座基因型相同，其似然率为2.30846×1018。 （5）淄博市公安司法鉴定中心出具淄公（司）鉴（理）字［2018］304号检验报告证实，所送刘某某静脉血样中检出乙醇成分，含量为199.1ml／100ml。 （6）山东理工大学交通安全司法鉴定所［2018］交鉴字第11-73号交通事故司法鉴定意见书证实，根据淄博市公安局交警支队沂源大队事故处理科提供的资料和对事故车辆技术状况检测、鉴定，鲁C×××××小型轿车事发时制动效能有效；转向系统效能有效；鲁C×××××小型轿车通过东白峪村口监控的平均行驶速度约为56KM／h；鲁C×××××小型轿车通过南麻太平村监控的平均行驶速度约为104KM／h；鲁C×××××小型轿车事故发生时的行驶速度不低于75km／h；事发时鲁C×××××小型轿车与绿化施工人员碰撞地点位于北侧路肩处。 （7）吸毒现场检测报告书证实，经检测刘某某的检测样本呈阴性。 6、勘验、检查、辨认等笔录 （1）道路交通事故现场勘查笔录、现场图及照片，证实事故发生后现场的状况。 （2）辨认笔录及照片，证实目击者唐某4、周某4、张某4在12张男性免冠照片中准确辨认出了刘某某就是肇事车辆的驾驶人。 本案事实清楚，证据确实、充分，足以认定。 本院认为，被告人刘某某违反交通运输管理法规，醉酒、超速驾驶机动车发生重大交通事故，造成三人死亡、三人受伤的严重后果，并承担事故全部责任，其行为已构成交通肇事罪，并属于情节特别恶劣，应当追究其刑事责任。公诉机关指控的犯罪事实及罪名成立，本院予以支持。被告人刘某某系执法人员并醉酒驾驶机动车辆发生交通事故，后果严重、造成恶劣社会影响，应依法从重处罚；被害人的近亲属据此要求从重处罚的意见成立，本院予以采纳。被告人刘某某当庭认罪悔罪，依法可以对其从轻处罚；其辩护人所提出的被告人刘某某认罪认罚、悔罪，依法可以从宽处罚的辩护意见成立，本院予以采纳。被告人刘某某自2002年5月21日持有B1驾驶证，驾龄16余年，驾驶的小型轿车车况良好，家庭生活、工作正常，且自述有酒后驾驶经历，自信驾驶技术良好而醉酒驾驶车辆，事故发生时有十余人在路肩处、绿化带内从事绿化作业，人员集中，造成多人伤亡的后果，事故发生后车辆前行较短距离即停车，被告人刘某某的行为不属于驾驶机动车肇事后逃逸连续冲撞行人，放任危害后果的发生的行为，其主观方面属于过于自信的过失而非放任的间接故意，故被告人刘某某的行为属于交通肇事罪，不构成以危险方法危害公共安全罪；被害人的近亲属要求以危险方法危害公共安全罪定罪处罚的意见与本案事实不符，故本院不予采纳。据此，依照《中华人民共和国刑法》第一百三十三条、第六十一条、第六十七条第三款、第四十五条、第四十七条及《中华人民共和国刑事诉讼法》第十五条的规定，判决如下： 被告人刘某某犯交通肇事罪，判处有期徒刑六年。 （刑期自判决执行之日起计算。判决执行以前先行羁押的，羁押一日折抵刑期一日，即自2018年11月11日起至2024年11月10日止。） 如不服本判决，可在接到判决书的第二日起十日内，通过本院或者直接向山东省淄博市中级人民法院提出上诉。书面上诉的，应当提交上诉状正本一份，副本二份。 审判长谢宜山 审判员赵小红 人民陪审员刘延霞 二〇一九年三月十五日 书记员侯芳",
  "writId": "0212265ba2d369c16d96f00bb7228dc854f",
  "writName": "刘某某交通肇事一审刑事判决书",
  "cid": 26627,
  "crime": [
    "交通肇事罪"
  ]
}