{
  "ajId": "b0bf9146-4650-429b-ba01-93d722464e7c",
  "ajName": "郑某、陈鹏程故意伤害罪一案",
  "ajjbqk": " 福建省仙游县人民检察院指控： 2017年1月12日2时许，被害人郑某与甘某、张某、李某到仙游县林兜被告人陈鹏程家中讨债时，被被告人陈鹏程等人殴打致伤。经仙游县公安局法医学鉴定，被害人郑某的损伤程度为轻伤二级。 被告人陈鹏程于2017年7月27日被仙游县公安局抓获归案。 公诉机关指控上述事实，向本院移送了相关证据，认为被告人陈鹏程故意伤害他人身体，致一人轻伤二级，其行为触犯了《中华人民共和国刑法》第二百三十四条第一款，犯罪事实清楚、证据确实、充分，应当以故意伤害罪追究其刑事责任。提请本院依法惩处。 附带民事诉讼原告人郑某诉称：1、依法追究并严惩被告人陈鹏程故意伤害罪的刑事责任；2、依法判令被告人赔偿附带民事诉讼原告人医疗费10368.36元、住院伙食补助费20元／天×10天=200元、营养费3000元、护理费160.87元／天×10天=1608.7元，交通费5000元、误工费1608.7元，精神抚慰金50000元，合计71785.76元。并提供福建医科大学附属第一医院疾病证明书、住院病案首页、入院记录、出院记录、门诊收费票据及其发票费用明细、住院收费票据及其住院费用每日清单（汇总）、CT检查报告单；莆田市第一医院门诊收费票据及其发票费用明细，被害人郑某的居民身份证复印件等证据。 被告人陈鹏程对起诉书指控的犯罪事实和罪名均没有异议，表示自愿认罪并请求从轻处罚。对附带民事诉讼，同意依法赔偿。 经审理查明： 2017年1月12日2时许，被害人郑某与甘某、张某、李某到仙游县林兜被告人陈鹏程家中讨债时，与被告人陈鹏程发生口角，被害人郑某遂将陈鹏程家桌上的茶具砸掉，引发陈鹏程与郑某互殴。在互殴中，被告人陈鹏程将被害人郑某殴打致伤。经仙游县公安局法医学鉴定，被害人郑某的损伤程度为轻伤二级。 被告人陈鹏程于2017年7月27日被仙游县公安局抓获归案。 被害人郑某于案发当晚被送往仙游县医院急诊科观察后立即转到福建医科大学附属第一医院门诊治疗，于2017年1月13日起在该院住院治疗至同年1月19日出院，住院6天，花某医疗费9198.33元（其中梅毒螺旋体特异抗体测定花某60元）。于2017年12月16日到莆田市第一医院门诊复查，花某医疗费1049.6元；于2018年1月30日又到福建医科大学附属第一医院门诊复查，花某医疗费120.43元。 根据最高人民法院《关于适用〈中华人民共和国刑事诉讼法〉的解释》第一百三十八条第二款“因受到犯罪侵犯，提起附带民事诉讼或者单独提起民事诉讼要求赔偿精神损失的，人民法院不予受理”的规定和人身损害赔偿的相关标准及附带民事诉讼原告人的诉讼请求及其所提供的相关证据，经本院审查认定，本案给附带民事诉讼原告人郑某造成的经济损失：医疗费10308.36元（被害人花某的梅毒螺旋体特异抗体测定花某60元，该笔费用因与本案的损害后果没有直接的因果关系，本院不予认定）、住院伙食补助费20元／天×6天=120元、营养费1030元、护理费140.06元／天×6天=840.36元，交通费（酌定）500元、误工费140.06元／天×6天=840.36元，合计13639.08元。 上述事实，被告人陈鹏程在开庭审理过程中亦无异议，且有物证伤情照片，书证被告人的户籍证明，仙游县公安局出具的到案经过、违法犯罪经历查询情况表、工作说明，辨认笔录、被辨认人照片列表及身份情况说明，证人甘某、张某、陈某1、陈某2、陈某3的证言，被害人郑某陈述，被告人陈鹏程供述和辩解，仙游县公安局物证鉴定室鉴定书及所附照片、鉴定意见通知书，现场勘验笔录及现场照片；附带民事诉讼部分有福建医科大学附属第一医院疾病证明书、住院病案首页、入院记录、出院记录、门诊收费票据及其发票费用明细、住院收费票据及其住院费用每日清单（汇总）、CT检查报告单；莆田市第一医院门诊收费票据及其发票费用明细，被害人郑某的居民身份证复印件等证据证实，足以认定。 ",
  "cpfxgc": "本院认为，被告人陈鹏程故意伤害他人身体，致一人轻伤二级，其行为构成故意伤害罪。公诉机关指控的罪名成立，本院予以支持。鉴于被告人陈鹏程能自愿认罪，本案又是民间纠纷引发，且被害人对矛盾激化负有一定责任，可对被告人从轻处罚。被告人陈鹏程请求从轻处罚的自行辩护意见予以采纳。被告人陈鹏程的犯罪行为给附带民事诉讼原告人造成的经济损失，依法应承担民事赔偿责任。根据本案的过错责任，被告人陈鹏程应负90％的民事赔偿责任，即赔偿给附带民事诉讼原告人郑某各项经济损失共计13639.08元×90％=12275.17元，附带民事诉讼原告人郑某自负10％的民事责任。其请求精神损害抚慰金，因于法无据，不予支持。附带民事诉讼原告人的诉讼请求合理部分予以支持，其他诉讼请求予以驳回。据此，依照《中华人民共和国刑法》第二百三十四条第一款、第六十七条第三款、第三十六条第一款、第六十一条、《中华人民共和国民法总则》第一百二十条、《中华人民共和国民法通则》第一百三十一条和最高人民法院《关于审理人身损害赔偿案件适用法律若干问题的解释》第十七条第一款的规定，判决如下：",
  "pjjg": " 一、被告人陈鹏程犯故意伤害罪，判处有期徒刑一年二个月。 （刑期自判决执行之日起计算。判决执行以前先行羁押的，羁押一日折抵刑期一日，即刑期自二○一七年七月二十七日起至二○一八年九月二十六日止）。 二、被告人陈鹏程应在判决生效后十日内赔偿给附带民事诉讼原告人郑某各项经济损失共计人民币12275.17元。 三、驳回附带民事诉讼原告人郑某的其他诉讼请求。 如不服本判决，可在接到判决书的第二日起十日内通过本院或者直接向莆田市中级人民法院提出上诉。书面上诉的，应当提交上诉状正本一份，副本二份。",
  "qw": "福建省仙游县人民法院 刑事附带民事判决书 （2018）闽0322刑初282号 公诉机关福建省仙游县人民检察院。 附带民事诉讼原告人郑某，男，1993年9月27日出生，汉族，农民，住福建省仙游县，系本案被害人。 委托诉讼代理人郑宗建，男，1967年10月9日出生，汉族，教师，住福建省仙游县，系被害人郑某之父。 被告人陈鹏程，男，1984年8月10日出生于福建省仙游县，汉族，初中文化，农民，住福建省仙游县，因本案，于2017年7月27日被仙游县公安局抓获归案，当日被刑事拘留，同年8月31日被执行逮捕。现羁押在仙游县看守所。 福建省仙游县人民检察院以仙检公刑诉［2018］235号起诉书指控被告人陈鹏程犯故意伤害罪，于2018年4月12日向本院提起公诉。本院于同日立案，依法适用普通程序，组成合议庭，公开开庭进行了审理。仙游县人民检察院指派检察员戴某出庭支持公诉，附带民事诉讼原告人郑某的委托诉讼代理人郑宗建，被告人陈鹏程到庭参加诉讼。现已审理终结。 福建省仙游县人民检察院指控： 2017年1月12日2时许，被害人郑某与甘某、张某、李某到仙游县林兜被告人陈鹏程家中讨债时，被被告人陈鹏程等人殴打致伤。经仙游县公安局法医学鉴定，被害人郑某的损伤程度为轻伤二级。 被告人陈鹏程于2017年7月27日被仙游县公安局抓获归案。 公诉机关指控上述事实，向本院移送了相关证据，认为被告人陈鹏程故意伤害他人身体，致一人轻伤二级，其行为触犯了《中华人民共和国刑法》第二百三十四条第一款，犯罪事实清楚、证据确实、充分，应当以故意伤害罪追究其刑事责任。提请本院依法惩处。 附带民事诉讼原告人郑某诉称：1、依法追究并严惩被告人陈鹏程故意伤害罪的刑事责任；2、依法判令被告人赔偿附带民事诉讼原告人医疗费10368.36元、住院伙食补助费20元／天×10天=200元、营养费3000元、护理费160.87元／天×10天=1608.7元，交通费5000元、误工费1608.7元，精神抚慰金50000元，合计71785.76元。并提供福建医科大学附属第一医院疾病证明书、住院病案首页、入院记录、出院记录、门诊收费票据及其发票费用明细、住院收费票据及其住院费用每日清单（汇总）、CT检查报告单；莆田市第一医院门诊收费票据及其发票费用明细，被害人郑某的居民身份证复印件等证据。 被告人陈鹏程对起诉书指控的犯罪事实和罪名均没有异议，表示自愿认罪并请求从轻处罚。对附带民事诉讼，同意依法赔偿。 经审理查明： 2017年1月12日2时许，被害人郑某与甘某、张某、李某到仙游县林兜被告人陈鹏程家中讨债时，与被告人陈鹏程发生口角，被害人郑某遂将陈鹏程家桌上的茶具砸掉，引发陈鹏程与郑某互殴。在互殴中，被告人陈鹏程将被害人郑某殴打致伤。经仙游县公安局法医学鉴定，被害人郑某的损伤程度为轻伤二级。 被告人陈鹏程于2017年7月27日被仙游县公安局抓获归案。 被害人郑某于案发当晚被送往仙游县医院急诊科观察后立即转到福建医科大学附属第一医院门诊治疗，于2017年1月13日起在该院住院治疗至同年1月19日出院，住院6天，花某医疗费9198.33元（其中梅毒螺旋体特异抗体测定花某60元）。于2017年12月16日到莆田市第一医院门诊复查，花某医疗费1049.6元；于2018年1月30日又到福建医科大学附属第一医院门诊复查，花某医疗费120.43元。 根据最高人民法院《关于适用〈中华人民共和国刑事诉讼法〉的解释》第一百三十八条第二款“因受到犯罪侵犯，提起附带民事诉讼或者单独提起民事诉讼要求赔偿精神损失的，人民法院不予受理”的规定和人身损害赔偿的相关标准及附带民事诉讼原告人的诉讼请求及其所提供的相关证据，经本院审查认定，本案给附带民事诉讼原告人郑某造成的经济损失：医疗费10308.36元（被害人花某的梅毒螺旋体特异抗体测定花某60元，该笔费用因与本案的损害后果没有直接的因果关系，本院不予认定）、住院伙食补助费20元／天×6天=120元、营养费1030元、护理费140.06元／天×6天=840.36元，交通费（酌定）500元、误工费140.06元／天×6天=840.36元，合计13639.08元。 上述事实，被告人陈鹏程在开庭审理过程中亦无异议，且有物证伤情照片，书证被告人的户籍证明，仙游县公安局出具的到案经过、违法犯罪经历查询情况表、工作说明，辨认笔录、被辨认人照片列表及身份情况说明，证人甘某、张某、陈某1、陈某2、陈某3的证言，被害人郑某陈述，被告人陈鹏程供述和辩解，仙游县公安局物证鉴定室鉴定书及所附照片、鉴定意见通知书，现场勘验笔录及现场照片；附带民事诉讼部分有福建医科大学附属第一医院疾病证明书、住院病案首页、入院记录、出院记录、门诊收费票据及其发票费用明细、住院收费票据及其住院费用每日清单（汇总）、CT检查报告单；莆田市第一医院门诊收费票据及其发票费用明细，被害人郑某的居民身份证复印件等证据证实，足以认定。 本院认为，被告人陈鹏程故意伤害他人身体，致一人轻伤二级，其行为构成故意伤害罪。公诉机关指控的罪名成立，本院予以支持。鉴于被告人陈鹏程能自愿认罪，本案又是民间纠纷引发，且被害人对矛盾激化负有一定责任，可对被告人从轻处罚。被告人陈鹏程请求从轻处罚的自行辩护意见予以采纳。被告人陈鹏程的犯罪行为给附带民事诉讼原告人造成的经济损失，依法应承担民事赔偿责任。根据本案的过错责任，被告人陈鹏程应负90％的民事赔偿责任，即赔偿给附带民事诉讼原告人郑某各项经济损失共计13639.08元×90％=12275.17元，附带民事诉讼原告人郑某自负10％的民事责任。其请求精神损害抚慰金，因于法无据，不予支持。附带民事诉讼原告人的诉讼请求合理部分予以支持，其他诉讼请求予以驳回。据此，依照《中华人民共和国刑法》第二百三十四条第一款、第六十七条第三款、第三十六条第一款、第六十一条、《中华人民共和国民法总则》第一百二十条、《中华人民共和国民法通则》第一百三十一条和最高人民法院《关于审理人身损害赔偿案件适用法律若干问题的解释》第十七条第一款的规定，判决如下： 一、被告人陈鹏程犯故意伤害罪，判处有期徒刑一年二个月。 （刑期自判决执行之日起计算。判决执行以前先行羁押的，羁押一日折抵刑期一日，即刑期自二○一七年七月二十七日起至二○一八年九月二十六日止）。 二、被告人陈鹏程应在判决生效后十日内赔偿给附带民事诉讼原告人郑某各项经济损失共计人民币12275.17元。 三、驳回附带民事诉讼原告人郑某的其他诉讼请求。 如不服本判决，可在接到判决书的第二日起十日内通过本院或者直接向莆田市中级人民法院提出上诉。书面上诉的，应当提交上诉状正本一份，副本二份。 审判长吴丽 人民陪审员谢斌 人民陪审员陈军 二〇一八年五月二十三日 书记员柯燊 附相关法律条文： 一、《中华人民共和国刑法》 第二百三十四条故意伤害他人身体的，处三年以下有期徒刑、拘役或者管制。 犯前款罪，致人重伤的，处三年以上十年以下有期徒刑；致人死亡或者以特别残忍手段致人重伤造成严重残疾的，处十年以上有期徒刑、无期徒刑或者死刑。本法另有规定的，依照规定。 第六十七条犯罪以后自动投案，如实供述自己的罪行的，是自首。对于自首的犯罪分子，可以从轻或者减轻处罚。其中，犯罪较轻的，可以免除处罚。 被采取强制措施的犯罪嫌疑人、被告人和正在服刑的罪犯，如实供述司法机关还未掌握的本人其他罪行的，以自首论。 犯罪嫌疑人虽不具有前两款规定的自首情节，但是如实供述自己罪行的，可以从轻处罚；因其如实供述自己罪行，避免特别严重后果发生的，可以减轻处罚。 第三十六条由于犯罪行为而使被害人遭受经济损失的，对犯罪分子除依法给予刑事处罚外，并应根据情况判处赔偿经济损失。 承担民事赔偿责任的犯罪分子，同时被判处罚金，其财产不足以全部支付的，或者被判处没收财产的，应当先承担对被害人的民事赔偿责任。 第六十一条对于犯罪分子决定刑罚的时候，应当根据犯罪的事实、犯罪的性质、情节和对于社会的危害程度，依照本法的有关规定判处。 二、《中华人民共和国民法总则》 第一百二十条民事权益受到侵害的，被侵权人有权请求侵权人承担侵权责任。 三、《中华人民共和国民法通则》 第一百三十一条受害人对于损害的发生也有过错的，可以减轻侵害人的民事责任。 三、最高人民法院《关于审理人身损害赔偿案件适用法律若干问题的解释》 第十七条受害人遭受人身损害，因就医治疗支出的各项费用以及因误工减少的收入，包括医疗费、误工费、护理费、交通费、住宿费、住院伙食补助费、必要的营养费，赔偿义务人应当予以赔偿。 受害人因伤致残的，其因增加生活上需要所支出的必要费用以及因丧失劳动能力导致的收入损失，包括残疾赔偿金、残疾辅助器具费、被扶养人生活费，以及因康复护理、继续治疗实际发生的必要的康复费、护理费、后续治疗费，赔偿义务人也应当予以赔偿。 受害人死亡的，赔偿义务人除应当根据抢救治疗情况赔偿本条第一款规定的相关费用外，还应当赔偿丧葬费、被扶养人生活费、死亡补偿费以及受害人亲属办理丧葬事宜支出的交通费、住宿费和误工损失等其他合理费用。 四、执行申请提示 《中华人民共和国民事诉讼法》第二百三十九条规定“申请执行的期间为二年。申请执行时效的中止、中断，适用法律有关诉讼时效的中止、中断的规定。前款规定的期间，从法律文书规定履行期间的最后一日起计算；法律文书规定分期履行的，从规定的每次履行期间的最后一日起计算；法律文书未规定履行期间的，从法律文书生效之日起计算。”",
  "writId": "017b007a85b0d95a80c91b6b1a72a6741cd",
  "writName": "郑某、陈鹏程故意伤害罪一审刑事判决书",
  "cid": 26714,
  "crime": [
    "故意伤害罪"
  ]
}