{
  "ajId": "561314d5-2ad3-48fa-b514-1cd8b982100a",
  "ajName": "陈林贩卖毒品一案",
  "ajjbqk": " 重庆市渝北区人民检察院指控：2016年4月25日22时许，龙某与被告人陈林经电话联系购买毒品并通过银行卡支付毒资300元。当日22时30分许，被告人陈林在重庆市渝北区回兴X号转盘XX老火锅巷道内，将少许甲基苯丙胺（冰毒，净重0.75克）和2粒甲基苯丙胺片剂（俗称“麻古”，净重0.2克）贩卖给龙某。交易完成后，被告人陈林被民警抓获，到案后如实供述了上述事实。 上述事实，被告人陈林在开庭审理过程中亦无异议，并有报警案件登记表、受案登记表、立案决定书、到案经过；常住人口信息登记表；辨认笔录；提取笔录；扣押物品、文件清单；称量笔录及照片；检材提取笔录；封存笔录；刑事案件现场指认笔录及照片；指认照片；物证检验报告；通话记录；自动柜员机客户通知书；刑事判决书、刑满释放证明书；证人龙某的证言；被告人陈林的供述和辩解等证据证实，足以认定。 ",
  "cpfxgc": "本院认为，被告人陈林违反国家毒品管理法规，贩卖甲基苯丙胺等毒品，其行为已构成贩卖毒品罪，依法应予刑罚处罚。公诉机关指控的犯罪事实清楚，证据确实、充分，罪名成立。被告人陈林因犯贩卖毒品罪被判处刑罚，再犯贩卖毒品罪，系毒品再犯，依法从重处罚。被告人陈林到案后如实供述自己的罪行，系坦白，依法可以从轻处罚。对涉案的毒品依法予以没收。据此，依照《中华人民共和国刑法》第三百四十七条第四款、第三百五十六条、第六十七条第三款、第五十二条、第五十三条、第六十四条之规定，判决如下：",
  "pjjg": " 一、被告人陈林犯贩卖毒品罪，判处有期徒刑十一个月，并处罚金2000元。 （刑期从判决执行之日起计算。判决执行以前先行羁押的，羁押一日折抵刑期一日。折抵先行羁押的2日。罚金限判决生效后10日内缴纳。） 二、对涉案毒品甲基苯丙胺0.75克、甲基苯丙胺片剂0.2克依法予以没收。 如不服本判决，可在接到判决书的第二日起十日内，通过本院或者直接向重庆市第一中级人民法院提出上诉。书面上诉的，应当提交上诉状正本一份，副本二份。",
  "qw": "重庆市渝北区人民法院 刑事判决书 （2016）渝0112刑初1511号 公诉机关重庆市渝北区人民检察院。 被告人陈林，男，1991年1月19日出生于重庆市北碚区，汉族，初中文化，农民，住重庆市北碚区。因犯贩卖毒品罪，于2012年10月19日被本院判处拘役五个月，2013年1月25日刑满释放。因涉嫌犯贩卖毒品罪，于2016年4月25日被捉获；因吸食毒品，次日被行政拘留；因本案，于2016年5月1日被重庆市公安局渝北区分局监视居住。 重庆市渝北区人民检察院以渝北检刑诉［2016］1455号起诉书指控被告人陈林犯贩卖毒品罪，于2016年11月1日向本院提起公诉。本院依法适用简易程序，实行独任审判，公开开庭审理了本案。重庆市渝北区人民检察院指派代理检察员高鹏里出庭支持公诉，被告人陈林到庭参加了诉讼。现已审理终结。 重庆市渝北区人民检察院指控：2016年4月25日22时许，龙某与被告人陈林经电话联系购买毒品并通过银行卡支付毒资300元。当日22时30分许，被告人陈林在重庆市渝北区回兴X号转盘XX老火锅巷道内，将少许甲基苯丙胺（冰毒，净重0.75克）和2粒甲基苯丙胺片剂（俗称“麻古”，净重0.2克）贩卖给龙某。交易完成后，被告人陈林被民警抓获，到案后如实供述了上述事实。 上述事实，被告人陈林在开庭审理过程中亦无异议，并有报警案件登记表、受案登记表、立案决定书、到案经过；常住人口信息登记表；辨认笔录；提取笔录；扣押物品、文件清单；称量笔录及照片；检材提取笔录；封存笔录；刑事案件现场指认笔录及照片；指认照片；物证检验报告；通话记录；自动柜员机客户通知书；刑事判决书、刑满释放证明书；证人龙某的证言；被告人陈林的供述和辩解等证据证实，足以认定。 本院认为，被告人陈林违反国家毒品管理法规，贩卖甲基苯丙胺等毒品，其行为已构成贩卖毒品罪，依法应予刑罚处罚。公诉机关指控的犯罪事实清楚，证据确实、充分，罪名成立。被告人陈林因犯贩卖毒品罪被判处刑罚，再犯贩卖毒品罪，系毒品再犯，依法从重处罚。被告人陈林到案后如实供述自己的罪行，系坦白，依法可以从轻处罚。对涉案的毒品依法予以没收。据此，依照《中华人民共和国刑法》第三百四十七条第四款、第三百五十六条、第六十七条第三款、第五十二条、第五十三条、第六十四条之规定，判决如下： 一、被告人陈林犯贩卖毒品罪，判处有期徒刑十一个月，并处罚金2000元。 （刑期从判决执行之日起计算。判决执行以前先行羁押的，羁押一日折抵刑期一日。折抵先行羁押的2日。罚金限判决生效后10日内缴纳。） 二、对涉案毒品甲基苯丙胺0.75克、甲基苯丙胺片剂0.2克依法予以没收。 如不服本判决，可在接到判决书的第二日起十日内，通过本院或者直接向重庆市第一中级人民法院提出上诉。书面上诉的，应当提交上诉状正本一份，副本二份。 代理审判员刘杨 二〇一六年十一月十七日 书记员师玉欢",
  "writId": "06264db1d01b8d348110878ddd0feb213c6",
  "writName": "陈林贩卖毒品一审刑事判决书",
  "cid": 34696,
  "crime": [
    "贩卖毒品罪"
  ]
}