{
  "ajId": "64220353-5431-4a6e-a78a-44c107f12181",
  "ajName": "余万春、刘官会走私、贩卖、运输、制造毒品一案",
  "ajjbqk": " 西双版纳傣族自治州人民检察院指控：2016年9月19日，被告人余万春、刘官会、李奇涛携带毒品到勐腊县易武乡贩卖，同日17时许，当三被告人到易武乡倮德村委会小红桥路边停放的一辆商务车处进行毒品交易时，被景洪市公安局民警抓获，现场查获毒品可疑物共计净重56041克。经刑事科学技术鉴定，被查获的可疑物系毒品鸦片。 针对指控事实，公诉机关提供了相应的证据予以证实，公诉机关认为，被告人余万春、刘官会、李奇涛贩卖毒品鸦片56041克，三被告人的行为均已触犯《中华人民共和国刑法》第三百四十七条第二款（一）项的规定，构成贩卖毒品罪，提请本院依法判处。 被告人余万春辩称是一名陌生男子叫其开车去接人，其不知道是搞毒品，没有实施犯罪。其辩护人提出公诉机关指控被告人余万春犯贩卖毒品罪的事实不清，证据不足的辩护意见，建议宣告余万春无罪。 被告人刘官会辩称其什么都不知道，仅仅是走路经过白色轿车旁边，没有构成犯罪。其指定辩护人提出公诉机关指控罪名不能成立，无证据证实被告人刘官会有贩卖毒品的故意，证实被告人刘官会存在贩卖毒品行为的证据不足的辩护意见，建议宣告刘官会无罪。 被告人李奇涛辩称其只是介绍余万春、刘官会二人认识，对起诉书指控的罪名及犯罪事实无异议，当庭认罪，请求从轻判处。其指定辩护人提出本案存在特殊性，被告人李奇涛只是起介绍作用，系从犯，认罪态度好的辩护意见，建议对李奇涛从轻或者减轻处罚。 经审理查明：被告人余万春邀约并通过被告人李奇涛认识被告人刘官会，2016年9月19日，余万春驾驶云J×××××比亚迪轿车，李奇涛、刘官会驾乘云J×××××北汽威旺面包车从普洱市江城县到达勐腊县易武乡，同日17时许，三被告人携带毒品到约定的交易地点勐腊县易武乡倮德村委会曼腊村小虹桥路边停放的一辆商务车处进行交易时，被景洪市公安局民警当场抓获，现场从该车后排座查获毒品鸦片2袋，净重56041克。一名老挝籍男子跳下旁边的水沟逃脱。 上述事实，有下列由公诉机关提交并经当庭举证、质证的证据证实： 1、查获、抓获经过、接受刑事案件登记表，证实公安机关根据线索查获毒品可疑物及抓获被告人余万春、刘官会、李奇涛的时间、地点、经过。 2、检查笔录、提取笔录、扣押决定书、扣押物品及照片，证实涉案的毒品可疑物2袋、车辆、手机等已被扣押的事实。 3、毒品辨认、扣押、收缴笔录、称量记录及照片，证实被查获的毒品可疑物经被告人余万春、刘官会、李奇涛指认并称量，净重56041克并已被收缴的事实。 4、毒品取样记录、理化检验报告、鉴定意见通知书，证实被查获的可疑物经取样送检，检出吗啡、可待因、蒂巴因、罂粟碱、那某成分，其中吗啡含量为3.15％。被告人余万春、刘官会、李奇涛对鉴定意见无异议。 5、通话清单及分析，证实在2016年9月1日至19日期间，被告人余万春、刘官会、李奇涛之间联系频繁，其中，被告人余万春使用的电话号码182××××3676与被告人李奇涛使用的电话号码151××××7217通话104次、与被告人刘官会使用的电话号码158××××1633通话7次；被告人李奇涛使用的电话号码151××××7217与被告人刘官会使用的电话号码158××××1633通话103次。 6、活动轨迹信息，证实被告人余万春在2015年1月至2016年9月期间，到达并入住普洱市江城县、思茅区、孟连县，大理市、保山市的情况；被告人李奇涛到达并入住普洱市江城县、思茅区，勐腊县关累镇，昆明市、西安市的情况。 7、车辆信息查询。证实云J×××××北京牌灰色小型汽车登记的权利人为李奇涛。云J×××××比亚迪牌灰色小型汽车登记的权利人为余某。 8、户口证明及前科证明材料，证实被告人余万春、刘官会、李奇涛的身份和基本情况。 9、被告人的供述与辩解。 （1）被告人余万春供称，2016年8月初，其接到一个陌生男子打来的电话，约其在思茅新南站见面，见面后该男子问其经常跑车是否认识老挝人，其就把两个老挝人的电话告诉了陌生男子。9月10日左右该陌生男子打电话告诉其老挝人拿着大烟出来了，要其开车去到曼腊村小虹桥然后包其车去景洪市，但其害怕没有做。9月19日9时许，该陌生男子打电话要其下午2点半左右开车在曼腊村小虹桥那等，包其车去景洪市，说老挝人拿着大烟出来了，并保证其安全，还要其再喊辆车，其就打电话给朋友李奇涛，告诉他有老板包车，包车费用人民币500元，下午4、5点到曼腊村小虹桥。当日14时许其开着比亚迪轿车去到小虹桥，但没有见到该陌生男子，其就打电话催，该男子说快了快了。17时许，该陌生男子开着一辆白色轿车带着一名小伙子来到，其就跟陌生男子说主要是安全问题，该陌生男子说不怕不怕。18时许，有两名其不认识的男子一人背着一包东西放到陌生男子开来的白色轿车上，过了一会，刘官会、李奇涛来到其身旁，他们三个人就被公安民警抓了，背东西的两名男子逃跑了。 （2）被告人刘官会供称，其和李奇涛是邻居，不认识余万春。2016年9月19日11时许，其准备上街去买油遇到李奇涛开着面包车，其就拦停坐上去，李奇涛对其说要去勐腊县易武乡曼腊村小虹桥办点事情，要其一起去。其就同意了，当日13时许，其和李奇涛去到勐腊县易武乡曼腊村小虹桥，李奇涛要其下车在路边等着，接着开车去转了一圈又回来，然后称手机没电了借其手机打了几个电话，过了30分钟左右，来了两辆白色轿车，余万春和李奇涛就从李奇涛的面包车上抬了两包东西去到一辆白色轿车上，其站在路边看着，什么也没有做。过了几分钟就来了好几辆车，从车上下来好多人把其和余万春、李奇涛抓了，在那辆白色轿车上查获了两大包毒品鸦片。 （3）被告人李奇涛供称，2016年9月19日，通过跑车认识的余万春打电话告诉其有一个老板包车拉砂仁，要其开车去到勐腊县易武乡曼腊村小虹桥，拉到勐腊县易武乡给其运费人民币500元，其就开着面包车去到曼腊村小虹桥，余万春开着比亚迪轿车先到，其就问余万春老板的货呢？余万春说再等下，后其在等货的过程中被民警抓获。 另供述，余万春是通过其认识刘官会的，毒品鸦片是余万春叫刘官会介绍老板联系拿来，案发当日，余万春打电话给其叫刘官会、毒品老板坐其面包车到达勐腊县易武乡曼腊村小虹桥，毒品老板打了一个电话，来了一个骑摩托车的人，其开车跟着去一个路边拿的毒品，送毒品的有2个人。余万春、刘官会、购毒老板都在现场，其开车拿到毒品返回后余万春与购毒老板谈了一下，他们和毒品老板将毒品鸦片两大包抬到购毒老板白色轿车上然后就被冲出来的民警抓了。在2016年9月5日其和余万春、刘官会做过一次毒品交易，因对方没有钱故未做成。 10、情况说明，证实（1）在抓捕现场逃跑的“老挝人”，因被告人余万春、刘官会、李奇涛未能提供该“老挝人”的详细身份信息，故未能抓获。（2）在对被告人余万春、刘官会、李奇涛制作的毒品辨认笔录、称量记录、提取记录时都有见证人在场，见证人信息如下：张才，男，汉族，住景洪市东风农场东风花园，联系电话133××××7809，居民身份证号码。（3）在制作相关笔录过程中，因侦查民警疏忽签名时错签了。 上列证据来源合法，内容客观、真实并能相互印证，本院予以确认。 ",
  "cpfxgc": "本院认为，为牟取非法利益，被告人余万春、刘官会、李奇涛违反我国对毒品的管制规定，明知是毒品鸦片仍予以贩卖，其非法贩卖毒品鸦片56041克的行为已触犯我国刑法，均构成贩卖毒品罪，依法予以惩处。公诉机关指控被告人余万春、刘官会、李奇涛犯贩卖毒品罪事实清楚，证据确实、充分，本院予以支持。 被告人余万春、刘官会、李奇涛在共同贩卖毒品犯罪中地位相当，不区分主从犯，应各自承担罪责，比较而言，余万春的作用大于刘官会、李奇涛。 关于被告人余万春、刘官会及其辩护人均提出主观不明知，没有实施犯罪，应宣告无罪的辩护意见，经查，根据在案证据抓获经过（人赃俱获）、通话清单及分析（三被告人联系频繁）、被告人李奇涛的当庭有罪供述（时间、毒品鸦片、交易地点、车辆人员等），上述证据能够相互印证，足以证实被告人余万春、刘官会参与犯罪。二被告人的辩解既无事实证据支撑，亦不符合常识、常理。故对该意见本院不予采纳。 被告人李奇涛当庭如实供述罪行，依法可以从轻处罚。 综上所述，鉴于本案存在特殊性，根据被告人余万春、刘官会、李奇涛犯罪的事实、性质、情节以及对社会的危害程度，依照《中华人民共和国刑法》第三百四十七条第二款（一）项、第二十五条第一款、第五十七条第一款、第六十七条第三款、第六十四条之规定，判决如下：",
  "pjjg": " 一、被告人余万春犯贩卖毒品罪，判处无期徒刑，剥夺政治权利终身，并处没收个人全部财产。 二、被告人刘官会犯贩卖毒品罪，判处无期徒刑，剥夺政治权利终身，并处没收个人全部财产。 三、被告人李奇涛犯贩卖毒品罪，判处有期徒刑十五年（刑期从判决执行之日起计算。判决执行以前先行羁押的，羁押一日折抵刑期一日，即自2016年9月21日起至2031年9月20日止），并处没收个人财产人民币5万元（限于本判决书生效后30日内缴纳）。 三、查获的毒品鸦片56041克、手机3部，依法没收。 如不服本判决，可在接到判决书的第二日起十日内，通过本院或者直接向云南省高级人民法院提出上诉。书面上诉的，应当提交上诉状正本一份，副本二份。",
  "qw": "余万春、刘官会走私、贩卖、运输、制造毒品一审刑事判决书 云南省西双版纳傣族自治州中级人民法院 刑事判决书 （2017）云28刑初147号 公诉机关云南省西双版纳傣族自治州人民检察院。 被告人余万春，绰号“余二”，男，云南省普洱市人，1971年2月1日生，汉族，小学文化，农民，住普洱市墨江县。因本案于2016年9月21日被景洪市公安局刑事拘留，同年10月27日被逮捕。现羁押于景洪市看守所。 辩护人李晓强，云南行动律师事务所律师。 被告人刘官会，女，云南省普洱市人，1967年2月19日生，汉族，文盲，农民，住普洱市江城县。因本案于2016年9月21日被景洪市公安局刑事拘留，同年10月27日被逮捕。现羁押于景洪市看守所。 指定辩护人江晓晴子，云南景诚律师事务所律师。 被告人李奇涛，男，云南省普洱市人，1983年12月23日生，汉族，初中文化，农民，住普洱市江城县。因本案于2016年9月21日被景洪市公安局刑事拘留，同年10月27日被逮捕。现羁押于景洪市看守所。 指定辩护人刘晓云，云南景诚律师事务所律师。 西双版纳傣族自治州人民检察院以西检公诉刑诉（2017）128号起诉书指控被告人余万春、刘官会、李奇涛犯贩卖毒品罪，于2017年4月7日向本院提起公诉。本院依法组成合议庭公开开庭审理了本案。西双版纳傣族自治州人民检察院指派检察员谢晨出庭支持公诉，上述被告人及辩护人均到庭参加诉讼。本案现已审理终结。 西双版纳傣族自治州人民检察院指控：2016年9月19日，被告人余万春、刘官会、李奇涛携带毒品到勐腊县易武乡贩卖，同日17时许，当三被告人到易武乡倮德村委会小红桥路边停放的一辆商务车处进行毒品交易时，被景洪市公安局民警抓获，现场查获毒品可疑物共计净重56041克。经刑事科学技术鉴定，被查获的可疑物系毒品鸦片。 针对指控事实，公诉机关提供了相应的证据予以证实，公诉机关认为，被告人余万春、刘官会、李奇涛贩卖毒品鸦片56041克，三被告人的行为均已触犯《中华人民共和国刑法》第三百四十七条第二款（一）项的规定，构成贩卖毒品罪，提请本院依法判处。 被告人余万春辩称是一名陌生男子叫其开车去接人，其不知道是搞毒品，没有实施犯罪。其辩护人提出公诉机关指控被告人余万春犯贩卖毒品罪的事实不清，证据不足的辩护意见，建议宣告余万春无罪。 被告人刘官会辩称其什么都不知道，仅仅是走路经过白色轿车旁边，没有构成犯罪。其指定辩护人提出公诉机关指控罪名不能成立，无证据证实被告人刘官会有贩卖毒品的故意，证实被告人刘官会存在贩卖毒品行为的证据不足的辩护意见，建议宣告刘官会无罪。 被告人李奇涛辩称其只是介绍余万春、刘官会二人认识，对起诉书指控的罪名及犯罪事实无异议，当庭认罪，请求从轻判处。其指定辩护人提出本案存在特殊性，被告人李奇涛只是起介绍作用，系从犯，认罪态度好的辩护意见，建议对李奇涛从轻或者减轻处罚。 经审理查明：被告人余万春邀约并通过被告人李奇涛认识被告人刘官会，2016年9月19日，余万春驾驶云J×××××比亚迪轿车，李奇涛、刘官会驾乘云J×××××北汽威旺面包车从普洱市江城县到达勐腊县易武乡，同日17时许，三被告人携带毒品到约定的交易地点勐腊县易武乡倮德村委会曼腊村小虹桥路边停放的一辆商务车处进行交易时，被景洪市公安局民警当场抓获，现场从该车后排座查获毒品鸦片2袋，净重56041克。一名老挝籍男子跳下旁边的水沟逃脱。 上述事实，有下列由公诉机关提交并经当庭举证、质证的证据证实： 1、查获、抓获经过、接受刑事案件登记表，证实公安机关根据线索查获毒品可疑物及抓获被告人余万春、刘官会、李奇涛的时间、地点、经过。 2、检查笔录、提取笔录、扣押决定书、扣押物品及照片，证实涉案的毒品可疑物2袋、车辆、手机等已被扣押的事实。 3、毒品辨认、扣押、收缴笔录、称量记录及照片，证实被查获的毒品可疑物经被告人余万春、刘官会、李奇涛指认并称量，净重56041克并已被收缴的事实。 4、毒品取样记录、理化检验报告、鉴定意见通知书，证实被查获的可疑物经取样送检，检出吗啡、可待因、蒂巴因、罂粟碱、那某成分，其中吗啡含量为3.15％。被告人余万春、刘官会、李奇涛对鉴定意见无异议。 5、通话清单及分析，证实在2016年9月1日至19日期间，被告人余万春、刘官会、李奇涛之间联系频繁，其中，被告人余万春使用的电话号码182××××3676与被告人李奇涛使用的电话号码151××××7217通话104次、与被告人刘官会使用的电话号码158××××1633通话7次；被告人李奇涛使用的电话号码151××××7217与被告人刘官会使用的电话号码158××××1633通话103次。 6、活动轨迹信息，证实被告人余万春在2015年1月至2016年9月期间，到达并入住普洱市江城县、思茅区、孟连县，大理市、保山市的情况；被告人李奇涛到达并入住普洱市江城县、思茅区，勐腊县关累镇，昆明市、西安市的情况。 7、车辆信息查询。证实云J×××××北京牌灰色小型汽车登记的权利人为李奇涛。云J×××××比亚迪牌灰色小型汽车登记的权利人为余某。 8、户口证明及前科证明材料，证实被告人余万春、刘官会、李奇涛的身份和基本情况。 9、被告人的供述与辩解。 （1）被告人余万春供称，2016年8月初，其接到一个陌生男子打来的电话，约其在思茅新南站见面，见面后该男子问其经常跑车是否认识老挝人，其就把两个老挝人的电话告诉了陌生男子。9月10日左右该陌生男子打电话告诉其老挝人拿着大烟出来了，要其开车去到曼腊村小虹桥然后包其车去景洪市，但其害怕没有做。9月19日9时许，该陌生男子打电话要其下午2点半左右开车在曼腊村小虹桥那等，包其车去景洪市，说老挝人拿着大烟出来了，并保证其安全，还要其再喊辆车，其就打电话给朋友李奇涛，告诉他有老板包车，包车费用人民币500元，下午4、5点到曼腊村小虹桥。当日14时许其开着比亚迪轿车去到小虹桥，但没有见到该陌生男子，其就打电话催，该男子说快了快了。17时许，该陌生男子开着一辆白色轿车带着一名小伙子来到，其就跟陌生男子说主要是安全问题，该陌生男子说不怕不怕。18时许，有两名其不认识的男子一人背着一包东西放到陌生男子开来的白色轿车上，过了一会，刘官会、李奇涛来到其身旁，他们三个人就被公安民警抓了，背东西的两名男子逃跑了。 （2）被告人刘官会供称，其和李奇涛是邻居，不认识余万春。2016年9月19日11时许，其准备上街去买油遇到李奇涛开着面包车，其就拦停坐上去，李奇涛对其说要去勐腊县易武乡曼腊村小虹桥办点事情，要其一起去。其就同意了，当日13时许，其和李奇涛去到勐腊县易武乡曼腊村小虹桥，李奇涛要其下车在路边等着，接着开车去转了一圈又回来，然后称手机没电了借其手机打了几个电话，过了30分钟左右，来了两辆白色轿车，余万春和李奇涛就从李奇涛的面包车上抬了两包东西去到一辆白色轿车上，其站在路边看着，什么也没有做。过了几分钟就来了好几辆车，从车上下来好多人把其和余万春、李奇涛抓了，在那辆白色轿车上查获了两大包毒品鸦片。 （3）被告人李奇涛供称，2016年9月19日，通过跑车认识的余万春打电话告诉其有一个老板包车拉砂仁，要其开车去到勐腊县易武乡曼腊村小虹桥，拉到勐腊县易武乡给其运费人民币500元，其就开着面包车去到曼腊村小虹桥，余万春开着比亚迪轿车先到，其就问余万春老板的货呢？余万春说再等下，后其在等货的过程中被民警抓获。 另供述，余万春是通过其认识刘官会的，毒品鸦片是余万春叫刘官会介绍老板联系拿来，案发当日，余万春打电话给其叫刘官会、毒品老板坐其面包车到达勐腊县易武乡曼腊村小虹桥，毒品老板打了一个电话，来了一个骑摩托车的人，其开车跟着去一个路边拿的毒品，送毒品的有2个人。余万春、刘官会、购毒老板都在现场，其开车拿到毒品返回后余万春与购毒老板谈了一下，他们和毒品老板将毒品鸦片两大包抬到购毒老板白色轿车上然后就被冲出来的民警抓了。在2016年9月5日其和余万春、刘官会做过一次毒品交易，因对方没有钱故未做成。 10、情况说明，证实（1）在抓捕现场逃跑的“老挝人”，因被告人余万春、刘官会、李奇涛未能提供该“老挝人”的详细身份信息，故未能抓获。（2）在对被告人余万春、刘官会、李奇涛制作的毒品辨认笔录、称量记录、提取记录时都有见证人在场，见证人信息如下：张才，男，汉族，住景洪市东风农场东风花园，联系电话133××××7809，居民身份证号码。（3）在制作相关笔录过程中，因侦查民警疏忽签名时错签了。 上列证据来源合法，内容客观、真实并能相互印证，本院予以确认。 本院认为，为牟取非法利益，被告人余万春、刘官会、李奇涛违反我国对毒品的管制规定，明知是毒品鸦片仍予以贩卖，其非法贩卖毒品鸦片56041克的行为已触犯我国刑法，均构成贩卖毒品罪，依法予以惩处。公诉机关指控被告人余万春、刘官会、李奇涛犯贩卖毒品罪事实清楚，证据确实、充分，本院予以支持。 被告人余万春、刘官会、李奇涛在共同贩卖毒品犯罪中地位相当，不区分主从犯，应各自承担罪责，比较而言，余万春的作用大于刘官会、李奇涛。 关于被告人余万春、刘官会及其辩护人均提出主观不明知，没有实施犯罪，应宣告无罪的辩护意见，经查，根据在案证据抓获经过（人赃俱获）、通话清单及分析（三被告人联系频繁）、被告人李奇涛的当庭有罪供述（时间、毒品鸦片、交易地点、车辆人员等），上述证据能够相互印证，足以证实被告人余万春、刘官会参与犯罪。二被告人的辩解既无事实证据支撑，亦不符合常识、常理。故对该意见本院不予采纳。 被告人李奇涛当庭如实供述罪行，依法可以从轻处罚。 综上所述，鉴于本案存在特殊性，根据被告人余万春、刘官会、李奇涛犯罪的事实、性质、情节以及对社会的危害程度，依照《中华人民共和国刑法》第三百四十七条第二款（一）项、第二十五条第一款、第五十七条第一款、第六十七条第三款、第六十四条之规定，判决如下： 一、被告人余万春犯贩卖毒品罪，判处无期徒刑，剥夺政治权利终身，并处没收个人全部财产。 二、被告人刘官会犯贩卖毒品罪，判处无期徒刑，剥夺政治权利终身，并处没收个人全部财产。 三、被告人李奇涛犯贩卖毒品罪，判处有期徒刑十五年（刑期从判决执行之日起计算。判决执行以前先行羁押的，羁押一日折抵刑期一日，即自2016年9月21日起至2031年9月20日止），并处没收个人财产人民币5万元（限于本判决书生效后30日内缴纳）。 三、查获的毒品鸦片56041克、手机3部，依法没收。 如不服本判决，可在接到判决书的第二日起十日内，通过本院或者直接向云南省高级人民法院提出上诉。书面上诉的，应当提交上诉状正本一份，副本二份。 审判长李冰峰 审判员曾玲蓉 人民陪审员李忠梅 二〇一七年七月六日 书记员袁梓畅",
  "writId": "062baa5dac3aba2f7c882d8012cd2de7e3f",
  "writName": "余万春、刘官会走私、贩卖、运输、制造毒品一审刑事判决书",
  "cid": 37869,
  "crime": [
    "贩卖毒品罪"
  ]
}