{
  "ajId": "48ece59c-c0d0-4d7b-b650-135ad9a3d2d8",
  "ajName": "温俊刚故意伤害一案",
  "ajjbqk": " 祁县人民检察院指控，2017年4月，经被告人赵建忠、陈宝玉介绍，祁县振东煤化有限责任公司在没有实际货物交易的情况下为山东临沂多汇商贸有限公司虚开增值税专用发票8份（票号为05469443—05469450，发票金额为7999952.16元，税额为1359991.84元，价税合计9359944元）。赵建忠从祁县振东煤化有限责任公司拿到上述8份增值税专用发票后，赴山东以926600元的价格出售给山东临沂多汇商贸有限公司实际负责人程某（另案处理），后山东临沂多汇商贸有限公司将此8份增值税专用发票在临沂市罗庄区国税局认证、抵扣，造成国家税款损失1359991.84元。 被告人陈宝玉明知双方没有实际货物交易，仍给双方介绍，并在双方企业开票后作为收取开票费用的担保人。被告人赵建忠收到赃款926600元后，将其中861000元作为开票费转账给祁县振东煤化有限公司实际负责人高某（已上网追逃）指定的收款人吕某2，付陈宝玉好处费10000元，自己得好处费50000元，其余作为去山东的开支。 2018年2月9日，山东临沂多汇商贸有限公司补缴税款及滞纳金1511545.92元。 公诉机关认为，被告人赵建忠、陈宝玉在没有实际货物交易的情况下，介绍祁县振东煤化有限责任公司为山东临沂多汇商贸有限公司虚开增值税专用发票，虚开税款金额达1359991.84元，其行为均触犯了《中华人民共和国刑法》第二百零五条，应当以虚开增值税专用发票罪追究其刑事责任。被告人陈宝玉案发后主动投案并如实供述犯罪事实，系自首，依法可以从轻或者减轻处罚。针对上述指控公诉机关当庭提供了相应证据，建议对被告人赵建忠判处三至五年有期徒刑，并处罚金，对被告人陈宝玉判处四年以下有期徒刑，并处罚金，结合社区矫正机构评估意见可对陈宝玉判处缓刑。 被告人赵建忠对起诉书指控的犯罪事实当庭供认不讳。 辩护人提出的主要辩护意见是：一、根据法律规定，应以实际虚开的税额认定；二、本案中认证、抵扣的税款已补缴，给国家挽回了损失，可对被告人从轻处罚；三、被告人认罪、悔罪，且系初犯、偶犯。综上，请求对被告人判处缓刑。 被告人陈宝玉对起诉书指控的犯罪事实当庭供认不讳。 经审理查明，2017年4月，山东临沂多汇商贸有限公司实际负责人程某（另案处理）因需要增值税专用发票而找到被告人陈宝玉，陈宝玉遂将被告人赵建忠介绍给了程某，经协商，双方约定以发票总金额的9.9％给付赵建忠开票费。之后，赵建忠找到祁县振东煤化有限责任公司实际负责人高某（已上网追逃），由祁县振东煤化有限责任公司为山东临沂多汇商贸有限公司虚开增值税专用发票8份（票号为05469443—05469450，发票金额为7999952.16元，税额为1359991.84元，价税合计9359944元）。赵建忠拿到上述8份增值税专用发票后去山东交给程某，程某因担心发票有问题而不敢给付赵建忠开票费，赵建忠电话联系了陈宝玉，陈宝玉表示只要发票没问题，其担保赵建忠拿到开票费。后程某将开票费926600元汇入赵建忠提供的刘某的建设银行账户中，赵建忠将其中861000元作为开票费转账给高某指定的收款人吕某2，付陈宝玉好处费10000元，自己得好处费50000元，其余作为去山东的开支。后陈宝玉将10000元退还给了赵建忠。山东临沂多汇商贸有限公司将此8份增值税专用发票在临沂市罗庄区国税局进行了认证、抵扣。2018年2月9日，山东临沂多汇商贸有限公司补缴税款及滞纳金1511545.92元。 经当庭举证、质证，认定上述事实的证据有： 1、被告人赵建忠、陈宝玉的常住人口基本信息。 2、太原铁路公安局临汾公安处祁县东站派出所出具的归案情况说明，证实：2018年2月22日赵建忠被抓获归案。 3、祁县公安局出具的陈宝玉到案经过，证实：2018年3月19日，陈宝玉主动到该局投案。 4、临沂多汇商贸有限公司税务登记表、增值税纳税申报表、认证结果通知、认证结果清单。 5、临沂多汇商贸有限公司营业执照、祁县振东煤化有限责任公司账务资料、虚开的8份增值税专用发票。 6、刘某建设银行账户交易明细、程某建设银行账户交易明细。 7、祁县振东煤化有限责任公司与临沂多汇商贸有限公司虚假银行交易记录。 8、罗庄区国税局罗庄分局风险提醒解除问题入库传递单、税收完税证明，证实：2018年2月9日，临沂多汇商贸有限公司补缴增值税及滞纳金共计1511545.92元。 9、证人程某的证言，证实：山东临沂多汇商贸有限公司实际负责人。2017年4月，我做煤的生意增值税进项票不够，通过陈宝玉介绍认识了赵建忠，陈宝玉告诉我赵建忠可以开具增值税专用发票，我就和赵建忠联系好了开票事宜，让他将发票送到我的煤厂，赵建忠亲自给我送过来的，当时赵建忠和我谈的要总金额的9.9％，我拿上票第二天从卡上分两次给他提供的刘某的卡上转账926600元。8张增值税专用发票票号为05469443—05469450，开票日期是2017年4月22日，开票方为祁县振东煤化有限公司，接收方是我公司，金额为7999952.16元，税额为1359991.84元，价税合计9359944元。我和祁县振东煤化有限公司没有实际业务往来，就是虚开了8份增值税专用发票。相关票据在临沂市罗庄区国税局认证、抵扣了。2018年2月9日，我安排公司将相关税款及滞纳金共计1511542.92元上缴临沂市罗庄区国税局。我去太原找陈宝玉时就是想让他给我找些增值税发票做进项，我明确告诉他必须是正规企业的票，并要求给我以票面额10％以下的金额来做，他才给我找的赵建忠，赵建忠给我送发票时，我怕发票有问题，当天不敢给赵建忠钱，赵建忠不答应，是陈宝玉中间担保，赵建忠才先离开的公司，并且陈宝玉也和我说过，这几份票没问题，我才将买票款汇给赵建忠的。 10、证人李某的证言，证实：2017年4月，赵建忠和我说临沂多汇商贸有限公司要开具增值税专用发票，并且和我说是小高让他经办，后来小高给我打电话，告诉我这笔增值税专用发票让赵建忠经办，我记得赵建忠安排他小舅子给的我对方开票资料，我把票开好后给了赵建忠小舅子。 11、证人史某的证言，证实：2017年4月，我先去了祁县东观大河泵业找到会计，拨通我姐夫赵建忠的电话，赵建忠安排会计给我开了增值税专用发票，我拿上票后，赵建忠也来了，让我拉上他去了山东临沂送票，我们去了临沂的一个洗煤厂里，他们和赵建忠在屋子里谈，我在车里等着，后来赵建忠问我有没有建行卡，我把我老婆刘某的建行卡号告诉了赵建忠，厂里给刘某卡上打了80多万元。 12、被告人赵建忠的供述与辩解，证实：2017年4月，陈宝玉和我电话联系说程某的企业需要增值税专用发票，并告诉了我程某的电话，我就和程某具体联系开票的细节，程某说要900多万的增值税专用发票，我就和高某说这回事，经高某同意，我找了祁县振东煤化有限责任公司的会计李某，我把程某发的短信，内容是对方的开票信息，转给李某，李某按要求开了8份增值税专用发票，我让我小舅子史某找李某拿的发票，然后史某开车拉我去了山东临沂程某的洗煤厂，当时我们约定以票面额9.9％的价格共是926600元卖给他发票，我把史某老婆刘某的建设银行卡卡号给了程某，当天没拿上钱，我就联系陈宝玉，陈宝玉说钱肯定能拿上，都是朋友，他将来负责。我离开山东第二天程某将钱打入我指定的账户。我付给高某861000元，这是我和他约定好的发票面额9.2％的好处费，其余的钱我让刘某给我老婆史维萍账户转了60000元，剩下的5600元给了史某作为去山东的费用。8份发票票号为05469443—05469450，名称为精煤，每张金额为999994.02元，税额为169998.98元。我告诉陈宝玉卖发票挣了两三万元，让他给我个卡号，我让我老婆给打了10000元。过年以后，陈宝玉打电话说将卖票的10000元退给我，通过微信退给我8000元，说是以前我欠他2000元。 13、被告人陈宝玉的供述与辩解，证实：2017年4月，程某到太原找我说他的增值税进项票不够，让我给想办法弄些增值税专用发票，我就找了赵建忠，赵建忠还专门到太原和我及程某进行了协商，过了几天，赵建忠说他可以弄到增值税专用发票，我告诉了程某，程某说10个点以下他就用，太贵了他不用，我和赵建忠说了此事，并让他和程某直接联系，后来我知道赵建忠去了山东送了票，程某怕票有问题不敢先给钱，赵建忠给我打电话，我说都是朋友，只要票没问题，钱我可以担保能拿上。过了一段时间，赵建忠打电话说这件事他挣了两三万元，让我告诉他个卡号，他给了我10000元介绍费。今年初公安局去山东后，程某给我打电话说票出了问题，我给赵建忠打电话，通过微信转账给他8000元，因为他以前借过我2000元，就算是我将好处费都退给他了。 ",
  "cpfxgc": "本院认为，被告人赵建忠、陈宝玉在没有实际货物交易的情况下，介绍祁县振东煤化有限责任公司给临沂多汇商贸有限公司虚开增值税专用发票，虚开税款金额达1359991.84元，数额较大，其行为均已构成虚开增值税专用发票罪。公诉机关指控二被告人的罪名成立。二被告人在共同犯罪中均起主要作用，均系主犯。被告人赵建忠能够如实供述犯罪事实，依法可以从轻处罚；被告人陈宝玉犯罪后主动到公安机关投案，并如实供述其罪行，是自首，依法可以从轻处罚；案发后抵扣的税款已补缴，酌情对二被告人可以从轻处罚。对被告人赵建忠的辩护人提出的相关辩护意见，本院予以采纳。根据被告人陈宝玉犯罪的事实、性质、情节及对社会的危害程度，并经社区矫正机构评估，对其依法可以适用缓刑。公诉机关的量刑建议符合法律规定，本院予以采纳。依据《中华人民共和国刑法》第二百零五条、第二十五条、第五十二条、第五十三条第一款、第六十四条、第六十七条第一款、第三款、第七十二条、第七十三条第二款、第三款之规定，判决如下：",
  "pjjg": " 一、被告人赵建忠犯虚开增值税专用发票罪，判处有期徒刑三年六个月，并处罚金六万元。 （刑期从判决执行之日起计算；判决执行以前先行羁押的，羁押一日折抵刑期一日，即自2018年2月22日起至2021年8月21日止。罚金限判决生效后一个月内缴纳。） 二、被告人陈宝玉犯虚开增值税专用发票罪，判处有期徒刑三年，缓刑三年，并处罚金五万元（已预缴）。 （缓刑考验期限，从判决确定之日起计算。） 三、追缴被告人赵建忠的违法所得60000元，上缴国库。 如不服本判决，可在接到判决书的第二日起十日内，通过本院或直接上诉于山西省晋中市中级人民法院，书面上诉的，应交上诉状正本一份，副本二份。",
  "qw": "山西省祁县人民法院 刑事判决书 （2018）晋0727刑初37号 公诉机关祁县人民检察院。 被告人赵建忠，男，1975年11月24日生，汉族，初中文化，户籍所在地山西省晋中市灵石县，住灵石县。2011年5月21日因吸食毒品被晋中市公安局行政拘留五日。2018年2月22日因涉嫌虚开增值税专用发票罪被祁县公安局刑事拘留，经祁县人民检察院批准，同年3月23日祁县公安局执行逮捕。现押祁县看守所。 辩护人王帅，山西祁明律师事务所律师。 被告人陈宝玉，男，1962年10月26日生，汉族，大学本科文化，户籍所在地山西省太原市迎泽区，现住太原市小店区。2018年3月19日因涉嫌虚开增值税专用发票罪被祁县公安局取保候审。 祁县人民检察院以祁检刑刑诉［2017］40号起诉书指控被告人赵建忠、陈宝玉犯虚开增值税专用发票罪，于2018年5月31日向本院提起公诉。本院依法组成合议庭，公开开庭审理了本案。祁县人民检察院指派检察员吕治华出庭支持公诉。被告人赵建忠及其辩护人王帅、被告人陈宝玉到庭参加诉讼。现已审理终结。 祁县人民检察院指控，2017年4月，经被告人赵建忠、陈宝玉介绍，祁县振东煤化有限责任公司在没有实际货物交易的情况下为山东临沂多汇商贸有限公司虚开增值税专用发票8份（票号为05469443—05469450，发票金额为7999952.16元，税额为1359991.84元，价税合计9359944元）。赵建忠从祁县振东煤化有限责任公司拿到上述8份增值税专用发票后，赴山东以926600元的价格出售给山东临沂多汇商贸有限公司实际负责人程某（另案处理），后山东临沂多汇商贸有限公司将此8份增值税专用发票在临沂市罗庄区国税局认证、抵扣，造成国家税款损失1359991.84元。 被告人陈宝玉明知双方没有实际货物交易，仍给双方介绍，并在双方企业开票后作为收取开票费用的担保人。被告人赵建忠收到赃款926600元后，将其中861000元作为开票费转账给祁县振东煤化有限公司实际负责人高某（已上网追逃）指定的收款人吕某2，付陈宝玉好处费10000元，自己得好处费50000元，其余作为去山东的开支。 2018年2月9日，山东临沂多汇商贸有限公司补缴税款及滞纳金1511545.92元。 公诉机关认为，被告人赵建忠、陈宝玉在没有实际货物交易的情况下，介绍祁县振东煤化有限责任公司为山东临沂多汇商贸有限公司虚开增值税专用发票，虚开税款金额达1359991.84元，其行为均触犯了《中华人民共和国刑法》第二百零五条，应当以虚开增值税专用发票罪追究其刑事责任。被告人陈宝玉案发后主动投案并如实供述犯罪事实，系自首，依法可以从轻或者减轻处罚。针对上述指控公诉机关当庭提供了相应证据，建议对被告人赵建忠判处三至五年有期徒刑，并处罚金，对被告人陈宝玉判处四年以下有期徒刑，并处罚金，结合社区矫正机构评估意见可对陈宝玉判处缓刑。 被告人赵建忠对起诉书指控的犯罪事实当庭供认不讳。 辩护人提出的主要辩护意见是：一、根据法律规定，应以实际虚开的税额认定；二、本案中认证、抵扣的税款已补缴，给国家挽回了损失，可对被告人从轻处罚；三、被告人认罪、悔罪，且系初犯、偶犯。综上，请求对被告人判处缓刑。 被告人陈宝玉对起诉书指控的犯罪事实当庭供认不讳。 经审理查明，2017年4月，山东临沂多汇商贸有限公司实际负责人程某（另案处理）因需要增值税专用发票而找到被告人陈宝玉，陈宝玉遂将被告人赵建忠介绍给了程某，经协商，双方约定以发票总金额的9.9％给付赵建忠开票费。之后，赵建忠找到祁县振东煤化有限责任公司实际负责人高某（已上网追逃），由祁县振东煤化有限责任公司为山东临沂多汇商贸有限公司虚开增值税专用发票8份（票号为05469443—05469450，发票金额为7999952.16元，税额为1359991.84元，价税合计9359944元）。赵建忠拿到上述8份增值税专用发票后去山东交给程某，程某因担心发票有问题而不敢给付赵建忠开票费，赵建忠电话联系了陈宝玉，陈宝玉表示只要发票没问题，其担保赵建忠拿到开票费。后程某将开票费926600元汇入赵建忠提供的刘某的建设银行账户中，赵建忠将其中861000元作为开票费转账给高某指定的收款人吕某2，付陈宝玉好处费10000元，自己得好处费50000元，其余作为去山东的开支。后陈宝玉将10000元退还给了赵建忠。山东临沂多汇商贸有限公司将此8份增值税专用发票在临沂市罗庄区国税局进行了认证、抵扣。2018年2月9日，山东临沂多汇商贸有限公司补缴税款及滞纳金1511545.92元。 经当庭举证、质证，认定上述事实的证据有： 1、被告人赵建忠、陈宝玉的常住人口基本信息。 2、太原铁路公安局临汾公安处祁县东站派出所出具的归案情况说明，证实：2018年2月22日赵建忠被抓获归案。 3、祁县公安局出具的陈宝玉到案经过，证实：2018年3月19日，陈宝玉主动到该局投案。 4、临沂多汇商贸有限公司税务登记表、增值税纳税申报表、认证结果通知、认证结果清单。 5、临沂多汇商贸有限公司营业执照、祁县振东煤化有限责任公司账务资料、虚开的8份增值税专用发票。 6、刘某建设银行账户交易明细、程某建设银行账户交易明细。 7、祁县振东煤化有限责任公司与临沂多汇商贸有限公司虚假银行交易记录。 8、罗庄区国税局罗庄分局风险提醒解除问题入库传递单、税收完税证明，证实：2018年2月9日，临沂多汇商贸有限公司补缴增值税及滞纳金共计1511545.92元。 9、证人程某的证言，证实：山东临沂多汇商贸有限公司实际负责人。2017年4月，我做煤的生意增值税进项票不够，通过陈宝玉介绍认识了赵建忠，陈宝玉告诉我赵建忠可以开具增值税专用发票，我就和赵建忠联系好了开票事宜，让他将发票送到我的煤厂，赵建忠亲自给我送过来的，当时赵建忠和我谈的要总金额的9.9％，我拿上票第二天从卡上分两次给他提供的刘某的卡上转账926600元。8张增值税专用发票票号为05469443—05469450，开票日期是2017年4月22日，开票方为祁县振东煤化有限公司，接收方是我公司，金额为7999952.16元，税额为1359991.84元，价税合计9359944元。我和祁县振东煤化有限公司没有实际业务往来，就是虚开了8份增值税专用发票。相关票据在临沂市罗庄区国税局认证、抵扣了。2018年2月9日，我安排公司将相关税款及滞纳金共计1511542.92元上缴临沂市罗庄区国税局。我去太原找陈宝玉时就是想让他给我找些增值税发票做进项，我明确告诉他必须是正规企业的票，并要求给我以票面额10％以下的金额来做，他才给我找的赵建忠，赵建忠给我送发票时，我怕发票有问题，当天不敢给赵建忠钱，赵建忠不答应，是陈宝玉中间担保，赵建忠才先离开的公司，并且陈宝玉也和我说过，这几份票没问题，我才将买票款汇给赵建忠的。 10、证人李某的证言，证实：2017年4月，赵建忠和我说临沂多汇商贸有限公司要开具增值税专用发票，并且和我说是小高让他经办，后来小高给我打电话，告诉我这笔增值税专用发票让赵建忠经办，我记得赵建忠安排他小舅子给的我对方开票资料，我把票开好后给了赵建忠小舅子。 11、证人史某的证言，证实：2017年4月，我先去了祁县东观大河泵业找到会计，拨通我姐夫赵建忠的电话，赵建忠安排会计给我开了增值税专用发票，我拿上票后，赵建忠也来了，让我拉上他去了山东临沂送票，我们去了临沂的一个洗煤厂里，他们和赵建忠在屋子里谈，我在车里等着，后来赵建忠问我有没有建行卡，我把我老婆刘某的建行卡号告诉了赵建忠，厂里给刘某卡上打了80多万元。 12、被告人赵建忠的供述与辩解，证实：2017年4月，陈宝玉和我电话联系说程某的企业需要增值税专用发票，并告诉了我程某的电话，我就和程某具体联系开票的细节，程某说要900多万的增值税专用发票，我就和高某说这回事，经高某同意，我找了祁县振东煤化有限责任公司的会计李某，我把程某发的短信，内容是对方的开票信息，转给李某，李某按要求开了8份增值税专用发票，我让我小舅子史某找李某拿的发票，然后史某开车拉我去了山东临沂程某的洗煤厂，当时我们约定以票面额9.9％的价格共是926600元卖给他发票，我把史某老婆刘某的建设银行卡卡号给了程某，当天没拿上钱，我就联系陈宝玉，陈宝玉说钱肯定能拿上，都是朋友，他将来负责。我离开山东第二天程某将钱打入我指定的账户。我付给高某861000元，这是我和他约定好的发票面额9.2％的好处费，其余的钱我让刘某给我老婆史维萍账户转了60000元，剩下的5600元给了史某作为去山东的费用。8份发票票号为05469443—05469450，名称为精煤，每张金额为999994.02元，税额为169998.98元。我告诉陈宝玉卖发票挣了两三万元，让他给我个卡号，我让我老婆给打了10000元。过年以后，陈宝玉打电话说将卖票的10000元退给我，通过微信退给我8000元，说是以前我欠他2000元。 13、被告人陈宝玉的供述与辩解，证实：2017年4月，程某到太原找我说他的增值税进项票不够，让我给想办法弄些增值税专用发票，我就找了赵建忠，赵建忠还专门到太原和我及程某进行了协商，过了几天，赵建忠说他可以弄到增值税专用发票，我告诉了程某，程某说10个点以下他就用，太贵了他不用，我和赵建忠说了此事，并让他和程某直接联系，后来我知道赵建忠去了山东送了票，程某怕票有问题不敢先给钱，赵建忠给我打电话，我说都是朋友，只要票没问题，钱我可以担保能拿上。过了一段时间，赵建忠打电话说这件事他挣了两三万元，让我告诉他个卡号，他给了我10000元介绍费。今年初公安局去山东后，程某给我打电话说票出了问题，我给赵建忠打电话，通过微信转账给他8000元，因为他以前借过我2000元，就算是我将好处费都退给他了。 本院认为，被告人赵建忠、陈宝玉在没有实际货物交易的情况下，介绍祁县振东煤化有限责任公司给临沂多汇商贸有限公司虚开增值税专用发票，虚开税款金额达1359991.84元，数额较大，其行为均已构成虚开增值税专用发票罪。公诉机关指控二被告人的罪名成立。二被告人在共同犯罪中均起主要作用，均系主犯。被告人赵建忠能够如实供述犯罪事实，依法可以从轻处罚；被告人陈宝玉犯罪后主动到公安机关投案，并如实供述其罪行，是自首，依法可以从轻处罚；案发后抵扣的税款已补缴，酌情对二被告人可以从轻处罚。对被告人赵建忠的辩护人提出的相关辩护意见，本院予以采纳。根据被告人陈宝玉犯罪的事实、性质、情节及对社会的危害程度，并经社区矫正机构评估，对其依法可以适用缓刑。公诉机关的量刑建议符合法律规定，本院予以采纳。依据《中华人民共和国刑法》第二百零五条、第二十五条、第五十二条、第五十三条第一款、第六十四条、第六十七条第一款、第三款、第七十二条、第七十三条第二款、第三款之规定，判决如下： 一、被告人赵建忠犯虚开增值税专用发票罪，判处有期徒刑三年六个月，并处罚金六万元。 （刑期从判决执行之日起计算；判决执行以前先行羁押的，羁押一日折抵刑期一日，即自2018年2月22日起至2021年8月21日止。罚金限判决生效后一个月内缴纳。） 二、被告人陈宝玉犯虚开增值税专用发票罪，判处有期徒刑三年，缓刑三年，并处罚金五万元（已预缴）。 （缓刑考验期限，从判决确定之日起计算。） 三、追缴被告人赵建忠的违法所得60000元，上缴国库。 如不服本判决，可在接到判决书的第二日起十日内，通过本院或直接上诉于山西省晋中市中级人民法院，书面上诉的，应交上诉状正本一份，副本二份。 审判长张文武 人民陪审员张雁滨 人民陪审员赵希云 二〇一八年八月十三日 书记员李俊香",
  "writId": "05193517ce81d4f9ded813fabda5420dd5d",
  "writName": "赵建忠、陈宝玉虚开增值税专用发票、用于骗取出口退税、抵扣税款发票一审刑事判决书",
  "cid": 42473,
  "crime": [
    "以下是涉及的罪名，以str格式表示：\n\n```python\n[虚开增值税专用发票罪]\n```\n\n注意，这个列表只包含了一个罪名，因为给出的信息是赵建忠和陈宝玉都因虚开增值税专用发票罪被判刑。如果需要列出所有被告人的罪名，可能还需要查看其他案件细节或上下文。"
  ]
}