{
  "ajId": "0c5ed403-cce7-4cf6-95b7-2fc6225278e6",
  "ajName": "谢某犯妨害公务罪一案",
  "ajjbqk": " 瑞安市人民检察院指控：2016年5月24日上午，郑某甲因被告人谢某被辞退后拒不离开其位于瑞安市塘下镇××××村的××塑料厂，遂打电话报警。瑞安市公安局××派出所民警朱某接警后，带领协警黄某乙、郑某乙着警服出警至现场。后因劝说无效，朱某依法对被告人谢某进行口头传唤，但被告人谢某拒不配合，并夺走黄某乙的手铐，继而用手铐等将朱某、黄某乙、郑某乙殴打致伤。后被告人谢某被朱某等人制服并带回派出所。经鉴定，被害人朱某、黄某甲、郑某乙的损伤程度均属轻微伤。 对于上述指控，公诉机关提供了相应的证据予以证明，据此认定被告人谢某的行为构成妨害公务罪，提请本院依照《中华人民共和国刑法》第二百七十七条第一款之规定，依法惩处。 被告人谢某辩称，1、其在××塑料厂没有与他人发生纠纷，不需要民警出警，所以民警到达现场，其不知道是警察身份；2、民警让其离开塑料厂，用辣椒水喷其眼睛，用电棍击打其头部受伤，其夺了手铐阻挡电棍，没有打人的故意，在这期间有拿手铐在空中乱舞，因眼睛模糊，不清楚有没有打到人。被告人谢某当庭提交了一份其被抓获当天受伤的照片。 经审理查明，2016年5月24日上午，郑某甲因被告人谢某被辞退后拒不离开其位于瑞安市塘下镇××××村的××塑料厂，遂打电话报警。瑞安市公安局××派出所民警朱某接警后，带领协警黄某乙、郑某乙着警服出警至现场。在劝说被告人谢某离开塑料厂无效后，朱某依法对被告人谢某进行口头传唤，但被告人谢某拒不配合，并夺走黄某乙的手铐，用手铐将朱某、黄某乙、郑某乙殴打致伤。后被告人谢某被朱某等人制服并带回派出所。经鉴定，朱某主要损伤为面部软组织挫伤，左前臂1.3cm创口；黄某乙主要损伤为右手小指一处创，长0.8cm，右手腕、右额部软组织挫伤；郑某乙主要损伤为左颧部软组织挫擦伤，损伤程度均属轻微伤。在制服被告人谢某过程中，民警使用了辣椒水和警械。 上述事实，有公诉机关出示并经法庭质证的证据如下： 1、被告人谢某的供述，供认其在××塑料厂夺取手铐乱舞的事实。 2、被害人朱某、黄某乙、郑某乙的陈述，证实被害人朱某系民警，黄某乙、郑某乙系协警，2016年5月24日接警后，民警朱某带领黄某乙、郑某乙身着警服出警至瑞安市塘下镇××××村的××塑料厂，向谢某亮明身份后进行劝说和依法传唤，被告人不配合，并夺走被害人黄某乙的手铐，继而用手铐将三名出警人员殴打致伤。在谢某殴打证人后，为制服谢某，对其使用了警械。 3、证人郑某甲的证言，证实2016年5月24日，谢某被辞退后拒绝离开工厂，其报警，三名出警人员身着警服到现场，向谢某亮明身份后进行劝说，期间，谢某夺走一出警人员的手铐，用手铐将三名出警人员打伤的事实。 4、伤势照片、法医学人体损伤程度鉴定书，证实三位被害人的伤势均为轻微伤。 5、警员信息单证实出警人员的身份情况。 6、抓获经过，证实被告人归案情况。 7、人口信息，证实被告人的身份情况。 上述证据符合证据“三性”，本院予以确认。 被告人谢某辩解不知道警察在执行公务，经查，被害人朱某、黄某乙、郑某乙均证实到现场出警时身着警服，被害人朱某向被告人谢某表明了警察身份并对被告人谢某进行劝导工作，上述陈述得到证人郑某甲的印证，故被告人的辩解不符合客观事实，不予采信。 ",
  "cpfxgc": "本院认为，被告人谢某以暴力方法阻碍国家机关工作人员依法执行职务，其行为已触犯刑律，构成妨害公务罪。公诉机关指控的罪名成立。关于被告人谢某提出的其在被警械伤害的情况下夺取手铐进行防卫，不构成犯罪的辩解，经查，在案的证据显示被告人谢某不配合被害人执行公务，并夺取手铐殴打执行公务中的被害人，被害人在制服过程中使用了警械，是合法的行为，其受伤的情况不能阻却违法的事实，故对其辩解，不予采纳。为严明国法，惩罚犯罪，维护社会管理秩序，根据被告人犯罪的事实、犯罪的性质、情节和对社会的危害程度，依照《中华人民共和国刑法》第二百七十七条第一款之规定，判决如下：",
  "pjjg": " 被告人谢某犯妨害公务罪，判处有期徒刑八个月。 （刑期从判决执行之日起计算。判决执行以前先行羁押的，羁押一日折抵刑期一日，即自2016年5月24日起至2017年1月23日止。） 如不服本判决，可在接到判决书的第二日起十日内，通过本院或直接向浙江省温州市中级人民法院提出上诉。书面上诉的，应当提交上诉状正本一份、副本二份。",
  "qw": "谢某犯妨害公务罪一审刑事判决书 浙江省瑞安市人民法院 刑事判决书 （2016）浙0381刑初1562号 公诉机关浙江省瑞安市人民检察院。 被告人谢某。因涉嫌犯妨害公务罪，于2016年5月24日被刑事拘留，同年6月7日被逮捕。现羁押于瑞安市看守所。 瑞安市人民检察院以瑞检刑诉［2016］1596号起诉书指控被告人谢某犯妨害公务罪，于2016年7月28日向本院提起公诉。本院于同日以普通程序立案，并依法组成合议庭，同年8月15日公开开庭审理了本案。瑞安市人民检察院指派检察员金亮亮出庭支持公诉，被告人谢某及被害人朱某、黄某乙、郑某乙到庭参加诉讼。现已审理终结。 瑞安市人民检察院指控：2016年5月24日上午，郑某甲因被告人谢某被辞退后拒不离开其位于瑞安市塘下镇××××村的××塑料厂，遂打电话报警。瑞安市公安局××派出所民警朱某接警后，带领协警黄某乙、郑某乙着警服出警至现场。后因劝说无效，朱某依法对被告人谢某进行口头传唤，但被告人谢某拒不配合，并夺走黄某乙的手铐，继而用手铐等将朱某、黄某乙、郑某乙殴打致伤。后被告人谢某被朱某等人制服并带回派出所。经鉴定，被害人朱某、黄某甲、郑某乙的损伤程度均属轻微伤。 对于上述指控，公诉机关提供了相应的证据予以证明，据此认定被告人谢某的行为构成妨害公务罪，提请本院依照《中华人民共和国刑法》第二百七十七条第一款之规定，依法惩处。 被告人谢某辩称，1、其在××塑料厂没有与他人发生纠纷，不需要民警出警，所以民警到达现场，其不知道是警察身份；2、民警让其离开塑料厂，用辣椒水喷其眼睛，用电棍击打其头部受伤，其夺了手铐阻挡电棍，没有打人的故意，在这期间有拿手铐在空中乱舞，因眼睛模糊，不清楚有没有打到人。被告人谢某当庭提交了一份其被抓获当天受伤的照片。 经审理查明，2016年5月24日上午，郑某甲因被告人谢某被辞退后拒不离开其位于瑞安市塘下镇××××村的××塑料厂，遂打电话报警。瑞安市公安局××派出所民警朱某接警后，带领协警黄某乙、郑某乙着警服出警至现场。在劝说被告人谢某离开塑料厂无效后，朱某依法对被告人谢某进行口头传唤，但被告人谢某拒不配合，并夺走黄某乙的手铐，用手铐将朱某、黄某乙、郑某乙殴打致伤。后被告人谢某被朱某等人制服并带回派出所。经鉴定，朱某主要损伤为面部软组织挫伤，左前臂1.3cm创口；黄某乙主要损伤为右手小指一处创，长0.8cm，右手腕、右额部软组织挫伤；郑某乙主要损伤为左颧部软组织挫擦伤，损伤程度均属轻微伤。在制服被告人谢某过程中，民警使用了辣椒水和警械。 上述事实，有公诉机关出示并经法庭质证的证据如下： 1、被告人谢某的供述，供认其在××塑料厂夺取手铐乱舞的事实。 2、被害人朱某、黄某乙、郑某乙的陈述，证实被害人朱某系民警，黄某乙、郑某乙系协警，2016年5月24日接警后，民警朱某带领黄某乙、郑某乙身着警服出警至瑞安市塘下镇××××村的××塑料厂，向谢某亮明身份后进行劝说和依法传唤，被告人不配合，并夺走被害人黄某乙的手铐，继而用手铐将三名出警人员殴打致伤。在谢某殴打证人后，为制服谢某，对其使用了警械。 3、证人郑某甲的证言，证实2016年5月24日，谢某被辞退后拒绝离开工厂，其报警，三名出警人员身着警服到现场，向谢某亮明身份后进行劝说，期间，谢某夺走一出警人员的手铐，用手铐将三名出警人员打伤的事实。 4、伤势照片、法医学人体损伤程度鉴定书，证实三位被害人的伤势均为轻微伤。 5、警员信息单证实出警人员的身份情况。 6、抓获经过，证实被告人归案情况。 7、人口信息，证实被告人的身份情况。 上述证据符合证据“三性”，本院予以确认。 被告人谢某辩解不知道警察在执行公务，经查，被害人朱某、黄某乙、郑某乙均证实到现场出警时身着警服，被害人朱某向被告人谢某表明了警察身份并对被告人谢某进行劝导工作，上述陈述得到证人郑某甲的印证，故被告人的辩解不符合客观事实，不予采信。 本院认为，被告人谢某以暴力方法阻碍国家机关工作人员依法执行职务，其行为已触犯刑律，构成妨害公务罪。公诉机关指控的罪名成立。关于被告人谢某提出的其在被警械伤害的情况下夺取手铐进行防卫，不构成犯罪的辩解，经查，在案的证据显示被告人谢某不配合被害人执行公务，并夺取手铐殴打执行公务中的被害人，被害人在制服过程中使用了警械，是合法的行为，其受伤的情况不能阻却违法的事实，故对其辩解，不予采纳。为严明国法，惩罚犯罪，维护社会管理秩序，根据被告人犯罪的事实、犯罪的性质、情节和对社会的危害程度，依照《中华人民共和国刑法》第二百七十七条第一款之规定，判决如下： 被告人谢某犯妨害公务罪，判处有期徒刑八个月。 （刑期从判决执行之日起计算。判决执行以前先行羁押的，羁押一日折抵刑期一日，即自2016年5月24日起至2017年1月23日止。） 如不服本判决，可在接到判决书的第二日起十日内，通过本院或直接向浙江省温州市中级人民法院提出上诉。书面上诉的，应当提交上诉状正本一份、副本二份。 审判长张丽平 人民陪审员叶玲玲 人民陪审员唐敬英 二〇一六年八月十六日 （代）书记员林炳坤",
  "writId": "03676ebb56322853b5bcc284d93220029f2",
  "writName": "谢某犯妨害公务罪一审刑事判决书",
  "cid": 5575,
  "crime": [
    "妨害公务罪"
  ]
}